:100000006F70804713000000130000001300000011
:100010001300000013000000130000001300000094
:100020001300000013000000130000001300000084
:08003000130000007300100032
:100038000000000000000000C2840000C684000028
:1000480000000000BE730000000000000000000077
:10005800C0730000C2730000000000000000000030
:100068009E0B0000000000000002000000000000DD
:10007800C8730000CA730000CC7300007C3A00000B
:10008800D0730000D2730000D4730000D673000050
:10009800D8730000DA730000DC730000D43200006B
:1000A800A2330000E2730000703400003E35000007
:1000B800E8730000EA730000CA2E0000EE73000027
:1000C800F0730000F2730000F47300004C85000028
:1000D800F8730000FA730000FC730000FE73000060
:1000E800AC860000027400000040000006740000A6
:1000F800087400000A7400000C7400000E740000FC
:100108002E3E000012740000D04600001674000055
:10011800187400001A7400001C7400001E7400009B
:10012800CE400000227400002474000026740000F1
:10013800287400002A7400009C4100002E740000FE
:100148009E470000327400003474000036740000CA
:10015800387400003A7400003C7400003E740000DB
:1001680040740000208600004474000046740000BB
:10017800487400004A7400004C7400004E7400007B
:10018800507400005274000054740000567400004B
:10019800587400005A7400005C7400005E7400001B
:1001A80060740000627400006474000066740000EB
:1001B800687400006A7400006C7400006E740000BB
:1001C800707400007274000074740000767400008B
:1001D8000000000000000000000000000000000017
:1001E8000000000000000000000000000000000007
:0801F8000000000000000000FF
:10020000130181F806C216C41AC61EC822CA26CC1B
:100210002ACE2ED032D236D43AD63ED842DA46DC76
:100220004ADECEC0D2C2D6C4DAC6DEC8E2CAE6CC46
:10023000EACEEED0F2D2F6D4FAD6FED8F3220030CF
:1002400096DA83A2C19823A02200F32510342EC091
:100250009305000273A0458003A1C186EF10703E94
:1002600003A3C19803210300824273901234D65233
:10027000739002309240A2423243C2435244E2445D
:10028000724582551256A2563257C2575258E258FA
:1002900072598649164AA64A364BC64B564CE64C0E
:1002A000764D865D165EA65E365FC65F13018107DA
:1002B0007300203013000000130000001300000042
:1002C00013000000130000001300000013000000E2
:1002D00013000000130000001300000013000000D2
:1002E00013000000130000001300000013000000C2
:1002F00013000000130000001300000013000000B2
:1003000083A2C186938202E07390023403A1C19854
:10031000024182403243C2435244E2447245825514
:100320001256A2563257C2575258E258725986494D
:10033000164AA64A364BC64B564CE64C764D865D61
:10034000165EA65E365FC65FD652A102739002307B
:10035000A2421301810782801300000013000000F5
:100360001300000013000000130000001300000041
:100370001300000013000000130000001300000031
:100380001300000013000000130000001300000021
:100390001300000013000000130000001300000011
:1003A0001300000013000000130000001300000001
:1003B00013000000130000001300000013000000F1
:1003C00013000000130000001300000013000000E1
:1003D00013000000130000001300000013000000D1
:1003E00013000000130000001300000013000000C1
:1003F00013000000130000001300000013000000B1
:10040000F322003093F272FF130380781203B3E2F9
:100410006200711523205500130585FA10C12115BE
:10042000232005009302000063870200711523203A
:100430000500FD12D5BF71150CC1828000000000BF
:1004400000000000000000000000000000000000AC
:10045000000000000000000000000000000000009C
:10046000000000000000000000000000000000008C
:10047000000000000000000000000000000000007C
:10048000000000000000000000000000000000006C
:10049000000000000000000000000000000000005C
:1004A000000000000000000000000000000000004C
:1004B000000000000000000000000000000000003C
:1004C000000000000000000000000000000000002C
:1004D000000000000000000000000000000000001C
:1004E000000000000000397101436EC619A0397187
:1004F00041536AC866CA62CC5ECE19A039710153F5
:100500005AD056D252D44ED64AD826DA22DC06DE4B
:1005100033016140828241114AC026C222C406C60C
:100520008282B24D4101024D924C224CB24B4101AC
:10053000024B924A224AB249410102499244224462
:10054000B240410182803D432A876373C30293779F
:10055000F700BDEFADE5937606FF3D8ABA960CC372
:100560004CC30CC74CC74107E36BD7FE11E2828036
:10057000B306C3408A069702000096966780A600DD
:100580002307B700A306B7002306B700A305B700EB
:100590002305B700A304B7002304B700A303B700E3
:1005A0002303B700A302B7002302B700A301B700DB
:1005B0002301B700A300B7002300B700828093F5A2
:1005C000F50F93968500D58D93960501D58D61B76E
:1005D000939627009702000096968682E78086FA17
:1005E0009680C1171D8F3E96E374C3F8A5B7732597
:1005F00010348280732520348280732530348280C9
:1006000083A7C18237177A0013070720B3D7E70201
:1006100093F7F70F2389F1961307803EB387E7021C
:100620002398F1968280B7F700E0D8438146799B02
:10063000D8C303C721973306A70290CBD4CB9843E6
:100640001367070198C398431367170298C3D843E9
:10065000058B75DF9843799B98C38280B7F700E0DC
:10066000D8438146799BD8C303D701973306A702A5
:1006700090CBD4CB98431367070198C39843136773
:10068000170298C3D843058B75DF9843799B98C3AD
:100690008280EFF25FE82A8411650111854511051A
:1006A000EF600061930700207C82371501408D4781
:1006B0003EC44C00E147130505803EC6EF6040276D
:1006C00022C837440140B70708000C08130504800E
:1006D0003ECC02CA231E0100EF60303C8545130565
:1006E0000480EF605047056189BDEFF23FE1B744F8
:1006F0000140AE893289014493840480634424011B
:100700004A853DB5930500042685EF60B0467DD946
:10071000B38789008385070026850504C205C1814A
:10072000EF60D044E1BF37170020130787A11C43B7
:10073000B7260120938686BD3E95636BD500B786AC
:1007400001209386068063E5A60008C33E8582806B
:10075000FD57EDBFEFF23FDC41111DE1A16793872B
:1007600007807390073037D6010037D50100130694
:10077000866D9305500613050572EFA0C16301A0B5
:10078000F1473EC632476304F702A16793870780AB
:100790007390073037D6010037D501001306866DF8
:1007A0009305D00613050572EFA0E16001A02A842D
:1007B0002320050011054D2485471CAC22854101ED
:1007C000ADBBEFF2BFD31DE1A167938707807390A4
:1007D000073037D6010037D501001306866D930523
:1007E000A01413050572EFA0015D01A0B70900FF79
:1007F000B3F93501AE8463840902A167938707804A
:100800007390073037D6010037D501001306866D87
:100810009305B01413050572EFA0E15901A09DE105
:10082000A167938707807390073037D6010037D5CB
:1008300001001306866D9305C01413050572EFA021
:10084000815701A02A89B28A368B3A8AEF10503339
:100850000DE563040A02A167938707807390073050
:1008600037D6010037D501001306866D9305F014C5
:1008700013050572EFA0215401A0EF10401D0324C1
:100880000900B3F7840063170B029DE78149630CED
:100890000A02B3355001E20563050B00B7070004F7
:1008A000DD8D5286C58D13054900EF10A073D289E6
:1008B000014411A8E39CF4FC63870A0093C7F4FF8A
:1008C000E18F2320F900EF106031638A090211E5FE
:1008D000B7E700E0116723A0E720EF1090379317E8
:1008E00065002A8463CB07008D2E03240900B3F72B
:1008F000840063180B0081EBA52E22042180228541
:1009000005B9E39BF4FEE3890AFE93C4F4FFE18C8E
:1009100023209900D5B7EFF21FC041111DE1A16757
:10092000938707807390073037D6010037D50100D1
:100930001306866D9305101E13050572EFA0A147DF
:1009400001A0B70700FFED8F9DC3A16793870780C4
:100950007390073037D6010037D501001306866D36
:100960009305201E13050572EFA0E14401A02A841F
:100970002EC6E524B245084093C5F5FFE98D0CC0AD
:100980002AC6FD24324541014DBEEFF23FB7411169
:100990001DE1A167938707807390073037D6010068
:1009A00037D501001306866D9305102213050572D5
:1009B000EFA0614001A0370700FF6D8F1DC3A16745
:1009C000938707807390073037D6010037D5010031
:1009D0001306866D9305202213050572EFA0A13D35
:1009E00001A02A842EC69309C500EF1040061C40C2
:1009F000B245084837090001CD8F1CC081447D19DC
:100A0000370A00020C40639BA90093C4F4FFED8CED
:100A100004C0EF10A01C0840410119BE1841832AF0
:100A20004500B377270113165700B3F6B7006345A7
:100A3000060089E65685F9B7E39ED7FE9316770040
:100A400063D30600DD8CB3E54501EF108077DDB799
:100A5000EFF27FAC1D3FD5B4930785007D575CC195
:100A600018C55CC51CC92320050082802328050009
:100A700082805C419847DCC198C598474CC38CC7BD
:100A80001C4188C985071CC182809841FD56930787
:100A90008500631ED7001C49D843D8C10CC79CC52C
:100AA000CCC31C4188C985071CC18280B687D4434A
:100AB0009042E37DC7FECDB7544118451C4998C606
:100AC00054C3D4436393A600D8C398432328050096
:100AD0007D1798C388438280B7E700E0415723879A
:100AE000E7402386E740B7F700E023A0070023A2F2
:100AF0000700814694C70147D8C783A5C182130761
:100B0000803E814633D6E5023D4790CBD4CB98C397
:100B10008280EFF25FA0411102C6F32750303EC63B
:100B2000B2470D478D8B6384E702A16793870780E7
:100B30007390073037D6010037D50100130646748D
:100B40009305600B13050572EFA0E12601A0B7879E
:100B5000012093870700BD8B9DC3A1679387078002
:100B60007390073037D6010037D50100130646745D
:100B70009305B00B13050572EFA0E12301A0A93F77
:100B8000B7E700E0056723A0E710116723A0E7108F
:100B900023A20180EFF0CFF60145410179BA197126
:100BA00082FE86FC8AFA8EF892F696F49AF29EF00D
:100BB000A2EEA6ECAAEAAEE8B2E6B6E4BAE2BEE07D
:100BC00042FE46FC4AFA4EF852F656F45AF25EF0ED
:100BD00062EE66EC6AEA6EE872E676E47AE27EE05D
:100BE00073110134A1679387078073900730B7F7BB
:100BF00000E023A20700EF00B06611C5B7E700E0F0
:100C0000116723A0E720A167938787887390073037
:100C1000731101347670E6705671C6713672A67221
:100C2000167386737664E6645665C6653666A66690
:100C3000166786677278E2785279C279327AA27A38
:100C4000127B827B726CE26C526DC26D326EA26E50
:100C5000126F826F096173002030A167938707804C
:100C600073900730938741809843050798C382802B
:100C7000138741801C438DE7EFF2FF89A1679387BB
:100C800007807390073037D6010037D5010013066F
:100C900046749305201013050572EFA0C11101A041
:100CA000FD171CC391E7A16793878788739007306E
:100CB00082802165130505807315053082807310CD
:100CC00005308280938741989843636DA702D04393
:100CD000B386C7006316D50054413E85B296D4C38F
:100CE0005041B306C500631AD70083A64197630637
:100CF000D70054431843B29654C118C16303F5009A
:100D000088C38280BA87C9B741CDEFF2DF8003275D
:100D100045FF83A781972A84B376F7009DE2A167F8
:100D2000938707807390073037D6010037D50100CD
:100D3000130686799305401213050572EFA0A107EB
:100D400001A0832605FF9DC2A1679387078073904A
:100D5000073037D6010037D5010013068679930591
:100D6000501213050572EFA0010501A093C7F7FF0C
:100D7000F98F232AF5FEEF00904D9387C197944396
:100D8000032744FF130504FF369798C3253F938735
:100D900001989843050798C3EF0050646FF0EFF98E
:100DA0008280EFF24FF741112AC6453D3245005D82
:100DB000C1351335140041016FF02FF8EFF2AFF594
:100DC00032893041045D2A8409EE1C41014591E7D6
:100DD0000844EF10205C23240400850404DC6FF039
:100DE000CFF5631009024841EF9081215C40384003
:100DF0000145BA9718445CC0E3E1E7FE1C405CC0C3
:100E0000E9BF4845EF90C11F3C4058441440B30728
:100E1000F0403E9758C46375D7001844BA975CC435
:100E200089470145E31BF9FACDD8FD147DB7304160
:100E300015C2EFF24FEE58451445AA87329758C5B0
:100E40006364D700184158C52E85CC47EF90411BED
:100E50006FF0AFEE8280EFF20FEC2A84FD3B83440B
:100E6000540413094402E204E18463459002FD57EF
:100E7000A302F404F53BD53383444404130904016D
:100E8000E204E18463449002FD572302F404CD336D
:100E90006FF0AFEA5C50E1DF4A85EF10402519C1E1
:100EA000EF10204DFD14E204E184C1B71C48E9DFD6
:100EB0004A85EF10C02319C1EF10A04BFD14E204C6
:100EC000E184C9B7EFF22FE541111DE1A1679387D6
:100ED00007807390073037D6010037D5010013061D
:100EE000867E9305001113050572EF90D16C01A069
:100EF0005C5D2EC62A84BDC33841B3B7E702B9EFA3
:100F0000A93B3040585C1440232C0402B307E6028E
:100F1000B24554C03387F600918FB6975CC4FD5735
:100F20002302F40418C4A302F40495E11C4899CBED
:100F300013050401EF10A01B11C5B7E700E011670E
:100F400023A0E7203533054541016FF00FDF13057E
:100F500004011936130544020136EDB7A1679387E2
:100F600007807390073037D6010037D5010013068C
:100F7000867E9305501413050572EF90D16301A08E
:100F8000EFF26FD901119DE2A167938707807390FB
:100F9000073037D6010037D501001306867E93054A
:100FA000901513050572EF90116101A019C105C6D6
:100FB00085E5A167938707807390073037D60100D6
:100FC00037D501001306867E930520181305057298
:100FD000EF90715E01A0F1FD930780043ECE724751
:100FE0006304F702A167938707807390073037D6B1
:100FF000010037D501001306867E9305B016130550
:101000000572EF90515B01A0F24785472383F604F8
:1010100091E1368690C2C8DEACC23685854536C6BB
:101020005535B246056136856FF02FD1EFF22FCCE2
:10103000011132C61DE1A1679387078073900730C5
:1010400037D6010037D501001306867E9305E032BE
:1010500013050572EF90315601A02A842E89B684BB
:101060008DE53C419DC3A16793870780739007304E
:1010700037D6010037D501001306867E9305F0327E
:1010800013050572EF90315301A089476398F4026C
:10109000585C85476304F702A167938707807390C4
:1010A000073037D6010037D501001306867E930539
:1010B000003313050572EF90115001A0EF10402C82
:1010C00015E5B247014C85C7A167938707807390E8
:1010D000073037D6010037D501001306867E930509
:1010E000303313050572EF90114D01A0014C094BEF
:1010F000FD59930B040137EA00E0916AADA0B247B5
:1011000081E7BD36014549A863150C002808EF109A
:10111000A019B93EEF00B013893683474404E207B3
:10112000E187639437012302040483475404E207F0
:10113000E18763943701A30204041D3E6C00280874
:10114000EF10601735E5113E185C5C5C6319F7041D
:101150000536B2455E85EF00B0642285ED39EF00BB
:10116000F02721C5054CD53C185C5C5C6364F70036
:10117000E39764F92686CA85228589315C5089C740
:1011800013054402EF00B07611C5B7E700E0116720
:1011900023A0E720F13C054505616FF0CFB8C93CBD
:1011A00022855539EF00902375BF23205A215DBF5A
:1011B00022855531EF009022B1B7EFF22FB44111E3
:1011C0001DE1A167938707807390073037D6010030
:1011D00037D501001306867E93052040130505725E
:1011E000EF90713D01A02A84B2898DE53C419DC3F9
:1011F000A167938707807390073037D6010037D5F2
:1012000001001306867E9305304013050572EF90AA
:10121000913A01A089476398F602585C85476304B8
:10122000F702A167938707807390073037D60100D4
:1012300037D501001306867E9305404013050572DD
:10124000EF90713701A036C62EC4EFF09FA6185C50
:101250005C5C2A8AA245B2466366F70089478144EE
:101260006392F602834454041C5C368622851399EB
:101270008401A93613598941FD576317F9025C505F
:1012800089EB85445285EFF09FA3268541016FF0DD
:101290002FAA13054402EF00906565D5E38309FE8C
:1012A000854723A0F900F1BF9307F0076314F90203
:1012B000A167938707807390073037D6010037D531
:1012C00001001306867E9305D04813050572EF9042
:1012D000912E01A08504E204E184A302940455B791
:1012E000EFF2EFA0011132C61DE1A16793870780DD
:1012F0007390073037D6010037D501001306867E7C
:101300009305105513050572EF90F12A01A02A8468
:10131000AE898DE53C419DC3A1679387078073909B
:10132000073037D6010037D501001306867E9305B6
:10133000505513050572EF90112801A0EF104004DD
:1013400015E5B247014985C7A16793870780739068
:10135000073037D6010037D501001306867E930586
:10136000A05513050572EF90112501A001497D5A82
:10137000930A440237EB00E0916B95A8B24789E7E6
:10138000EFF01F8F014569A8631509002808EF00D9
:10139000B071EFF0FF8DEF00806BEFF01F8C834793
:1013A0004404E207E187639447012302040483476E
:1013B0005404E207E18763944701A3020404EFF0B9
:1013C0003F8B6C002808EF00106F25E52285EFF0B9
:1013D0005F9D31C9B2455685EF00903C2285EFF004
:1013E0009FA7EF00A07F19E123207B210549EFF0A3
:1013F000DF86045CC1D4CE852285FD14EFF03FA3C7
:1014000004DC1C4899CB13050401EF00504E11C5B4
:10141000B7E700E0116723A0E720EFF07F850545DF
:1014200005616FF04F902285EFF0FFA2EF00007B87
:1014300075BF2285EFF03FA2EF00407A2285EFF0E2
:101440005F964DD581B7EFF20F8D41111DE1A16778
:10145000938707807390073037D6010037D5010096
:101460001306867E9305307E13050572EF90B11446
:1014700001A02AC6EFF06FFE3245085D2AC6EFF0E4
:101480002FFF324541016FF04F8B15E5EFF2AF882A
:10149000A167938707807390073037D60100856571
:1014A00037D501001306867E938585AC130505723A
:1014B000EF90711001A08DCD9386C1C78147014780
:1014C0001386C1C7214883A846006398A8009317D4
:1014D0003700B2978CC3C8C321A891E783A8060040
:1014E00063930800B6870507A106E31E07FDFDF319
:1014F0008280EFF24F8241112A842EC632C4EFF06F
:10150000CFF5834744047D572246E207E187B24581
:101510006394E70023020404834754047D57E207E1
:10152000E1876394E700A302040432C62EC4EFF0FF
:101530002FF41C5CA245324689E713054402EF00F4
:10154000F0332285EFF03F9141016FE01FFFEFE2A2
:10155000FFFA2A84EFF06FF093878199984305078B
:1015600098C31387C19818439384C1981389C1CB3A
:1015700055EB80C0984385476318F7049389C1CB26
:10158000130AC9124E85D109EFF00FCDE31C3AFFC3
:10159000138A81DE138581DEEFF00FCC9389C1DFE2
:1015A0001385C1DFEFF04FCB138501E1EFF0CFCA18
:1015B000138581E3EFF04FCA138541E2EFF0CFC905
:1015C00023A8419923AA31999387419A9843050703
:1015D00098C31387819A5C54144363F3F6001CC3C9
:1015E0005147B387E702CA97D843144718C454C475
:1015F00010479306440054C214C798435CC80507BB
:1016000098C3EFF0EFE683A7819B99CB9C40D85716
:101610005C546377F700B7E700E0116723A0E72089
:101620006FE01FF183A7819BC5F39C40D8575C54A2
:10163000E3ECE7F880C049BF138701991C4394434A
:101640009387C19A81E67D5798C382801843584793
:101650001843DDBF0DE5EFE21FECA167938707801C
:101660007390073037E6010037D501001306068571
:101670009305707213050572EF90E17301A0544950
:10168000138741E2AA8701456399E600985793873B
:1016900001E16304F700133517008280EFE21FE6D3
:1016A0004111AA89B284428403290803B1C50146C5
:1016B00041483385C50003050500B308C400238AEB
:1016C000A80201C50506E31606FFA3010404394676
:1016D0006377E602A167938707807390073037E648
:1016E000010037D5010013060685930570391305EF
:1016F0000572EF90416C01A0230A0802C9BF58D4BB
:1017000078C013054400232404043EC636C43AC2FC
:10171000EFF0CFB513058401EFF04FB512473D460A
:1017200081453307E64018CC314600C840D0130548
:10173000C404EFE05FE1A2461395240071154A95B9
:10174000230C0404A30C0404230D0404230E04043A
:101750003686CE854199EFE0BFCAB24708C091C333
:1017600080C341016FE0DFDCEFE2FFDA8347B505BC
:1017700091EB2A840859EFF02FD92285EFF0CFD8CA
:101780006FE0BFDB0547E38BE7FE0947E38AE7FE2F
:10179000A167938707807390073037E6010085655E
:1017A00037D50100130606859385C5F91305057223
:1017B000EF90616001A0EFE27FD4138481E3938412
:1017C000C1999C40EDDFEFF04FC95C4403A9C7000D
:1017D00013054900EFF04FAE138781991C43FD17A5
:1017E0001CC39C40FD179CC0EFF08FC84A85AD3FDD
:1017F000F9B7EFE2BFD09384C19883A9C19B2A8433
:101800009C4088404111238E070411052EC6EFF03D
:10181000AFAA7D579387C198B245631AE40285C980
:10182000938741E29440D84398C610479440D0C66D
:1018300094401047910654C29440910614C79840B2
:101840005CCB9843050798C341016FE07FCE984376
:101850004E9440C36379340103A541998C439105AB
:10186000EFF0AFA2D5B703A501998C439105EFF036
:10187000CFA19387C19A9843E378E4FC80C3E9B78A
:10188000EFE27FC941119DE3A167938707807390C1
:10189000073037E6010037D50100130606859305AA
:1018A000A02413050572EF90015101A04284631436
:1018B0000802A167938707807390073037E601001D
:1018C00037D50100130606859305B024130505726C
:1018D000EF90614E01A09308000646C632436304B0
:1018E0001303A167938707807390073037E60100E1
:1018F00037D50100130606859305302513050572BB
:10190000EF90614B01A0B2482328F8028947A30D4C
:10191000F8043C0061332285EFF07FC3224541018A
:101920006FE0BFC1EFE23FBF1DE1A1679387078072
:101930007390073037E6010037D50100130606859E
:101940009305107513050572EF90E14601A093878A
:10195000C1989C432A849384C1986381A706EFF0C1
:10196000CFAF2285C53929C9130944004A85EFF054
:10197000AF949387819A5854944363F3E60098C3D5
:10198000D147B306F7029387C1CBB697D4439046AD
:1019900014C450C490462322260123A42601944354
:1019A0005CC8850694C39C40DC576367F700B7E7C3
:1019B00000E0116723A0E720EFF08FAB6FE0FFB7E7
:1019C000EFE27FB5411170002C00480002C202C452
:1019D000EFB0D0491248A2473246B7E501003715AB
:1019E000000001478146938505891305657B493DC4
:1019F00005C5EF10A03885476315F502A1679387E9
:101A00000780739007307D5723A6E19A23ACA19AF3
:101A100023AE019AEFF0EF8F83A7818041016FE041
:101A2000DFB1FD57E31AF5FEA16793870780739036
:101A3000073037E60100856537D5010013060685B6
:101A40009385058413050572EF90E13601A0938715
:101A5000019A9843050798C3828003A5C19B8280A1
:101A600083A7019A63950716EFE2FFAA9387C19BAC
:101A70008043050480C331E4938701999843184358
:101A800005C7A167938707807390073037E6010089
:101A9000856537D5010013060685938575AC13055A
:101AA0000572EF90413101A013874199944310438F
:101AB00090C314C39387019B9843050798C3EFF025
:101AC000BFB79387C19A9C431386C19A1387C1CB32
:101AD0009385C19801456373F4029C41D146DC575C
:101AE000B387D7023E971843854763F3E700054560
:101AF00083A7019C91C305456FE03FA4514F938795
:101B000001999443944281E6FD571CC2F9B79C4366
:101B1000DC47DC47D4436374D40014C27DBF83A880
:101B2000870003A8C700D44B1383470023A40801F0
:101B30002322180183A846006394680023A20601AB
:101B400003A8060023AA07007D1823A006019457C6
:101B500095CA03A8C70183A8070283AF46002324C0
:101B6000180183A8070223A2080113888701639440
:101B70000F0123A2160103A8060023A407027D1863
:101B800023A006019386819A03A8C70283A80600B2
:101B900063F4080123A00601B306E803BA9683A8FC
:101BA000460083AF880023A4170123A6F70183AF63
:101BB000880023A26F0023A46800D4CB9C42850731
:101BC0009CC29C41DC57E36CF8F205450DBF93873E
:101BD000419B98430145050798C38280EFE21F921D
:101BE0001384019A1C40411185E7A1679387078000
:101BF0007390073037E60100856537D5010013067D
:101C000006859385358B13050572EF90C11A01A0E7
:101C1000EFF0AF841C40FD171CC01C4089CB014570
:101C20002AC6EFF0EF84324541016FE07F9083A731
:101C30008199F5D78147938601E11385C1CBD148BE
:101C4000854E59A8DC46DC47CC4F9053985790C539
:101C500003A807022322B8000328470093858701C1
:101C60006313B80050C3104323A407027D1610C3AA
:101C70008C47D047D84B1388470090C54CC24C4383
:101C80006393050150C3104323AA07007D1610C3B8
:101C90001387819AD0570C4363F3C50010C33307F1
:101CA00016032A974C4383AF85008CC723A6F70100
:101CB00083AF850023A20F0123A405010C43D8CBD9
:101CC00085050CC31387C198184358576366E6000F
:101CD0001387019C2320D70198422DF799C3EFF079
:101CE000BF951387419B04431384419B81CC854955
:101CF000853B09C59387019C23A03701FD14EDF8AE
:101D00002320040083A7019CE38B07F0B7E700E0E2
:101D1000116723A0E720054521B7EFE2CFFF41116E
:101D20001DE1A167938707807390073037E60100B4
:101D300037D50100130606859305104F130505726C
:101D4000EF90610701A09DE1A167938707807390E1
:101D5000073037E6010037D50100130606859305E5
:101D6000204F13050572EF90010501A083A7019A8A
:101D70009DC3A167938707807390073037E6010002
:101D800037D50100130606859305304F13050572FC
:101D9000EF90610201A02A842EC6EFF05FCB1840BD
:101DA000B24503A5C19BB307B7001CC06370E50231
:101DB00063E0E70201441D3511E5B7E700E0116774
:101DC00023A0E720228541016FE02FF763E4E700BD
:101DD000E372F5FE81453385A740EFF09FA10544EE
:101DE000D9BF19E5B7E700E0116723A0E72082809B
:101DF000EFE26FF283A7019A41119DC3A167938718
:101E000007807390073037E6010037D501001306CD
:101E100006859305905413050572EF80D17901A0D2
:101E20002AC6EFF0DFC232458145EFF09F9C7D333B
:101E300011E5B7E700E0116723A0E72041016FE05B
:101E4000CFEF03A7019A9387019C01C7054798C369
:101E5000828023A007001387819A18431386819AF2
:101E60009387C1CB5148B3060703B385D700884198
:101E700005C5C841A106BE964841C8C16314D50036
:101E80005441D4C1D146B306D702B697DC43D447F8
:101E900023A6D19818C2828015E7EFE2CFE7A167A9
:101EA000938707807390073037E60100856537D543
:101EB000010013060685938525C013050572EF8082
:101EC000916F01A07D1745B7EFE24FE32A84EFE061
:101ED000DFD89389C19819E003A4090013094400CD
:101EE0004A85EFE07FBD1C5489C713058401EFE0EC
:101EF000BFBCCA85138541E2EFE0BFB783478405C5
:101F0000054726896314F700230C040483479405CE
:101F100005476314F700A30C04048347A405054791
:101F20006314F700230D0404EFE09FD41387819B13
:101F300018439384819B19C7EFE03FD2EFF0CFEFB6
:101F4000EFE01FD383A70900639E87029C408DCFDB
:101F500083A7019A9DC3A167938707807390073079
:101F600037E6010037D50100130606859305D06FCB
:101F700013050572EF80316401A0B7E700E0116737
:101F800023A0E7206FE0CFDA938741E2984383A74D
:101F900081996315F70023A00900EDB75D35DDB722
:101FA000EFE26FD705E5A16793870780739007304D
:101FB00037E60100856537D5010013060685938550
:101FC000C5C113050572EF80115F01A02E8483A5A2
:101FD000C198E105EFE07FAB85452285EFF07F8179
:101FE0006FE0AFD5EFE22FD305E5A16793870780B8
:101FF0007390073037E60100856537D50100130679
:102000000685938565C313050572EF80D15A01A03B
:1020100083A7019A85E7A1679387078073900730AC
:1020200037E60100856537D50100130606859385DF
:10203000A5C313050572EF80115801A09387C198BD
:1020400094432A8737050080C98D8CCE54438C4336
:102050008846D4CD8C4388D18C438846E1054CC159
:102060008C439C433285E1058CC698D71C4385453B
:1020700085071CC3EFF0EFF76FE02FCCEFE2AFC99D
:102080002A8705E5A167938707807390073037E6B5
:102090000100856537D5010013060685938525C5A2
:1020A00013050572EF80315101A09387C198544305
:1020B0002E858C4303A88600D4CD8C4323A0050332
:1020C00003A807008C46610823A2050103A80700A6
:1020D0009C43610823A4060198D71C4385071CC3B1
:1020E00011C27D55B285EFF0CFF06FE00FC55C45B2
:1020F000DC4795E7EFE22FC2A167938707807390D3
:10210000073037E60100856537D5010013060685DF
:10211000938525C813050572EF80F14901A0D04FC2
:10212000945398579385870114C6D0C250436313C4
:10213000B60054C3144323A40702FD1614C303A717
:10214000019AD45725E78C47D047D84B90C5D04744
:1021500048434CC2938547006313B50050C31043F6
:1021600023AA07007D1610C31387819A1043637357
:10217000D60014C351473386E6021387C1CB32978A
:102180005043084690C7C8C708464CC10CC6D8CBB8
:102190001C43014585071CC383A7C198DC5763F620
:1021A000D700054723A0E19C05458280138701E104
:1021B00050430846D0CF88D308464CC10CC698D7A8
:1021C000C1BFEFE24FB583A7019A85E7A167938767
:1021D00007807390073037E60100856537D5010029
:1021E000130606859385A5CB13050572EF80B13CD8
:1021F00001A0B7070080DD8D5C450CC185E7A167B4
:10220000938707807390073037E60100856537D5DF
:10221000010013060685938525CC13050572EF8012
:10222000913901A050411445184914C61445D0C233
:1022300050436313A60054C314432328050090475A
:10224000FD1614C3D447D84B9385470014C6D44712
:10225000D0C250436313B60054C3144323AA0700EB
:10226000FD1614C31387819AD45710436373D600A5
:1022700014C351473386E6021387C1CB32975043CC
:10228000084690C7C8C708464CC10CC6D8CB1C43EB
:1022900085071CC383A7C198DC5763F5D7000547A2
:1022A00023A0E19C6FE06FA983A7019B1CC183A7BA
:1022B000C19B5CC18280EFE20FA6411105E5A167D9
:1022C000938707807390073037E60100856537D51F
:1022D0000100130606859385D5CF13050572EF809F
:1022E000912D01A085E5A167938707807390073042
:1022F00037E60100856537D501001306068593850D
:10230000E5CF13050572EF80112B01A02EC62AC45C
:10231000EFE0BF941387C19883A6C19B1C4322455D
:10232000B24583C7C70599CB1C43238E07040544D8
:10233000EFE01F94228541016FE02FA09C417D5763
:102340000144E387E7FE03A6019B032805005841EB
:102350006307C80063E5E60023A00500C9BF338614
:10236000E640E37BF6FE958FBA979CC1353F01446A
:10237000C1B7054723A0E19C828003A5C198828054
:1023800083A7819B054591C703A5019A13351500C5
:102390000605828011E50145828001456FE0EF99D5
:1023A000EFE26F9783A7C1982A846385A702A1678C
:1023B000938707807390073037E60100856537D52E
:1023C0000100130606859385F50413050572EF8059
:1023D000911E01A0BC4785E7A16793870780739092
:1023E000073037E60100856537D5010013060685FD
:1023F0009385050513050572EF80F11B01A0545567
:102400007841FD173CC5E38AE6F8C1FB930445001B
:102410002685EFE06FEA7C403D471D8F18CC13877F
:10242000819A14435CD463F3F6001CC3514733878D
:10243000E7029387C1CB0545BA97D843144718C420
:1024400054C41447C4C204C798435CC8050798C362
:10245000B1B79387C19898439443084FD456984393
:10246000BD47958F1CCF8280EFE24F89894741118C
:1024700063F5A702A167938707807390073037E65B
:102480000100856537D5010013060685938565260D
:1024900013050572EF80311201A02A89AE8932C678
:1024A000EFE0AFFB9387C1989C4393040901139716
:1024B0002400BA97DC471384C1988DE31C40324650
:1024C0000547CA97238CE70411CA85453285EFF08A
:1024D0004FB2B7E700E0116723A0E720EFE04FF924
:1024E000EFE0AFF71840939724003E97484719C58F
:1024F000184063800902BA9723A607001C402AC629
:102500003E99230C0904EFE0AFF6324541016FE03C
:102510002F829306F5FFBA97D4C7CDB7EFD21FFE2F
:10252000094A41116375AA02A167938707807390D6
:10253000073037E60100856537D5010013060685AB
:102540009385052B13050572EF80F10601A0AA847F
:102550003289B6893AC62EC4EFE02FF09387C1982E
:102560009C431384C198A69783C78705630CFA021E
:102570001C4093962400A245B697F44793C5F5FFF7
:102580003247F58DECC71C408546A697238CD704AF
:1025900011CB3A858545EFF0CFA5B7E700E011678D
:1025A00023A0E720EFE0CFECEFE02FEB638A0900F8
:1025B0001C40138704010A07BA97DC4723A0F900DF
:1025C0001C4009470145A69783C78705631EF7008E
:1025D0001C40139724001349F9FFBA97F8470545A3
:1025E0003379E90023A627051C402AC4BE94238C16
:1025F0000404EFE0EFE7224541016FD07FF3EFD213
:102600009FF18947011163F5B702A167938707809E
:102610007390073037E60100856537D50100130652
:1026200006859385853013050572EF80C17801A07A
:1026300005E5A167938707807390073037E60100AF
:10264000856537D5010013060685938595301305FA
:102650000572EF80417601A03ACE36CC32CA2EC840
:102660002AC6EFE08FDF72473245C2455246E24646
:1026700019C7938705018A07AA97DC471CC333074C
:10268000B500834787050948230C0705114793F7D1
:10269000F70F6367D7047967130787828A06BA96AC
:1026A000984202878A05AA95F845598EF0C50547D4
:1026B000638EE70405452AC6EFE08FDB32450561EE
:1026C0006FD0BFE78A05AA95F8450507F8C5C5B7D5
:1026D00009476386E70CC1058A05AA95D0C5C1BF25
:1026E00003A7C19B69D7A1679387078073900730C1
:1026F00037E60100856537D5010013060685938509
:10270000E53313050572EF80016B01A014455845B0
:102710005C491306450098C6584554C3D443639397
:10272000C600D8C39843232A05007D1798C3938712
:10273000819A5855944363F3E60098C3D147B30692
:10274000F7029387C1CBB697D4438C4614C54CC5CA
:102750008C46D0C190C694435CC9850694C31C5571
:1027600085C7A167938707807390073037E601001C
:10277000856537D50100130606859385D534130585
:102780000572EF80416301A083A7C198DC57E3F392
:10279000E7F2B7E700E0116723A0E72021BF01457A
:1027A00019BFEFD25FD7011105E5A16793870780B5
:1027B0007390073037E60100856537D501001306B1
:1027C00006859385553813050572EF80C15E01A01B
:1027D0002A8409456375B502A167938707807390C2
:1027E000073037E60100856537D5010013060685F9
:1027F0009385653813050572EF80E15B01A03ECE3D
:102800003ACC36CA32C82EC6EFE0AFCA6247B245EC
:102810004246D246F24709CB138805010A0822989E
:102820000328C800232007013308B40003478805A4
:102830008948230C180511481377F70F6366D804ED
:1028400079688A061308C883C296944282868A05EC
:10285000A295F445558EF0C58546630DD704054411
:10286000EFE0EFC5228505616FD03FCD8A05A295C7
:10287000F4458506F4C5CDB78946630ED70EC1056C
:102880008A05A295D0C5C9BF83A6C19BF1D6A16711
:10289000938707807390073037E60100856537D549
:1028A0000100130606859385D53C13050572EF805C
:1028B000815001A0185405C7A167938707807390C2
:1028C000073037E60100856537D501001306068518
:1028D0009385853D13050572EF80E14D01A003A7A7
:1028E000019A505435EB0C445444584894C5544410
:1028F00003284700CCC2930544006313B80054C3B7
:102900001443232A0400FD1614C31387819A144329
:1029100063F3C60010C35147B306E6021387C1CB69
:102920003697544303A8860014C42326040103A841
:1029300086002322B8008CC658C81443850614C3E9
:1029400003A7C1985857E37CC7F099C3054798C3BC
:10295000054723A0E19C21B7138701E154438C462E
:1029600054CC0CD003A88600930584012322B80020
:102970008CC618D4D9B70144E5B5EFD2DFB94111FF
:1029800005E5A167938707807390073037E601005C
:10299000856537D50100130606859385C540130567
:1029A0000572EF80414101A0894463F5B402A1673B
:1029B000938707807390073037E60100856537D528
:1029C0000100130606859385D54013050572EF8037
:1029D000813E01A02A842EC432C6EFE08FADA2450D
:1029E000B307B4008A0503C78705A295238C970413
:1029F000FC458507FCC585476394E70A1C543246AD
:102A000085C7A167938707807390073037E6010079
:102A1000856537D501001306068593853543130573
:102A20000572EF80413901A083A7019A5854B5EF90
:102A30000C4454445C4894C5544403A84700CCC299
:102A4000930544006313B800D4C39443232A0400BD
:102A5000FD1694C39387819A944363F3E60098C369
:102A6000D147B306F7029387C1CBB697D44303A8E7
:102A7000860014C42326040103A886002322B8007C
:102A80008CC65CC89443850694C383A7C198DC5761
:102A900063F8E70019C285471CC2054723A0E19CE3
:102AA000EFE0EFA141016FD05FA9938701E1D4432B
:102AB0008C4654CC0CD003A88600930584012322B5
:102AC000B8008CC61CD47DBFEFD2FFA4EFE0EF9816
:102AD0001384019D1C40B1E31389C1E81385C1E84B
:102AE000EFD09FF7938401EA138501EAEFD0DFF678
:102AF00023A2219D0147938641EB1386C1E4C14582
:102B0000114523A4919CEFE0AFC708C019C5B7E5F4
:102B100001009385C58BEFE05F97EFE06F956FD075
:102B2000DFA1EFD25F9F4CC108C9AA876360B602DC
:102B3000184D158E05456379E6009385470003A57A
:102B4000819CEFD09FF401456FD03F9F6375D60005
:102B50000545E3FBD5FE9385470003A5419CD5B70A
:102B6000EFD27F9B2A84AE8432890C4CA6864A869B
:102B7000A6952285EFF0FFFA19E16FD01F9C1C4C3F
:102B80002285BE941C508297CDB7EFD2DF9883A7E1
:102B9000419C4111AA84DC472EC6C047130544005E
:102BA000EFD09FF183474402324613F7470019CB19
:102BB000A6852285EFF0DFFA1C502285829741011D
:102BC0006FD0BF97F99B2302F402FDB7EFD2BF94F9
:102BD0009386419C98421C4381EB9387819C904350
:102BE00098C390C26FD07F955C47FD558843EFF046
:102BF000DFF9F9BFEFD2BF8F7969411113098989D4
:102C000083A7419C984329CBDC47814C03AC070048
:102C1000EFE0FFE3EFE07FE483A7C19C2A84938485
:102C2000C19C138A019D636CF50288C063800C040B
:102C300083A7819C90431336160003250A00B30531
:102C40008C40EFE01F8BEFE07FF919EDB7E700E074
:102C5000116723A0E72009A8854C014C55BFEFF070
:102C6000FFF680C0EFE09FF7214C0DA00146E36620
:102C700085FDEFE0BFF6A2856285EFF01FF1EDB7AD
:102C80009247B2458297824763DD070003250A0019
:102C900001468A85EFE0CFE425D582472245E3C18E
:102CA00007FE22445C489DE3EFE03FDB9C40AA8C9A
:102CB0006374F500EFF09FF1824723A09401FD17A4
:102CC000E366FCFC8A07CA979C438287130544008D
:102CD000EFD09FDED1BF834744020C4C924693E76E
:102CE00017002302F4026686B6952285EFF07FE393
:102CF00051DD8347440213F7470001CF1C4C924536
:102D000066862285BE95EFF0BFE51C50228582972E
:102D1000B5BFF99B2302F402CDBF83474402F99B60
:102D20002302F402A5B783474402924593E71700B4
:102D30002302F4020CCC9DE1A16793870780739076
:102D4000073037E6010037D501001306468C93059E
:102D5000903513050572EF80010601A0E6866686B0
:102D6000E6952285EFF0FFDB15B78347440213F7A2
:102D7000270055F72285EFD03FF909BFEFD2AFF911
:102D80004111EFF07FD483A7019D95CB70002C00FB
:102D9000480002C202C4EFA0300FA24712483246D8
:102DA000B7E50100373500003947814693854590E6
:102DB000130545BFEFE0DFAC23AAA19C1DE1A1678D
:102DC000938707807390073037E6010037D50100FD
:102DD0001306468C9305901113050572EF70B17DB3
:102DE00001A0054541016FD04FF5EFD2CFF241115F
:102DF000B68732C63E862AC203A5019D79572EC4E6
:102E000081468A853AC0EFE04FBB41016FD0EFF2B7
:102E1000EFD26FF005E5B7170240984F1367072010
:102E200098CFD84713670720D8C7D8471377F7DF5D
:102E3000D8C73165EF30F04A6FD02FF08547E31ADD
:102E4000F5FEB7170240984F1367074098CFD84751
:102E500013670740D8C7D8471377F7BFD1BFEFD262
:102E60008FEB1317250093870187BA9780433707A5
:102E700000FC7D171C44AA8493E717001CC45C4027
:102E8000F98F5CC01C4493E787001CC42285EF3097
:102E9000004B6DFD1C4493E747001CC42285EF30B6
:102EA000804A6DFD2285EF30405B86049387019E4A
:102EB000A6978AA36FD06FE80A0593870187AA9720
:102EC0009C43E84742054181828031712AD73725EA
:102ED00001402ED506DF16DD1ADB1ED932D336D1DE
:102EE0003ACF3ECD42CB46C972C776C57AC37EC1C2
:102EF00082FE86FC8AFA8EF892F696F49AF29EF09A
:102F0000A2EEA6ECAAEAAEE8B2E6B6E4BAE2BEE009
:102F1000930500221305054042FE46FC4AFA4EF88E
:102F200052F656F45AF25EF062EE66EC6AEA6EE829
:102F300072E676E47AE27EE0EF30605001C583A766
:102F4000819D829737350140930500221305058046
:102F5000EF30E04E01C583A7C19D8297FA50EA5237
:102F60005A53CA533A55AA551A568A567A47EA47C7
:102F70005A48CA483A4EAA4E1A4F8A4F7670E6709F
:102F80005671C6713672A672167386737664E664DD
:102F90005665C6653666A666166786677278E278F5
:102FA0005279C279327AA27A127B827B726CE26C9D
:102FB000526DC26D326EA26E126F826F2961730004
:102FC000203006059387019EAA9783970700014545
:102FD000AE9763C0070291CD85661387F6FF3A85E9
:102FE00063D9D7002E856386E500139507014181DB
:102FF00082808280EFD28FD00111AA842E8AB28A79
:103000008145130600020A85B689EFD0CFD3268505
:10301000EFF01FE085473EC2139724009387018796
:10302000BA9780438A8502C0228502C44EC602C870
:10303000230A410102CC02CE7969EF308029814711
:103040001309C99063954703B7070E00638FF90210
:103050001C4437071000D98F1CC41C44268593E7F5
:1030600007101CC4EFF0BFDF05616FD06FCC138B6E
:103070001700D6979C2389461376FB0FCA978C239B
:103080002285EF30402EDA8775BF1C443707F0FFEA
:103090007D17F98FD1B7EFD26FC67971AA842E8AC6
:1030A0003289B6893AC6EFF0BFD63247139424006E
:1030B0001386819D229618C28145130600020808D6
:1030C000EFD06FC885472302F10293870187A2974B
:1030D000804352CEB7070E00630DFA021C44370737
:1030E0001000D98F1CC40C082285EF30801E4E863C
:1030F000CA8513052002EF007006054693050022DD
:103100002285EF3060222685EFF07FD545616FD0B4
:103110002FC21C443707F0FF7D17F98FE1B7EFD2BC
:103120008FBF2A8437050020EF00C07F1C408145F7
:103130000145139727009387C180BA979443184499
:103140005C40D98F5844D98F1848D98FB397D7008E
:10315000377700402320F740032607408547B39781
:10316000D700D18F2320F740EF3040486FD0EFBC1D
:10317000EFD26FBA131425000945411133158500AC
:10318000EF30204F8547631DF5009387C1EFA2976D
:103190009C432AC68297324533158500EF30204E76
:1031A00041016FD08FB9B70700200A059387070048
:1031B000AA979443416779179C42F98F9CC28280F9
:1031C000EFD2CFB304413D49994741112A84AE89DA
:1031D0003319990063E2970A371702405C4B93E773
:1031E00017005CCB370702405C4333E927012322F9
:1031F00027015C44DDC305476384E70A8567930ABA
:10320000002013890780139724009385C1EFBA9596
:1032100094C126853A8A32C4EFF0FFF837070020C0
:103220000C48130707005C4052971843CD8F0C449D
:103230001443B3E75701CD8FE175BD05ED8ED58FF2
:10324000B3E7270193E707081CC35E2C2246CE850F
:103250005CC35C481385B4011CC71C4C5CC71C4391
:1032600093E727001CC3994763F497001385140460
:10327000F52541016FD0CFAB8545094536C632C42F
:10328000EF303021B707024003A74740B24622463D
:103290003369270123A22741A9BF814A0149A5B764
:1032A000930A001013090040B9BFB70700200A05B0
:1032B00093870700AA9798431C4393E717001CC302
:1032C0008280B70700200A0593870700AA979C43CE
:1032D000CCC38280317106DF16DD1ADB1ED92AD7F6
:1032E0002ED532D336D13ACF3ECD42CB46C972C766
:1032F00076C57AC37EC182FE86FC8AFA8EF892F683
:1033000096F49AF29EF0A2EEA6ECAAEAAEE8B2E635
:10331000B6E4BAE2BEE0014542FE46FC4AFA4EF887
:1033200052F656F45AF25EF062EE66EC6AEA6EE825
:1033300072E676E47AE27EE0EFF09FE3FA50EA523A
:103340005A53CA533A55AA551A568A567A47EA47E3
:103350005A48CA483A4EAA4E1A4F8A4F7670E670BB
:103360005671C6713672A672167386737664E664F9
:103370005665C6653666A666166786677278E27811
:103380005279C279327AA27A127B827B726CE26CB9
:10339000526DC26D326EA26E126F826F2961730020
:1033A0002030317106DF16DD1ADB1ED92AD72ED563
:1033B00032D336D13ACF3ECD42CB46C972C776C55D
:1033C0007AC37EC182FE86FC8AFA8EF892F696F463
:1033D0009AF29EF0A2EEA6ECAAEAAEE8B2E6B6E455
:1033E000BAE2BEE0054542FE46FC4AFA4EF852F605
:1033F00056F45AF25EF062EE66EC6AEA6EE872E645
:1034000076E47AE27EE0EFF0BFD6FA50EA525A5301
:10341000CA533A55AA551A568A567A47EA475A481D
:10342000CA483A4EAA4E1A4F8A4F7670E6705671C5
:10343000C6713672A672167386737664E664566534
:10344000C6653666A666166786677278E278527930
:10345000C279327AA27A127B827B726CE26C526DF4
:10346000C26D326EA26E126F826F296173002030BE
:10347000317106DF16DD1ADB1ED92AD72ED532D3DD
:1034800036D13ACF3ECD42CB46C972C776C57AC354
:103490007EC182FE86FC8AFA8EF892F696F49AF243
:1034A0009EF0A2EEA6ECAAEAAEE8B2E6B6E4BAE274
:1034B000BEE00D4542FE46FC4AFA4EF852F656F47E
:1034C0005AF25EF062EE66EC6AEA6EE872E676E464
:1034D0007AE27EE0EFF0DFC9FA50EA525A53CA535B
:1034E0003A55AA551A568A567A47EA475A48CA4858
:1034F0003A4EAA4E1A4F8A4F7670E6705671C671D0
:103500003672A672167386737664E6645665C6656F
:103510003666A666166786677278E2785279C2794F
:10352000327AA27A127B827B726CE26C526DC26D2F
:10353000326EA26E126F826F29617300203031717A
:1035400006DF16DD1ADB1ED92AD72ED532D336D1A7
:103550003ACF3ECD42CB46C972C776C57AC37EC14B
:1035600082FE86FC8AFA8EF892F696F49AF29EF023
:10357000A2EEA6ECAAEAAEE8B2E6B6E4BAE2BEE093
:10358000114542FE46FC4AFA4EF852F656F45AF2FB
:103590005EF062EE66EC6AEA6EE872E676E47AE283
:1035A0007EE0EFF0FFBCFA50EA525A53CA533A5544
:1035B000AA551A568A567A47EA475A48CA483A4E8E
:1035C000AA4E1A4F8A4F7670E6705671C6713672DF
:1035D000A672167386737664E6645665C6653666AB
:1035E000A666166786677278E2785279C279327A6F
:1035F000A27A127B827B726CE26C526DC26D326E6B
:10360000A26E126F826F29617300203093F706015A
:1036100013F8F60099C33368C80093F7F50FB9C3E0
:103620001C410147854E3D4F930F80029302800459
:10363000214E3396EE00B3F8C500631116039318BC
:10364000270033131F011343F3FFB377F300B318BD
:103650001801B3E7F800639FF60550C90507E31AA0
:10366000C7FD1CC19307F00F63F5B704584121460D
:10367000854E3D4F930F800293028004414EB398D4
:10368000CE00B3F715016392F80293172600811755
:103690003313FF001343F3FF3377E300B317F8004E
:1036A0005D8F639DF601232A15010506E319C6FD0A
:1036B00058C18280E39456FA10C94DB7E39756FE7D
:1036C00023281501DDB7EFC21FE5C1460D46EFF017
:1036D000FFF36FC09FE6EFC21FE481460D46EFF097
:1036E000FFF26FC09FE5EFC21FE391460D46EFF07A
:1036F000FFF16FC09FE4EFC21FE241112A84AE8444
:1037000009CE371702401C4F36C6854593E7170090
:103710001CCF3285EF30C02DB2460D46A6852285DE
:10372000EFF0DFEE41016FC05FE108456D8D33358D
:10373000A00082800CC982804CC582804845420529
:10374000418182804CC98280EFC2FFDC1145CD2AC5
:103750002145FD224145ED2213050002D522130526
:103760000004F92A6FC07FDDEFC2FFDA0111AA84DD
:103770002E8459E93705200075226800EF30003AA1
:10378000D24737470F001307072433D7E7028A04CD
:10379000138581872695144161651305056A931584
:1037A0000701C181CEA2922242064182799A420645
:1037B000418292A21040636FC5040606B3D7C702C8
:1037C0001146139707014183BA876373C700914776
:1037D0008505C205C207C181C1838EB2DEAE9E22BD
:1037E0005A20322493E717009EA29E22518FC207CF
:1037F000C18393F757BFD98F9EA21A245E24D98F15
:103800009EA605616FC07FD38547E318F5F637059F
:1038100040009DB76A20B165FD15631DB5028D4559
:103820003306B602B3D7C702C207C1831396470156
:1038300019E293E717002166D18F1306C0123307F0
:10384000C7021306803E3347C7020507420741837C
:103850009AB269B7E5453306B602B3D7C702116617
:10386000C207C183D18FD9B70A0593878187AA97E9
:103870009C438A2B1375F50F82800A0593878187F5
:10388000AA979C43CA2B82800A0593878187AA97AF
:103890009C438A2F82800A0593878187AA97984341
:1038A0001E2393E717001EA382800A059387818752
:1038B000AA9798431E2393E707201EA382800A0538
:1038C00093878187AA9798431E2393E707101EA327
:1038D00082800A0593878187AA979C438EAB82805A
:1038E0000A0593878187AA979C4393F5E50F8EABD2
:1038F00082800A0593878187AA979C4393E51500E8
:1039000093F5F50F8EAB82800A0593878187AA977E
:1039100098431E23C207C18393F7F7BFC207C18331
:103920001EA38280B7170240D84F498FD8CF984B3B
:10393000498F98CB984B1345F5FF798D88CB8280C2
:10394000B7170240984F498F98CFD847498FD8C7AB
:10395000D8471345F5FF798DC8C7828037E700E067
:103960009605B307A70093F5F50F2380B74093574B
:1039700055009387070485468A07B396A600BA9731
:1039800094C382809377350099EF1307400633770D
:10399000E502854719E7930700193375F502933758
:1039A00015003E8582808147EDBFEFC23FB53714D9
:1039B00002405C4C37070018AE89D98F5CCC377752
:1039C00000401C43328AAA8493E707101CC3EF30DF
:1039D000A03D1C5041672A89D98F1CD01C504177CB
:1039E0007D17F98F1CD00545EF30C0100144930AB4
:1039F000A00F13051004EF30602F01ED6314540184
:103A00006FC01FB3050451451374F40FEFC01FC5F9
:103A1000CDB79307A00FE305F4FEB7170240985304
:103A200021641367071098D39853418F98D3EF30D0
:103A3000A040EF306041EF3020401305F4FFEF303D
:103A4000C03CEF30603FEF30A03437370040835741
:103A500007805286CE8593E717002310F7804D45E7
:103A6000EFF0DFEF4A85EF30803737E501001305CF
:103A7000059223A2919EEF70014659B7557122DF3E
:103A80003ED386C7B737004096C59AC39EC12ADD8C
:103A90002EDB32D936D73AD542D146CF72CD76CB4E
:103AA0007AC97EC782FE86FC8AFA8EF892F696F470
:103AB0009AF29EF0A2EEA6ECAAEAAEE8B2E6B6E46E
:103AC000BAE2BEE01384078083D7078042FE46FC3B
:103AD0004AFA4EF852F656F45AF25EF062EE66EC8E
:103AE0006AEA6EE872E676E47AE27EE0858B99CB4C
:103AF00083A7419E82975E20C207C183F99BC207BC
:103B0000C1835EA0EF3040337A54BE40AE421E43C4
:103B10008E436A55DA554A56BA562A579A570A5862
:103B2000FA486A4EDA4E4A4FBA4F7670E6705671CE
:103B3000C6713672A672167386737664E66456652D
:103B4000C6653666A666166786677278E278527929
:103B5000C279327AA27A127B827B726CE26C526DED
:103B6000C26D326EA26E126F826F69617300203077
:103B7000EFC27F9A2A84EF302023D56793870718F6
:103B80003375F5028567938707E13357F50233757F
:103B9000F5029307C00318A03357F5023375F502F9
:103BA00018B028A06FC07F99EFC27F945564AA898E
:103BB00013040418EF30401F335485029304207B14
:103BC0001309C016130AD016637089022685EFF018
:103BD0007FDB850431C163074401130424E9C20477
:103BE000C180DDB7C204C180796A01496D4B130AF7
:103BF000CA92854B714C930A190063628B0293073A
:103C00004006B3F4F402050423A259012384890079
:103C1000A38499006FC03F91130434E9C9B7268586
:103C2000EFF05FD619C9631A7901E30A84FD0D1418
:103C300013990A01135909017DBF5299834709005D
:103C4000E36FF4FA1D8CEDB7EFC2FF8CAA84EF305E
:103C5000A015D567938707183355F50280200567AF
:103C6000130707E19306C0033304E40298303307D7
:103C7000D702B307F502A8203A942A9405453E944A
:103C8000EF20D0642285EF308015EF30E01A054533
:103C90006FC0BF8AEFC2BF852A84EF30E01083492E
:103CA00094009307300663EB370BB73AE101378B8B
:103CB000E2012A8A81441309207B938A0A38130B74
:103CC0000B50938BF97C4A85EFF0DFCB25C5DA9456
:103CD0000509420913590901E3D72BFF832A440040
:103CE000F96B556BFD1A232254010149938BCB923A
:103CF000130B0B189389097D054C636F590300243E
:103D00005565130505187D143304A40285453375E4
:103D1000AA022A9437050018EF20707B0545EF2092
:103D2000F05A26942285EF30800BEF30E0100145E9
:103D30006FC06FFFD69469BFB3872B019C234E855C
:103D4000B3876703BE94EFF0FFC301C56313890116
:103D5000DA94050942091359090145B70545C9BF58
:103D6000EFC26FFBAA842E8429E50565EFF05FBDE5
:103D7000B7070020938787038A043624BE941E2445
:103D80009840D58F5440D58F5624D58F7624D58F23
:103D90001628D58F1440D58F93E74710C207C183EB
:103DA0001EA35E2F93F747105EAF3E281EAB6FC079
:103DB000CFF8854711656386F4008947E39AF4FAE2
:103DC0002165EFF03FB66DB7EFC2EFF485472A8467
:103DD0006311F5022E89B284B6853A861305400335
:103DE000EFF0DFB76304090023AE21F399C023A0ED
:103DF00091F4370500200A04130585032295084134
:103E00008545EF30A0066FC04FF3B70700200A05C5
:103E100093878703AA979C43CA278280B70700200D
:103E20000A0593878703AA979C43CEA782803171A6
:103E30002AD7374500402ED506DF16DD1ADB1ED9FE
:103E400032D336D13ACF3ECD42CB46C972C776C5C2
:103E50007AC37EC182FE86FC8AFA8EF892F696F4C8
:103E60009AF29EF0A2EEA6ECAAEAAEE8B2E6B6E4BA
:103E7000BAE2BEE0930510071305058042FE46FC3A
:103E80004AFA4EF852F656F45AF25EF062EE66ECDA
:103E90006AEA6EE872E676E47AE27EE0EF30A0014C
:103EA00001C583A701F482973745004093050006BA
:103EB00013050580EF30200001C583A7C1F3829769
:103EC000FA50EA525A53CA533A55AA551A568A56C4
:103ED0007A47EA475A48CA483A4EAA4E1A4F8A4F7A
:103EE0007670E6705671C6713672A6721673867356
:103EF0007664E6645665C6653666A66616678667A6
:103F00007278E2785279C279327AA27A127B827B15
:103F1000726CE26C526DC26D326EA26E126F826F65
:103F20002961730020309306F5FF954763FCD702A3
:103F3000A1473707100063E9A700931725007965AB
:103F4000130585933E951841B7170240D447D98E83
:103F5000D4C7D0479346F7FFF18ED4C7944F558FFF
:103F600098CF8280130700026386F600938701884A
:103F7000B6979823B7170240944BD98E94CB904BA9
:103F80009346F7FFF18E94CBD44F558FD8CF8280D4
:103F9000EFC26FD8F967131725009387C795BA97B3
:103FA00084432A8485452685EF30E02C8547631CB1
:103FB000F50051453304A4021385C1F422955C45F4
:103FC0008297F9579EA86FC04FD7F9670A05938764
:103FD000C795AA979C43239207029A231367170059
:103FE0009AA38280EFC22FD3F9670A059387C795FA
:103FF000AA978843C205C181EF3060266FC0EFD316
:10400000317106DF16DD1ADB1ED92AD72ED532D341
:1040100036D13ACF3ECD42CB46C972C776C57AC3B8
:104020007EC182FE86FC8AFA8EF892F696F49AF2A7
:104030009EF0A2EEA6ECAAEAAEE8B2E6B6E4BAE2D8
:10404000BEE00D4542FE46FC4AFA4EF852F656F4E2
:104050005AF25EF062EE66EC6AEA6EE872E676E4C8
:104060007AE27EE0EFF0DFF2FA50EA525A53CA5396
:104070003A55AA551A568A567A47EA475A48CA48BC
:104080003A4EAA4E1A4F8A4F7670E6705671C67134
:104090003672A672167386737664E6645665C665D4
:1040A0003666A666166786677278E2785279C279B4
:1040B000327AA27A127B827B726CE26C526DC26D94
:1040C000326EA26E126F826F2961730020303171DF
:1040D00006DF16DD1ADB1ED92AD72ED532D336D10C
:1040E0003ACF3ECD42CB46C972C776C57AC37EC1B0
:1040F00082FE86FC8AFA8EF892F696F49AF29EF088
:10410000A2EEA6ECAAEAAEE8B2E6B6E4BAE2BEE0F7
:104110001D4542FE46FC4AFA4EF852F656F45AF253
:104120005EF062EE66EC6AEA6EE872E676E47AE2E7
:104130007EE0EFF0FFE5FA50EA525A53CA533A557F
:10414000AA551A568A567A47EA475A48CA483A4EF2
:10415000AA4E1A4F8A4F7670E6705671C671367243
:10416000A672167386737664E6645665C66536660F
:10417000A666166786677278E2785279C279327AD3
:10418000A27A127B827B726CE26C526DC26D326ECF
:10419000A26E126F826F296173002030317106DFC9
:1041A00016DD1ADB1ED92AD72ED532D336D13ACF17
:1041B0003ECD42CB46C972C776C57AC37EC182FE68
:1041C00086FC8AFA8EF892F696F49AF29EF0A2EEA7
:1041D000A6ECAAEAAEE8B2E6B6E4BAE2BEE0114561
:1041E00042FE46FC4AFA4EF852F656F45AF25EF097
:1041F00062EE66EC6AEA6EE872E676E47AE27EE007
:10420000EFF01FD9FA50EA525A53CA533A55AA55F9
:104210001A568A567A47EA475A48CA483A4EAA4E28
:104220001A4F8A4F7670E6705671C6713672A67252
:10423000167386737664E6645665C6653666A6664A
:10424000166786677278E2785279C279327AA27AF2
:10425000127B827B726CE26C526DC26D326EA26E0A
:10426000126F826F296173002030F9670A05938706
:10427000C795AA979C43239207028280F9670A0593
:104280009387C795AA979C43CA338280F9670A052A
:104290009387C795AA9798431E23C207C183F99BAA
:1042A000C207C1831EA38280F96713172500938775
:1042B000C795BA979C439A2742074183619B42075F
:1042C00041839AA751473306E50296231387C1F429
:1042D000C206C18293F6F6C832975223D18E96A3B6
:1042E00016233A23D6B79AB709E537370140231882
:1042F00007C20547DAAB8280EFC2EFA141112A84E1
:104300002EC632C4EFF03FC2B24503A7C182D147E7
:10431000B306F40222469387C1F422853357B702CD
:10432000B69792A3BAA3EFF03FF841016FC0EFA098
:10433000EFC26F9E01112A843AC83EC62ECE32CCFF
:1043400036CAEFF05FBE5145B308A402624613853A
:10435000C1F4F245D246469512A103A8C18254C5C4
:10436000231205003358B802231105012285EFF00E
:10437000BFF3F966131624009386C695B29694424D
:104380007956B24792AACA26424713651500CAA6B3
:104390008D461305E0026309D400914613052004FD
:1043A0006304D4001305C0033E86BA85EFF00FDB2B
:1043B00005616FC08F98EFC20F9601112A84B684F1
:1043C0002EC632C402C802CA02CC02CEEFF0BFB57C
:1043D000D1473307F4022246B245131906019387E9
:1043E000C1F41359090122850A043306B602BA97AB
:1043F00083A5C182239027012392070033D6C502EB
:10440000B2A3EFF07FEAC1677965938707071305C9
:10441000C5953EC82295231B2101231C010093F75B
:104420001400004189CB0C082285EF20F03581452E
:104430002285EF20505E93F7240089CB0C0822855B
:10444000EF20B03C81452285EF20D05D93F74400FA
:1044500089CB0C082285EF20304681452285EF204C
:10446000D05DA18889C80C082285EF20B04F814516
:104470002285EF20705D1E20216793E707081EA0AC
:1044800083574404D98F2312F40405616FC0EF8A67
:10449000EFC26F88F9670A059387C795AA9780438B
:1044A000A167FD1703574404411102C27D8F2312F7
:1044B000E4040357440402C402C6F98F2312F4042F
:1044C000C167938707073EC089477C84708393F751
:1044D0001500AE8489C78A852285EF20F02A93F7DC
:1044E000240089C78A852285EF20303293F7440063
:1044F00089C78A852285EF20303CA18889C48A85B6
:104500002285EF203046835744042167D98F231238
:10451000F40441016FC06F82F9670A059387C7955C
:10452000AA979843A16683574704D58F2312F704AF
:104530008280EFB2BFFC854741112A842E8A3289DE
:10454000B684BA896304F50415CD89476305F5047B
:104550008D476305F504B1477C85B7070020938735
:1045600047040A043E9408408A8552C02312310150
:1045700023132101648423160100EF20105241010E
:104580006FB01FFB1165EFF0AFBBF1B7370502004D
:10459000EFF04FB9C9B737050400DDBF3705080094
:1045A000C5BFB70700200A0593874704AA97984319
:1045B00089665E27D58F5EA78280EFB2DFF58547DB
:1045C0002E89B2842A84B6853A86630EF5008D471B
:1045D0006300F5020E0413850100229523202501B6
:1045E00044C16FB09FF513056003EFF02FB7DDB73F
:1045F00013054004DDBFB70700200A059387470471
:10460000AA979C43CEA3DA2713670704DAA7828010
:1046100023A4B19EB70700200A0593874704AA97F1
:1046200098435E2793E707025EA78280B7070020C2
:104630000A0593874704AA9798435E27C207C18358
:1046400093F7F7FDC207C1835EA78280EFB21FEB2D
:104650003704002013094404931925004E99AA84B5
:10466000032509009305606213044404EF203051D0
:1046700085476319F5020325090093056062EF2061
:104680001050032709005E27C207C18393F7F7FB89
:10469000C207C1835EA79397340013870100BA97BE
:1046A000DC4382974E94084093055052EF20304DE2
:1046B0008547631DF5001C408E04DA2383A7819E85
:1046C00013850100269598A31C4182976FB05FE681
:1046D000317106DF16DD1ADB1ED92AD72ED532D36B
:1046E00036D13ACF3ECD42CB46C972C776C57AC3E2
:1046F0007EC182FE86FC8AFA8EF892F696F49AF2D1
:104700009EF0A2EEA6ECAAEAAEE8B2E6B6E4BAE201
:10471000BEE0054542FE46FC4AFA4EF852F656F413
:104720005AF25EF062EE66EC6AEA6EE872E676E4F1
:104730007AE27EE0EFF09FF1FA50EA525A53CA5300
:104740003A55AA551A568A567A47EA475A48CA48E5
:104750003A4EAA4E1A4F8A4F7670E6705671C6715D
:104760003672A672167386737664E6645665C665FD
:104770003666A666166786677278E2785279C279DD
:10478000327AA27A127B827B726CE26C526DC26DBD
:10479000326EA26E126F826F296173002030317108
:1047A00006DF16DD1ADB1ED92AD72ED532D336D135
:1047B0003ACF3ECD42CB46C972C776C57AC37EC1D9
:1047C00082FE86FC8AFA8EF892F696F49AF29EF0B1
:1047D000A2EEA6ECAAEAAEE8B2E6B6E4BAE2BEE021
:1047E0000D4542FE46FC4AFA4EF852F656F45AF28D
:1047F0005EF062EE66EC6AEA6EE872E676E47AE211
:104800007EE0EFF0BFE4FA50EA525A53CA533A55E9
:10481000AA551A568A567A47EA475A48CA483A4E1B
:10482000AA4E1A4F8A4F7670E6705671C67136726C
:10483000A672167386737664E6645665C665366638
:10484000A666166786677278E2785279C279327AFC
:10485000A27A127B827B726CE26C526DC26D326EF8
:10486000A26E126F826F2961730020301567B7370F
:1048700000401307575598C31147D8C3056713075E
:1048800007FA98C72D671307A7AA98C335671307B8
:10489000C7CC98C38280AD67373700409387A7AAFB
:1048A0001CC382808280EFB21FC7938401018844B9
:1048B0004111EFF08FD5DC442547FD176365F70400
:1048C00079678A0713070798BA979C431375F50F02
:1048D00013840101828789470E285CC4A1810DA041
:1048E0000C280844EFF08FD3A9475CC429A80844DA
:1048F0008145EFF0AFD28D47CDBF058905C5954500
:104900000844EFF0AFD141016FB03FC31E2C5848AF
:1049100081453E97850708A3C2073A2CC1831EAC88
:10492000E3E0E7FE0C2048407C0001478D46054649
:1049300002C6EFD01FE7B247F9D7B7E700E011672B
:1049400023A0E720C9B7954741BF0C280844EFF0E2
:10495000EFCC994759BF1A2C3E2CE375F7FC5C4805
:104960009306170016ACBA978C2359BFEFB2BFBAA3
:10497000C167011189073ECAB7071800938707204E
:10498000AE84138401016C003ECC2A8908C402C69F
:1049900002C802CEEFF0CFBC37560000B75500007A
:1049A000014789464A851306468A9385658AEFF052
:1049B000AFC1374500400546930500061305058045
:1049C000EF20604C371501408565130505C0EFE009
:1049D0007FD689652946938505712685EFF0DF919D
:1049E00004D005616FB07FB5EFB2FFB24111A547AA
:1049F000138401015CC40CA0B71401402AC6EFD097
:104A0000DF9748C08565138504C0EFE0BFD3084435
:104A10009945EFF0AFC032460820FD55EFD0DFA436
:104A20002A840545EFD0EFBB138504C08565EFE010
:104A30007FD0854711456313F400014541016FB0F4
:104A4000DFAFEFB25FAD4111A147138401015CC438
:104A50000CA0B71401402AC6EFD03F9248C085652C
:104A6000138504C0EFE01FCE08449545EFF00FBB5F
:104A700032460820FD55EFD03F9F2A848565138577
:104A800004C0EFE03FCB854711456313F4000145B7
:104A900041016FB09FAAEFB27FA6138401014111BB
:104AA000B6894CC832AC18A03AC60AA8231C040028
:104AB000EFD0BF8C324748C04E85BA85EFF07FF803
:104AC000AA840DE9371901408565130509C0EFE097
:104AD0007FC7084485478D455CC4EFF02FB408209C
:104AE000FD554E86EFD05F98AA848565130509C0F1
:104AF000EFE05FC4854701456383F4001145410140
:104B00006FB01FA3EFB29F9F938701012A8A88533A
:104B1000B7440040AE89328913840101EFF0EFF40D
:104B2000938A048089455685EF20403815C9D2857F
:104B300013850480EF2000370850B7440040138AE3
:104B40000480EFF08FF285455285EF2020360DC1AD
:104B500013850480EF2040352380A900014539A04A
:104B60000850EFF0AFF1E37FA9FA19456FB05F9CF1
:104B70000850EFF0AFF0E378A9FCC5BFEFB2BF99E2
:104B8000AA843715014041118565130505C0EFE082
:104B90007FBB26869305F1001545EFF0BFF69C8795
:104BA0002A84858B91C375D537150140856513051A
:104BB00005C0EFE03FB8228541016FB01F98EFB20A
:104BC000FF93938701012A89885341113684AE8A65
:104BD000328AEFF08FBF374500400146930500064B
:104BE00013050580EF20202A2285EFF03FF93715C5
:104BF00001408565130505C0EFE0DFB4228693050B
:104C0000F1000D45EFF01FF022869305F1001355DA
:104C10008900EFF03FEF1375F90F22869305F1003D
:104C2000EFF05FEEAA89014993840101931709010E
:104C3000C18363FB4701B3852A0122860145EFF05A
:104C40007FECAA8905097DD13715014085651305DB
:104C500005C0EFE03FAE374500400546930500062E
:104C600013050580EF2020228850EFF02FE24E85BB
:104C700041016FB0FF8BEFB21F8A37140140411121
:104C8000130504C08565EFE0FFAB05469305F10011
:104C90001945EFF03FE7AA840545EFB03F9C1305A7
:104CA00004C08565EFE01FA9268541016FB0FF882C
:104CB000EFB2DF842A84371501404111130505C086
:104CC0002E8A8565B684B289EFE0DFA72686930534
:104CD000F1000945EFF01FE326869305F100135517
:104CE0008400EFF03FE21375F40F26869305F10080
:104CF000EFF05FE12A89014493170401C18363FD4A
:104D00003701B3078A00882326869305F100EFF068
:104D10007FDF2A8905046DD13715014085651305AC
:104D200005C0EFE03FA14A8541016FB07F80EFB23F
:104D30000FFC2A8C37450040B2842E8B0146930528
:104D4000000613050580368AEF20E01333079C0028
:104D5000A167114963C7E706ADC48149930B0004FD
:104D60005285EFF0BFE19377FC03B387FB40C207A6
:104D7000C1833E8463F3F40026844204418022868A
:104D8000B3053B0113854103EF5081275285EFF0B6
:104D90009FEE2A891DE5D28622869385410362858E
:104DA000EFF01FF12A8911ED818CA299C20462945F
:104DB000C209131C0401C18093D90901135C0C01C1
:104DC000C5F03745004005469305000613050580EC
:104DD000EF20600B4A856FB00FF5EFB22FF213840E
:104DE00001014111B6894CC832AC18A03AC60AA8D4
:104DF000231C0400EFD06FD8324748C04E85BA85D7
:104E0000EFF03FC4AA840DE9371901408565130509
:104E100009C0EFE03F930844914789455CC4EFE047
:104E2000FFFF0820FD554E86EFD00FE4AA8485656C
:104E3000130509C0EFE01F90854701456383F40027
:104E4000114541016FB0CFEEEFB26FEABA8BA167A7
:104E50003307C50063CFE7062A893284114525CA86
:104E60002E8B368A8149130C00049377F903B3071C
:104E7000FC40C207C183BE846373F400A284C204F1
:104E8000C180B3053B01268613854103EF504117CE
:104E9000DE855285EFF0FFBA1DE989455285EFF0B6
:104EA000BFB415E50947D2862686938541034A8516
:104EB000EFF0BFF209ED058CA69942042699C209CC
:104EC0004209418093D909011359090159FC6FB076
:104ED0008FE51145EDBF9E2141112AC43EC6B24760
:104EE00022479306C00DB387D702930640023307CB
:104EF000D702BA97A183C207C1837C833C832883EE
:104F00009EA1410182809E2141112AC43EC63247A2
:104F1000A24693070010918FB387D7023306E602AB
:104F2000B297A183C207C1837C833C8328839EA15F
:104F3000410182809387410823A0070023A2070034
:104F4000239407009387410723A0070023A20700AB
:104F500023A40700239607002396019E828093874F
:104F6000019F23A0070023A207002397019E8280B0
:104F70009147D38705F063E3A702931715001385C4
:104F800041083E951C219DCF143113874150B6979F
:104F9000FD17C207C183B14563F5D700D30700F001
:104FA00015A06389F6003386B7023A961862530655
:104FB000F7A001CEB146B387D702BA97D4639867FA
:104FC000C3F7D770538507E08280FD17C207C183FE
:104FD000E1B785476381F5040605138741082A97E1
:104FE0001C2385E79386C19E9E2213064006054535
:104FF0003388B700634206031CB3FD171386F5FF21
:10500000AE9710A39EA201458280FD1501456385E0
:10501000B700094582800D45828085476382F5048B
:1050200006059387019FAA9798230DE703D7E19E72
:105030009306000505452E9763C5E6021387F5FF25
:105040009386C19E98A39A22014598B37D172E9707
:105050009AA28280FD1501456305B700094582804B
:105060000D4582808D47D38705F063E3A702931730
:1050700015001385019F3E951C219DCF1431138788
:105080000109B697FD17C207C183B14563F5D70083
:10509000D30700F015A06389F6003386B7023A966D
:1050A00018625306F7A001CEB146B387D702BA976C
:1050B000D4639867C3F7D770538507E08280FD17E4
:1050C000C207C183E1B7530606F0D30707F0D386C2
:1050D00007F0538706F0D3F5D708D3F6C6105375FB
:1050E000E608C7F7E7685377C708D3F5A518D3F7DD
:1050F000E7180CE19CE182809317150013854108A5
:105100003E951C216376F604EFB2EFC00031B14743
:105110002E8922961314060141803304F4020327DA
:105120000900832789008326C90003264900938448
:10513000415093058400130544002695A695EFF091
:105140009FF88727C900269401451CE06FB0EFBE89
:1051500009458280931715001385019F3E951C21F8
:10516000850763C1C702EFB28FB80149AE8A9309C0
:10517000F6FFAA84B14B138A01096347390101453F
:105180006FB06FBA09458280803093163900338B37
:10519000DA004A9433047403A106D6969C4203278E
:1051A0000B00D44203264B0005091379F90F930530
:1051B000840013054400D2955295EFF0DFF0872765
:1051C0004B0052941CE055BFB1473305F502B72799
:1051D00000209387C7C13E959C45230005001CC550
:1051E00001458280B1473305F502B7270020938738
:1051F000C7C1AA978CA301458280372700201307D7
:10520000C7C11306070385470C23142181CDDD8E0A
:10521000860714A193F7F70F91E385473107E3154C
:10522000E6FE828093C5F7FFED8EDDB7B14733050B
:10523000F502B72700209387C7C1AA9788238280E9
:10524000F1473305F502B7270020938707B9D84106
:105250003E959C4958C17D171CC9DC453337E00099
:1052600058A95CC59C4D230B0500232405001CCDCB
:1052700001458280EFB28FA837240020130404B9BF
:1052800081448949130A4006854A15495C40638573
:1052900037071C4C268582977828630CA7041C448A
:1052A00085071CC429E718486379F7005C4068A8A3
:1052B00093C7F7FF858BA98F5CA8850493F4F40F3F
:1052C0007104E39524FD372400201304C4C18144F4
:1052D000114958401C440C2019E393B5150026854C
:1052E000850482973104E39624FF6FB06FA458447D
:1052F00065BF23240400D1B75C28850793F7F70F17
:10530000638447015CA855BF1C40230A0400985BD6
:105310006315570123A807024DB723A6070271BFE3
:10532000F1473305F502B7270020938707B9AA97FD
:10533000C82B8280B7270020938707B9938647F749
:10534000014503C7470806059117058B598DE39A58
:10535000F6FE828037270020130707B91306C70817
:1053600085474C2B142181CDDD8E860714A193F740
:10537000F70F91E385477107E315E6FE828093C539
:10538000F7FFB3E6B60293F6F60FC5B7EFB2AF98E4
:10539000B727002083A747C541114886CC86AA9726
:1053A0002380070003A5C19F2E8481467D566C0093
:1053B000EFB0DFC7930700086314F40023AC019E2D
:1053C00041016FB08F971385C19F8280B72700205E
:1053D00003D587C58280EFB20F943E293724002081
:1053E0001304C4C43EA85C490349050054455CC885
:1053F0001C451829AA844A863E8581451CC454C48C
:1054000018A823002401EFB00F94D8404A868145A4
:1054100058C0EFB04F9303A5C19F8145EFB09FAA3D
:1054200001456FB08F91EFB26F8DB724002001441A
:105430009384C4C405498949094A9C20636DF400DA
:10544000B62881CA9387819F9843050763E9E606DA
:1054500098C36FB0EF8DDC482285829763112503D6
:10546000DC40A297982301CB23800700930500041A
:105470002285EFF0BFF105041374F40F7DBF98444B
:1054800022971C23850793F7F70F1CA3D840229778
:10549000142389EA9428E3E0D7FE2300270193052B
:1054A0000008F9B7F03463E4C70063872601F024ED
:1054B000E3E3C7FCE39146FD23003701CDB7930535
:1054C0000002014523A00700EFF05FEC59B783A766
:1054D00081A39843634B07029843370600304E057B
:1054E000518F98C39843370600804D81518F98C3E0
:1054F000C8C38CC737970240114650CB2322070000
:10550000DC47054523ACF1A2828001458280EFB2E1
:105510008F8085658547938505806318F50037156D
:105520000140EFE02FA16FB04F8137150140EFE050
:105530006FA1D5BFEFA23FFE8547930500406318DA
:10554000F50037150140EFE0EF9E6FA01FFF371504
:105550000140EFE02F9FD5BF37F7FF1F81471307AB
:10556000D77E99463306F7400C223306F5008507AF
:105570000CA2E399D7FE82809387C1A098433A9505
:1055800088C3828003A7C1A023A4E1A0B7870240FB
:1055900003A7471C25EF03A74719894763F8E706C8
:1055A000EFA27FF703D5C1A1F9451384C1A1EF1084
:1055B000801C93572500858BA9C74D9913160501AB
:1055C0000A204182F945EF10802037870240832767
:1055D000071093E717002320F71083270710858B08
:1055E000EDFFB787024003A7471C11CB238801A01A
:1055F000D843B706008093C6E6FF758FD8C36FA067
:10560000DFF313654500420541814DBFB787024076
:1056100003A7471C19CB238801A0D843B7060080F5
:1056200093C6E6FF758FD8C382808280EFA21FEDFC
:105630009384C1A18A2095451384C1A1EF10A013C2
:105640002A898A208545EF1000139377F901138981
:10565000A1A1638A071483470900C1E30A20854793
:10566000F9452300F900A38CF1A0EF10C0101376C8
:10567000C5FF4206937715004182A9CF1366260025
:105680000A20F945EF10A0140A208145EF10A00E62
:105690001376E5FF42060A20418213660620814503
:1056A000EF10E0120A208145EF10E00C1366352060
:1056B0000A20420641828145EF10601183A741A173
:1056C00013074006B3F7E70293872703238AF18085
:1056D0006FA01FE61366160065B705476397E700DE
:1056E00089472300F900A38C01A09387A1A2038717
:1056F0000700634607069384518194202147639AEB
:10570000E6040A20F945EF1000071376350F0A204A
:10571000F94590A0EF10A00B238004000A208145DA
:10572000EF1060051376E5FF42060A2041821366FA
:1057300006208145EF10A0090A208145EF10A00343
:10574000136635200A20420641828145EF10200869
:1057500021A0130700F898A3238401A295BF938783
:1057600011A398239306170094A39546E316D7FE3A
:105770001375050275F193845181238007009C20E5
:1057800011490A20F945E38027F9EF00D07E13760E
:10579000350F0A2013664600F94590A0EF1020034C
:1057A00023802401A5BF0347090085476312F7083A
:1057B000138791A11C23A1468A20850793F7F70F31
:1057C0001CA3639BD7002300070023000900214688
:1057D000F945EF00D07FEDBDF945EF00D0791376A4
:1057E000C5FF4206937715004182A1C313662600C8
:1057F0000A20F945EF00B07D0A208145EF00B0771F
:105800001376E5FF42060A20418213660620814591
:10581000EF00F07B0A208145EF00F075136635201C
:105820004206418281450A206DB713661600C9B74A
:10583000138481A2834A0400138AA1A283460A002A
:1058400093871A001307000893F7F70F6394E6068F
:105850003D476384EA001CA0A5BD8A202300040004
:10586000230009001384518121492146F945A38869
:1058700001A223000A0023002401EF005075230039
:1058800024018A208145EF00106F1376E5FF420660
:105890008A204182136606208145EF0050738A20DA
:1058A0008145EF00506D13663520420641828145E7
:1058B0008A2005B79389518103C709001DE7114765
:1058C000E39BEAF88A20F94523000400EF00B06A60
:1058D0001376350F8A2013664600F9452380C900E8
:1058E000EF00F06E2380590169BF91466318D7021B
:1058F0003D47E392EAF68A20230004002144214632
:10590000F945A38801A22300090023000A0023808F
:105910008900EF00D06B23808900A5B71CA09307F6
:105920004006E397FADA8A2021668145EF00306A63
:10593000238801A2A38801A2238801A0A1472300F4
:1059400004002300090023000A002380F9002146F7
:10595000F945B9BFEFA23FBC938791A29823137773
:10596000F70F2DC303A7C1A083A6C1A2158F93066D
:10597000301F63F7E6043747024023800700832780
:1059800007801384C1A10A2093E747002320F780F2
:1059900021668145EF00B063238801A2A38801A29C
:1059A000238401A2238D01A00A20238801A023853E
:1059B00001A221472146F945A38AE180EF00306129
:1059C0006FA0BFB7138901A383470900138481A186
:1059D000C1EB83C6A1A105471389A1A1938441818D
:1059E000636BD70003D5C1A19545EF00D0587D89E1
:1059F00019C1238004009387C1A090439386C1A25C
:105A000094428C20158E9386C1A01387C1A2636136
:105A1000B6040346090085476311F604138641A1C5
:105A20001C42B745030093851540B387B702B7A55D
:105A30002600938595ECAE971CC213064006B3F77B
:105A4000C702938727039CA09C421CC3EFF01FBE94
:105A50001C20BDD723000400A5B793072003E5B79A
:105A60001C20938401A1A5C383A7C1A003A7C1A241
:105A7000998F1307900F6378F704230004001384B1
:105A8000C1A10A208545EF00104F9377450085EFAF
:105A9000EFB090070A2021668145EF005053A3889C
:105AA00001A2238401A20A20238D01A0238501A243
:105AB00021472146F9452300090023800400A38AD9
:105AC000E180EF00D0509C20E38C07EE03A781A07B
:105AD00083A7C1A0998F13073006E373F7EEEFF0A9
:105AE0007FAAF9BDEFA23FA341118545414502C2FE
:105AF00002C402C6EF10C01B8D477C82C1473EC660
:105B00004C008D47371501403EC4EF00706285653B
:105B10009385058037150140EFD0DFC19305004024
:105B200037150140EFD01FC141016FA01FA1EFA2A7
:105B30009F9E0145EF1080204145EF10001E356506
:105B4000EF10A01E0545EF10601F1305D003EF10E6
:105B5000E01965DD6FA07F9EEFA2FF9B1384C1A1BA
:105B60000A2095451389C1A1EF00F040AA840A20BC
:105B70008545EF005040937745002A8495C38DE01A
:105B80003747024083270780ED9B2320F780054796
:105B9000A384E1A203A7C1A023A6E1A26FA0FF995D
:105BA0002285EFB060761374440293074002631AB3
:105BB000F40803550900C145EF00F03B1189B78691
:105BC000024019E5FD888547B78602406385F406E3
:105BD0009C42056713070780D98F9CC2B787024094
:105BE0009843D176FD16758F98C391462388D1A22C
:105BF000D843B70600808506558FD8C303A7071082
:105C00001367170023A0E710378702408327071088
:105C1000858BEDFF05472388E1A003A7C1A023A43E
:105C2000E1A0EF00304BB78702409C43AD83858BEA
:105C30002382F1A0A5B79C427D771307F77FF98FE8
:105C400069BF3747024083270780ED9B2320F780F9
:105C50000547A384E1A203A7C1A023A6E1A2E1B75F
:105C6000EFA2DF89317137960240B706700037071F
:105C700060005C4AF58FE39EE7FE83C701A393842F
:105C800001A395C703D5C1A1F9451384C1A1EF00B4
:105C9000902E1376C5FF4206937715004182638CE0
:105CA0000722136626000A20F945EF0050320964E6
:105CB000EF00F03F13040471379902407D14420451
:105CC00029454180EFA03F9609C483270900858BB1
:105CD000F5F737E501001305859CEF50C11F48001B
:105CE000EF00F01B85473EC2930700203ED6B70762
:105CF00000023EC58566930700083ECD37072000A9
:105D00001389068093070004378402403AC94AD2B7
:105D100002CC02D002D802DE82C482C882CA82CCFF
:105D200002C33ECF02D31C48938616A0378501805C
:105D30008D9B1CC8B245A24710401305150CCD8F92
:105D4000B78520FF9385F5106D8ED18F4246B795AC
:105D50000240D18F5246D18F7246D18F2256D18FB9
:105D60005256D18F6256D18FD58F1CC01C40B706BA
:105D70001000D58F1CC086479646D58FB646D58F66
:105D80005CC0F6471CC486575CC43656A657144CF4
:105D9000D18F4656D18F5656D18F6656D18F4166D8
:105DA000130616F4F18ED58F9656C206D58F1CCCED
:105DB0008A46F657D58F5CCC5A46BA47944DD18F58
:105DC0003746DEF8130636F2F18ED58F8A56D58F18
:105DD000B70620029386060CD58F9CCD938601BC16
:105DE000DC32CC22A207CD8F3CC083C611BC83C756
:105DF00001BC8545A206DD8E83C721BCC207DD8EAE
:105E000083C731BCE207D58F7CC0B70702002328C7
:105E1000E410938707022326F410EF00F02E3725B5
:105E20000020B7450020930945CD09469385456F6D
:105E3000130545CDEF00D01E37250020B7250020E3
:105E4000130A45C61D46938545CF130545C6EF0089
:105E5000502123A041A323A231A31C407D77130727
:105E6000F77FF98F1CC083C741A091C71C4033E95D
:105E7000270123202401B78602409C4251777D17D9
:105E8000F98F9CC2EF0010259C201384C1A1B9E7B3
:105E90000A2021668145EF009013A38801A2238484
:105EA00001A2238D01A00A20238801A0238501A23D
:105EB00021472146F94523800400A38AE180EF00B1
:105EC00010110547238CE1A003A7C1A023A6E1A2DE
:105ED00029616FA0EFE513661600F1B30A20F945BA
:105EE000EF0070091376C5FF4206937715004182D3
:105EF00091CB136626000A20F945EF00500D9C2037
:105F0000E9F379B713661600FDB783A701A013075D
:105F1000000293F7070F639FE700B79702409C5377
:105F20003707FE1FF98F99C7EFA2EFDEEFF05FD3BF
:105F30006FA0AFE08280EFA20FDEEFB0A03BEFB02A
:105F4000E01FEFF03FA1EFF05FFC6FA00FDFEFA2CB
:105F50008FDC378702401C4B2E8481458D9B1CCBE8
:105F600050411C411443D18F378620FF1306F61091
:105F7000F18ED58F1445D58F5445D58F1449D58FC3
:105F80005449D58F144DD58F544DD58F1451D58F7D
:105F90005451D58F1455D58F5455D58F1459D58F4D
:105FA0005459D58F1CC31C43B7061000D58F1CC392
:105FB000545D1C5DD58F3441D58F7441D58F3445E8
:105FC000D58F7445D58F3449D58F7449D58F5CC32F
:105FD0003C4D1CC77C4D5CC730557C51144FD18F54
:105FE0004166130616F4F18ED58F7455379602402C
:105FF000D58F3459D58F7459D58F3451C206D58F6A
:106000001CCF745D3C5DD58F5CCF8326450883270C
:106010000508184ED58FB746DEF8938636F2758F91
:10602000D98F03278508D98F0327C508D98F032760
:106030000509D98F03274509D98F03278509D98FEA
:106040000327C509D98F0327050A2285D98F1CCEBE
:106050002166EF00C0772146F9452285EF002077C1
:1060600005456FA08FCDEFA26FC931718545AA8418
:106070007165EF0010428547239EF1A0EFF03FAB22
:10608000374702408327078009641304047193E7AC
:1060900047002320F780D52B1389C1A1EF003001E1
:1060A000B79902407D14420429454180EFA0AFD743
:1060B00009C483A70900858BF5F74800CD238567C0
:1060C000938707803ED285473EC2930700203ED685
:1060D00083550900B70700023EC59307000837043F
:1060E00020003ECD48009307000422C93ECF02CCD9
:1060F00002D002D802DE82C882C482CA82CC02C325
:1061000002D3EFF0DFE4DC30D820B7860240A207EC
:10611000D98FBCC298309C203785018022075D8FC3
:10612000BC2085451305150CC2075D8FBC30E20706
:10613000D98FFCC2B707020023A8861093870702F5
:1061400023A6F610EF00407C29616FA06FBEEFA27E
:106150008FBCB7970240C04B131704016358070266
:106160001377040815C303A701A0C1461377070FCF
:106170006319D700F847B7060080584714C323A413
:106180000700130500081D2F21650D2F9317F4003C
:1061900063D607029377040481C713050004392FDF
:1061A0009377140099C30545112F63570400EFF04E
:1061B000BF9A370500801927416509276FA0EFB7FF
:1061C000EFA26FB52A8413054006EFA02FC9352929
:1061D00023A0A1A0EFF01F913C3058202285B98F59
:1061E0005830B98F3747030013071740B387E702CA
:1061F00037A72600130797ECBA9723AAF1A0EFF070
:106200009FE637250020B7450020130445CD0946F9
:106210009385456F130545CD212537250020B725EA
:106220000020930445C61D46938545CF130545C6FA
:106230000D2D23A091A223A281A20967B7E700E058
:1062400023A4E710A38607446FA02FAFEFA2AFAC43
:106250003971930700603ECA9307405B3ECC856767
:10626000938747273ECE930720033ED093073010F5
:106270003ED2B727554089073ED4B75700009387D1
:1062800047533ED6B75700009387E7503ED8B757DD
:1062900000009387E74C3EDAB7573412938787673D
:1062A0002A8948082EC632C4B68402DC3EDEEFB02E
:1062B000A0732A8419E92246B245A6864A85EFB022
:1062C00080662A842685EFF0BFEF228521616FA0CA
:1062D000CFA65C413707F1E01307F7EF944D7D8FB0
:1062E0009C41D58FD44DD58FD441A206D58FD98F5F
:1062F0005CC11C4537F7F1FF1307D77FD4457D8F6D
:106300009C49D58F94458606D58FD98F1CC55C5581
:10631000370710FF7D177D8FDC29FD1793F7F70FE7
:10632000D207D98F5CD582805C4193F5F50F01C609
:10633000DD8D4CC1828093C5F5FFFD8DDDBF084525
:106340000D810589828008450981058982801C4567
:1063500091C537075000D98F1CC582803707B0FF21
:106360007D17F98FD5BFA54763F7B7048D4713870E
:1063700065FF3307F7020328C5009D47B397E70081
:1063800093C7F7FFB3F70701B396E600DD8E54C558
:10639000994763E3C70495477D163306F6025859BB
:1063A000FD47B397C70093C7F7FFF98F3396C50032
:1063B0005D8E50D982800D473387E50203280501A1
:1063C0009D47B397E70093C7F7FFB3F70701B3966D
:1063D000E600DD8E14C96DBFB14763E2C702954781
:1063E00065163306F6021859FD47B397C70093C7E1
:1063F000F7FFF98F3396C5005D8E10D982809547DF
:106400004D163306F6025855FD47B397C70093C79C
:10641000F7FFF98FB395C500DD8D4CD58280B72786
:10642000014093870740984711C5B7068000558FF4
:1064300098C78280B70680FFFD16758FD5BF58417B
:10644000144193D78500F58F99C713F5F50F798D12
:106450003335A000828001458280EFA2CF8B0111ED
:106460002A8423040100A5441C8463F9F404230452
:106470000100A54621461C8463FFF6062315010092
:106480002304010095461C8463F1F60E38853C8593
:1064900099460D46B3F7D702056513050580B3D7B6
:1064A000C7023357D702BA97C207C1837C853C85A0
:1064B00005611D8D420541856FA02F881C4493E71F
:1064C00087001CC42285EFF09FE76DFD1C4493E715
:1064D00047001CC42285EFF01FE76DFD78441C8443
:1064E00014108607B6972396E7FE1C84850793F75A
:1064F000F70F5C8495BFA30401009C846378F600C9
:106500001C84850793F7F70F5C84B5B798849C8447
:106510000C100607850786072E97AE970357C7FE10
:1065200083D7C7FE63FDE7029C848607AE9783D7B7
:10653000C7FE7C859C84988485078607AE9783D5A3
:10654000C7FE931717001810BA972396B7FE9C84BE
:1065500038850C1085078607AE972396E7FE9C8446
:10656000850793F7F70FDC8449BF1C84101038852A
:1065700089078607B29783D7C7FEBA97C207C18338
:106580007C851C84850793F7F70F5C84EDBDB737D6
:106590000240054798C782808147B736024063961C
:1065A000B700B737024088438280139727002A97A5
:1065B0001843850798C2E5B7B73702408843828001
:1065C00085473395A70089C937770040832707405F
:1065D0005D8D2320A7408280B777004003A7074046
:1065E0001345F5FF798D23A0A74082804111B7772D
:1065F000004002C6938707403EC6B247A1073E95BA
:106600002AC6B2478CC341018280B7F7FF1F03A59A
:10661000477082809317350063DA0700B70702409E
:1066200083A707407D8D3335A00082809317250016
:1066300063D70700B707024083A7074DE5B7B70741
:1066400002409C43C5B79317350063D70700B707CF
:10665000024023A2A74082809317250063D707003A
:10666000B707024023AAA74C8280B7070240C8C3DD
:106670008280EF925FEAEFF0FFF96F901FECEF92EC
:106680009FE9EFF05FFC6F905FEBEF92DFE88545ED
:106690001165F92581451165E1256F901FEA930782
:1066A00000043CC1930700027CC1930700087CD121
:1066B00023200500B707000423220500232405003A
:1066C0002326050023280500232A0500232C050086
:1066D000232E050023200502232205022324050280
:1066E0002326050223280502232A0502232C05025E
:1066F000232E05022324050423260504232805044C
:10670000232A0504232C0504232E05042320050633
:10671000232405062326050623280506232A050625
:10672000232C0506232E05062320F508B7070002B3
:106730002322F5082322F50AB707020037072000B5
:106740002326F50A93070010232405082326E508CD
:1067500023280508232A0508232C0508232E0508CD
:106760002320050A2324050A2328F50A232A050ADB
:10677000232C050A8280411102C6B78602409C4A3A
:1067800041672E057D17F18B798D9A055D8D93F507
:10679000057CC98D93E51500B70750008CCAF91721
:1067A000324705073AC6984A058B01C73247E3F9D5
:1067B000E7FE3247B7075000FD1701456307F700B2
:1067C000B7870240C84B4205418141018280411197
:1067D000B787024002C6984BC166FD162E05758D1F
:1067E000718B9A05598D93F5057CC98DD0CB93E5B6
:1067F00035008CCBB7070500B7860240F917324742
:1068000005073AC6984A058B01C73247E3F9E7FE08
:106810003245B7070500FD173335F5004101828089
:1068200023ACA1A22A878147B70810401303006058
:10683000130EF6FF6396C700B797024088CB82809D
:10684000B3866702232017012A88AE9614C79306E1
:10685000070163F3C70136882326070185073687BA
:10686000D1BF916623AAA1A20147AA87370300805E
:1068700093860660130E0060930EF6FF6316C70042
:10688000B7970240C8C782803308C70323A06700B8
:10689000D4C3AA882E9823A4070113880701637321
:1068A000D701C28823A617010507C287C1BF379742
:1068B00002401C4393E717001CC38280B797024035
:1068C000C8CB8280379702401C4FB7061000D58F87
:1068D0001CCF8280EF923FC4378402401C4093E774
:1068E00087001CC0EFF01FFE1C40896693E747003D
:1068F0001CC0B7970240984F558F98CF984F136799
:10690000270098CF6F907FC399C5379702405C4F9F
:106910005D8D48CF8280B7970240D84F1345F5FF71
:10692000798DC8CF8280B707014023AAA740828013
:106930009C4513F7070113F8F70001C7D8413368E6
:10694000E8008E2113F7F50F39C318418146854EB3
:106950003D4F930F800293028004214E3396DE0058
:10696000B3F8C500631116039398260033131F0173
:106970001343F3FF3377E300B318180133E7E8005C
:10698000639FF70550C98506E39AC6FD18C1130732
:10699000F00F6375B70454412146854E3D4F930F68
:1069A000800293028004414EB398CE0033F7150164
:1069B0006392E8021317260001173313EF00134305
:1069C000F3FFB376D3003317E800D98E639DF70148
:1069D000232A15010506E319C6FD54C18280E394FC
:1069E00057FA10C94DB7E39757FE23281501DDB7B5
:1069F000B7070140635A0504DC4F9356050113188D
:106A000005013707300013F6F60013580801B37676
:106A1000E50063500506639BE602930606010D46FA
:106A2000B316D60093C6F6FFF58F99C913575501D3
:106A30001377F73F12073317E800D98F6357050420
:106A4000370701405CCF8280DC4345BF1317B50098
:106A5000635607008D46B396C600E9B71357550134
:106A60001377F73F12073317E8001347F7FFF98F43
:106A70006DBF6390E602370601405442370700F1CC
:106A80007D17F98F758F58C2D5F1370701405CC368
:106A900082801317B500635C07008D46B396C6006D
:106AA00093C6F6FFFD8EB707000FD58FF1BF1357C2
:106AB000550112073317E8001347F7FF7D8FB7071B
:106AC000000FD98FD1B723AEA1A2828037770040C3
:106AD0001C4309C593E707101CC3828093F7F7EFA7
:106AE000E5BFB7160240DC4251777D17F98F5D8D07
:106AF000C8C28280B71702402380070223800702A2
:106B000005476306E50011476306E50082802380A0
:106B1000A702828015472380E70282803717024050
:106B20005C439146B18B6385D700A1466382D7064B
:106B3000B7177A00938707201CC1371602405C42C2
:106B400037070020130747059183BD8BBA9794231D
:106B50001C41B3D7D7005CC15442A1829D8ABA962A
:106B60009422B3D6D70014C55442AD829D8A36977D
:106B70001823B3D7E7005CC55842398393763700B2
:106B80001387818136971823B3D7E7021CC9828007
:106B90005C435843C166C983758FB7F6FF1F83A650
:106BA000C670BD8B89071396160163480600C5465B
:106BB00001466392D702C94739A88946638FD70235
:106BC000BD46638ED702C146638ED702C5460146D5
:106BD0006393D700C1471DEF374702400327078063
:106BE000418B05C737177A0013070720B307F70251
:106BF0001CC121D61C41858381B701466DBF054666
:106C0000B547D1BF0146BD47F9B737173D00130758
:106C10000790E9BFB7150240D8559316F700D8552D
:106C200063DF060411833D8B9306170037177A0044
:106C3000130707203357D70218C1D455A182BD8A44
:106C40008DE295463307D702058318C137170240F6
:106C5000585714413D8B050733D7E60218C1184138
:106C600071B785456394B600E546E9BFBD456396B7
:106C7000B600D1463387E602C9BF8906E5BF3D8B22
:106C80009306170037177A00130707203357D702E8
:106C9000F1B799C5371702405C4B5D8D48CB8280B8
:106CA000B7170240D84B1345F5FF798DC8CB8280CA
:106CB00099C5371702401C4F5D8D08CF8280B717EA
:106CC0000240984F1345F5FF798D88CF828099C592
:106CD000371702405C4F5D8D48CF8280B717024066
:106CE000D84F1345F5FF798DC8CF82809357550053
:106CF00005476399E700B71702409C4333D5A700C7
:106D00000589828009476396E700B71702409C53C4
:106D1000F5B7B7170240DC53D5B7371702405C57B9
:106D200093F7F7F05D8D48D78280B7160240DC56A6
:106D300045777D17F98F5D8DC8D6828009C93717D1
:106D400002401C43B7060010D58F1CC38280B716C3
:106D500002409C42370700F07D17F98F9CC2828069
:106D600099C5371702401C575D8D08D78280B71729
:106D7000024098571345F5FF798D88D78280B73741
:106D8000004003D74780136707012392E780828082
:106D90003737004083574780C207C183BD9BC20776
:106DA000C1832312F7808280B736004083D7868163
:106DB00003D5C68103D78681C20713160501420792
:106DC000C18341834182938606806386E700CA2E91
:106DD0004207598D828013950701518D8280EF9271
:106DE0008FF341112AC6EFF09FF93245B7370040C3
:106DF000135705014205239CE7804181239EA7800C
:106E0000EFF01FF941016F904FF3EF92CFF0411176
:106E10002AC6EFF0DFF63245B737004013570501B9
:106E20003D8B42052394E78041812396A780EFF0B4
:106E30003FF641016F906FF037370040835747802E
:106E400093F70702E5DF828037370040835747809A
:106E5000C207C183DD9BC207C1832312F780373786
:106E6000004083574780A18BEDDF82801E2189C5BA
:106E700093E707041EA18280C207C18393F7F7FB43
:106E8000C207C183C5BF85479181B395B7005E2115
:106E9000C205C18101C6DD8D4EA1828093C5F5FF7B
:106EA000FD8DDDBF4EA582804A2582800A256D8D2D
:106EB0003335A00082805E21162513F7F5000545C5
:106EC0003317E500C207758FC18301CB918133155C
:106ED000B5007D8D3335A0008280014582801E2162
:106EE00037370140930607C0C207C1836300D5044A
:106EF000B7060040630CD502938606406308D502AE
:106F0000B7160040138606806302C502938606C04A
:106F1000630ED50013070740630AE50037570140A9
:106F2000930607C06304D5006316E500BA2193F702
:106F3000F7F8D98F37170040630CE50013070740B7
:106F40006308E50093F7F7CFFA21C207C183D98F11
:106F50001EA1DE215EB59E211EB5B7370140138705
:106F600007C0630EE50093870740630AF500B75733
:106F70000140138707C06304E5006314F5009C25F6
:106F80001EB985475EA982801E31922103D8250053
:106F9000C207C183F99BC207C1831EB11E315621AE
:106FA0001A2DC207C183420741831377C7F8518F57
:106FB0009225F59BC20633660601D18F3736014014
:106FC000130806C0C182630E050113060640630A5A
:106FD000C50037560140130806C06304050163105D
:106FE000C502B225DD9B03D8E500D18FD221ED9BF0
:106FF00093F6F6CFD18FD22533660601D18E56A1F6
:107000001AADFA215AB91EB182801E316577130775
:10701000F7CFC207C183BD9BC207C1831EB11E311A
:10702000562103D88500C20713960601162DC18389
:1070300093F7F7FD758F96214182A206558FB621F1
:1070400042074183B3E606019206D58FB736014069
:10705000C207138806C0C183630E050193860640EC
:10706000630AD500B7560140138806C063040501C2
:10707000631ED502B62593F7F7F703D8C50092062D
:10708000D58FD621C207C183920693F7F7FBD58F20
:10709000FD769386F63FF18EF225C207C1833366F3
:1070A00006010A06D18E13960601418252A11AAD3D
:1070B000FA211ABD1EB182801E3103D88500C20795
:1070C000C18393F7F7EFC207C1831EB11E3156216A
:1070D0005A2DC20713960601420796214183137762
:1070E000C7F8558FB621C18393F7F7DFB3E60601E2
:1070F000A206D58FB7360140C207138806C0418269
:10710000C183630E050193860640630AD500B75616
:107110000140138806C063040501631FD502FD7694
:107120009386F67FF58FB62503D8C500A206D58FC6
:10713000D621C207C183A20693F7F7BFD58FF57694
:10714000FD16F18EF225C207C183336606011206D1
:10715000D18E13960601418252A15AADFA215ABD31
:107160001EB182801A31FD77FD17F98F1EB10358C9
:10717000050256215E2D65771396060196211307A9
:10718000F7CF7D8FF977A206FD17558FB3F707016B
:10719000B62103D8850042074182B3E60601B20654
:1071A000D58FB7360140C207138806C04183C1831B
:1071B000630E050193860640630AD500B756014069
:1071C000138806C063040501631BD500F176FD1624
:1071D000F18ED2251A06D18E13960601418252A154
:1071E0005AADFA212310E5041EB182801E2189C503
:1071F00093E717001EA18280C207C183F99BC207D3
:10720000C183CDBF5E2501C6DD8D4EA5828093C5AD
:10721000F5FFFD8DDDBF1E2DC207C183DD9BDD8D1A
:107220000EAD82801A2DFD779387F77FF98FA20527
:10723000CD8FC207C1831EAD82805E2DC207C18380
:10724000DD9BDD8D4EAD82805A2DFD779387F77FD4
:10725000F98FA205CD8FC207C1835EAD82805E210A
:10726000C207C18393F7F7F8C207C1835EA15E210D
:10727000DD8D4EA182801E294A25ED8F4205418178
:1072800089C76D8D3335A00082800145828093C50A
:10729000F5FFC205C1810EA98280EF92CFA7162902
:1072A000F577FD17F58FF621DA257971D58F1EA9AF
:1072B0005625FD779387379FF58FD6212A842EC6D2
:1072C000D58F9625D58FB625D58F5EA55E29C207A9
:1072D000C18393F7F7CFD98F5EA96808EFF01F84B9
:1072E000B747014093870780B245631AF404A25759
:1072F00056246547B387E702C206C186984163D228
:107300000604060752244206B3D7E70213074006D5
:107310004186B3D6E702B3F7E70292066355060249
:107320008E0793872703B3D7E70213F77700B36776
:10733000D700C207C1831EA445616F900FA092576A
:1073400045BF0A07C1B7920793872703B3D7E70260
:10735000BD8BD58FF9BF91C55E250967D98F5EA515
:1073600082805A25F977FD17F98FD5BF93F5F51F60
:107370004EA182800A216D8D3335A000828013F7E3
:10738000F50F85461583B397B6006311D7025A25CA
:10739000F98F1A2101454207418381CB0545A1811F
:1073A000B315B5006D8F3335E000828089466314D4
:1073B000D7001A29F1BF5A29E1BF01A001A001A0FD
:1073C00001A001A001A001A001A001A001A001A0B5
:1073D00001A001A001A001A001A001A001A001A0A5
:1073E00001A001A001A001A001A001A001A001A095
:1073F00001A001A001A001A001A001A001A001A085
:1074000001A001A001A001A001A001A001A001A074
:1074100001A001A001A001A001A001A001A001A064
:1074200001A001A001A001A001A001A001A001A054
:1074300001A001A001A001A001A001A001A001A044
:1074400001A001A001A001A001A001A001A001A034
:1074500001A001A001A001A001A001A001A001A024
:1074600001A001A001A001A001A001A001A001A014
:1074700001A001A001A001A097A1FF1F938101DA43
:1074800017110120130101B817B50100130545912B
:107490009795FF1F938505B71386019763FAC5007B
:1074A0008322050023A0550011059105E3EAC5FEDE
:1074B0001385019797A50020938545726377B500E2
:1074C000232005001105E36DB5FEFD42739002BC5B
:1074D000FD4273904280B78200009382028073A0C5
:1074E00002309792FFFF938262B593E2320073906D
:1074F0005230EF50D04F9722000093822261739058
:10750000123473002030930740063345F502A94733
:107510004205418163E8A706F9679387879D0A05BD
:107520003E951C41828723800500930760041CA2BE
:10753000828089479CA193078002D5BF91479CA177
:10754000E547F5B795479CA1D147D5B79D479CA185
:10755000BD47F1BFA1479CA1A947D1BFAD479CA1A1
:10756000A147F1B7B1479CA19D47D1B7B9479CA1AD
:10757000994775BFBD479CA1954755BFC1479CA181
:10758000914775B7D147E5BFEF82FFF87971BD47E5
:10759000AA842E84368593056100130671005C83EE
:1075A000DC83EFF05FF69C83034E61009308C05DBF
:1075B00093960701C182B388F84013982700139768
:1075C00016008608B30EC04113932600814701457B
:1075D0008145054FD14F634A170105476369F70A93
:1075E00081471EA045616F805FF593161700A69630
:1075F0000396060063DBCE046359C605B306074154
:107600008606A6968396060063C5C604B306E80000
:107610008606A69683960600634DD60211C19DCDBF
:1076200081459386170010188607B29713561700E6
:107630001A974207050593F6F60F239CC7FC418372
:107640001375F50F63EDDF00B68709074207418325
:1076500059B719C16384E5018545E1B79546300006
:10766000054781472E220A2205071377F70F898DD8
:10767000AE97C207C1830906E366D7FEFD16B3C7FE
:10768000D702C207C1838607C207C18399BFBE86DE
:10769000F9B7EF825FE8B386C502AA8801470145C2
:1076A0000148634FD7002E868146C285EF00E15620
:1076B000EF20E14AEF90807FEF20A16D6F80FFE720
:1076C00093171700C6978397070032974207B3872F
:1076D000F702418313DEF741AA9733B3A7007298EC
:1076E0003E851A987DBF856793870777AA971A21E9
:1076F00036211105158F231EE5FEE39AA7FE828031
:107700000566814701478146130686BB139817001B
:107710002A98031808009398070193D8080163D4A6
:1077200006014687C2868907E392C7FE05839AA1B0
:1077300036858280EF823FDE0945EFC03FB50145C7
:10774000EFB07FA603A5C1A5138401A701479387C6
:1077500001A785461146814523200400EFB06F84C0
:107760001C4091C7B7E700E0116723A0E7206F80B6
:10777000DFDCEF825FDA0545EFB00FF41384B1A5CB
:10778000931505010420C1850545EFB09F83B7A778
:10779000002086049387C7B4A6978AA31C20994625
:1077A000850793F7F70F1CA01387C18163F4F604D4
:1077B0000C23373501408546054613050580230017
:1077C0000400EFE05FBA03A5C1A5138441A70147F8
:1077D000938741A785460946814523200400EFA0F1
:1077E0005FFC1C4091C7B7E700E0116723A0E720CA
:1077F0006F80BFD4BA978C233734014013050480BF
:1078000085460546EFE03FB6854513050480EFE069
:107810001FB4F9BF9D4763E8A702EF82DFCFAA85B7
:107820002A847D45EF10A013370500201305450677
:1078300006042A941A20B7A70020938707BCDAA36E
:107840009AAB6F809FCF82801385C1A582801385FC
:1078500001A68280EF829FCA1D71EFD0AFEDAD45CA
:107860000D45EFD00FF7AD451145EFD08FF6796498
:1078700023A201A6130484AB8144A9493E20139995
:10788000040113590901D3F717D01E204A863EFA86
:10789000D3F717D07E200C183EF8D3F717D05E2010
:1078A0000D453EFED3F717D0850411043EFCEFD002
:1078B000BF844A860C181145EFD01F84E39034FD35
:1078C000EFD0EFE9A9450145EFD02FF579642946BE
:1078D000930544AE0145EFD0FF87A9450545EFD09C
:1078E000CFF32946930544AE0545EFD0BF86A945A1
:1078F0000945EFD08FF2930544AE29460945EFD0F4
:107900007F8593070010B706080070108945014570
:107910002316F102EFB00FEE93070002BEC8B7279F
:1079200001409387C744BECAB78700209387C73DED
:10793000BECC8547BEC68567938787BB231EF104EF
:107940008C008567130600020A85BEC482C082C20D
:10795000EF20016BB776000093864673014685459C
:107960000A85EFB0FF850145EFB03F9437770000FF
:107970001307277781460546B7050E000545EFB08A
:107980008FF183C5C181373501409D4605461305FA
:107990000580EFE05F9D0545EFE07FA837A500205B
:1079A000930905C8130600328145130505C8EF8009
:1079B0009FB937A40020130404BC1309001937A58C
:1079C00000202320340123122401930905FA2324E3
:1079D0000400130600328145130505FAEF80BFB697
:1079E0008D475EAC938781A41CCCB7A700209387FA
:1079F000C7B55CD0B7A70020938707B71CD8B7A737
:107A00000020938747B85CDCB7A70020938787B92D
:107A10003CC4B7A700209387C7BA7CC8B7A700208B
:107A2000938747C43CD0B7A70020938787C57CD4F1
:107A3000B7A700209387C7C6231824012326340143
:107A4000232A04002310040206B42316040246B8B5
:107A5000231C040223109404231204042316940408
:107A600023180404231C9404231E040423129406E4
:107A70002314040623189406231A0406231E9406CE
:107A8000231004083CDC25616F809FAAEF82BFA809
:107A90007D45EF10000FB7040020938444060605CF
:107AA00026951E2137A40020130404BC7D455EA04A
:107AB000EF10200D0605AA949E20130520021EA893
:107AC000EF10A0082AA413054002EF1000086AA8CE
:107AD0006F80BFA61A251C410607BA978EA31E25E4
:107AE0005A218507C207C1831EA563E4E70023145A
:107AF0000500828052211A2581469305F6FFC205B2
:107B0000C1818147631CD6000315A5003305C5025A
:107B1000898F33C5C70242054185828011E32E87D4
:107B20007D174207032805004183931817004698E4
:107B3000031808008506C206C297C182E1B7EF822A
:107B4000FF9B41112A8A1305800DEF10800337A493
:107B5000002085472A89130404BC6307FA0A894771
:107B60006307FA0C13054402EFF0DFF84205130631
:107B70004006938541A64181EFD0EFB82A84414564
:107B8000EF102000AA892285EF101177B7E70100D6
:107B900003A607B583A647B5EF10212693878188F2
:107BA000D297802385476382F90A89476383F90E58
:107BB000B7E7010003A687B583A6C7B51344F4FF52
:107BC00033742401EF106123EF20A11C2AC6EF209B
:107BD0008111B7E7010003A607B683A647B6137461
:107BE000F40FEF102116B26763540500D30700F0BD
:107BF000A2851305800D3EE6EF00B070B26741012B
:107C0000538507E06F80DF924545EF009077AA89A2
:107C100013050403EFF01FEE938541A613064006FB
:107C2000890542054181EFD00FAE2A84A9BF49459D
:107C3000EF003075AA891305C403EFF0BFEB9385FD
:107C400041A6130640069105E9BFB7E7010003A668
:107C500087B583A6C7B5EF10411AEF2081132AC656
:107C6000EF206108B7E7010003A607B683A647B671
:107C7000EF10410D634B0504B7E7010007A787B478
:107C8000B267D397E7A0A9C7336489001374F40FD0
:107C900085B7B7E7010003A687B683A6C7B6EF107E
:107CA000C115EF20010F2AC6EF20E103B7E701005D
:107CB00003A607B783A647B7EF10C10863470500BF
:107CC000B7E7010007A7C7B465BFD30700F06DBFD2
:107CD0001344F4FF3374240155BFB94763E6A71476
:107CE000EF827F83796793162500130747A03697A5
:107CF0001C432A84828737A50020130505C2EFF0B4
:107D00007FDF42054181EF103158B7E7010003A63C
:107D100007B583A647B5EF10410EEF208107D307C3
:107D200005F029A0938701A5B6979C63538507E0CA
:107D30006F80BF8037A50020130585BDEFF09FDB66
:107D4000D37705D0538507E0EF10F179B7E701004D
:107D500003A607B583A647B5EF10210AB7E70100D0
:107D600003A607B483A647B47DB70145EFF03FDD16
:107D70007DB70545E5BF0945D5BF9947194563035B
:107D8000F4001D45B1473305F502B7A700209387DE
:107D900007BC3E95EFF01FD61317050199474183A5
:107DA0000D456303F4001145896593850571B3059D
:107DB000B7028567FD17998FD3F707D053F705D022
:107DC000D377F718D38507E0EFD08F9AB7E7010094
:107DD000D30705F007A747B3D397E7A0A1DBD307E5
:107DE000E720A9B737A500201305C5C2EFF09FD043
:107DF000B7E70100D37705D007A787B3D3F7E7101C
:107E000035B70395A1A6D37705D00DB737A50020C8
:107E1000130585C3E1BF0395C1A6F5B787A701A4E4
:107E200031B787A741A419B7D30700F0538507E0FE
:107E3000828052211A2581469305F6FFC205C18131
:107E40008147631CD6000315A5003305C502898F41
:107E500033C5C70242054185828003280500931877
:107E60001700469803180800C29711E32E877D1764
:107E700085064207C2064183C182E1B7EF82AFE6C1
:107E800041119307B05D7C8323120100EF90FFBC8A
:107E9000B7E7010083AB07AB03AC47ABB7AA002041
:107EA000938A0ABC2AC61544014B01498144B7890B
:107EB00000205E8DE28D938CCA06094A85456800D4
:107EC000EF90BFE563060900630F49010549FDB75F
:107ED00037350140854513050580EFE04FC709455B
:107EE000EFC0AF8E1DAA05473400194681450145F4
:107EF000EFA0CFE2A247898BA1C737A900201309C1
:107F0000C9B4138A8A01831509005285310AEFF03A
:107F10007FBC0909E3994CFFA947B3F7F402054B6D
:107F20006312F4027D141374F40F11E02544373505
:107F30000140854513050580EFE06FC1014B19A095
:107F4000E31C0BFCA247918B6382070C056A138923
:107F5000C93D130A0A774A9A8315090001450909A0
:107F6000EFB02F86231FA9FEE31849FF1385C93DF3
:107F7000EFF06FF7930521001385C93DEFF04FF83F
:107F8000AA869305610009461385C93DEFF0CFDF4E
:107F90002C839307A05D63EFB70409461385C93DA1
:107FA000EFF02FEFD30705F0539517C01319050114
:107FB00013590901D37719D0538507E0EF10B15257
:107FC0005E86E286EF007163EF10B15C23A2A1A48C
:107FD0004C004A85EFC03FF0D37715D0538507E0BA
:107FE000EF1071506A86EE86EF003161EF10715A22
:107FF00023A0A1A48565938585BB0145EFB06FAC37
:108000000145EFB08FAA0945EFB03FFC850493F41A
:10801000F40FA54763F397008144094979BD9C4259
:1080200021476369F708EF826FCD79678A071307E5
:1080300007A4BA979C43B6843289AE892A84828782
:10804000EFB09F84098919C101459DA02285EFB039
:108050001F8785479CC0CDBFEFB03F8205896DD596
:108060009305A00D2285EFB0BF878947E5B7EFB034
:10807000DF80098971D92285EFB01F81CE852285E5
:10808000EFB03F858D47F9B7EFB02FFF13750508A7
:1080900045DDCA852285EFB0DF83A14765BFEFB01C
:1080A000CFFD137545084DD12285EFB01F800545E2
:1080B0006F800FC8014582809C4229476364F70C9A
:1080C000EF82CFC379678A07130747A6BA979C4305
:1080D000B6843289AE892A848287EFB0EFFA0989A3
:1080E00019C1014571A82285EFB06FFD85479CC07D
:1080F000CDBFEFB08FF805896DD59305A00D228512
:10810000EFB00FFE8947E5B7EFB02FF7098971D9B6
:108110002285EFB06FF7CE852285EFB08FFB9147B8
:10812000F9B7EFB08FF51375450845DD2285EFB03F
:108130000FF9A9476DBFEFB04FF405895DD19305E5
:10814000A00D2285EFB0EFFA994755B7EFB0EFF2E7
:10815000098941D92285EFB02FF39D4749BFEFB080
:10816000CFF11375050435DD2285EFB0EFF92285D7
:10817000EFB08FEF2300A9002285EFB00FF3054584
:108180006F800FBB014582809C411D476367F718D4
:10819000EF82CFB679678A07130707A9BA979C437E
:1081A0002A84411113451500368AB2842E898287AC
:1081B000B286930500032946EFF07FE68547631BEF
:1081C000F5042320A90023A00400A9A0B2869305EA
:1081D00000031306F100EFF03FEE8547631CF50244
:1081E0009C87A18BEDF389472320F900E9BFB7A74E
:1081F00000209387872E131634003E96A686994555
:10820000EFF09FEB85476317F50023A004008D472F
:108210002320F90041016F80AFB1B2860E0437A66A
:10822000002005041306862E22969D45EFF0DFE818
:108230008547E311F5FE23A004009147D1BF37A77E
:108240000020931A34009309872E13862A00A686ED
:108250004E96A145EFF05FE68547E31DF5FA3387BB
:1082600059011C2314332C23C207A206D58FCD8FAE
:108270003707800093D5B7006379F700B70500FF93
:10828000AE97AD8393950701C18131453304A402B4
:1082900037A500202310BA00130505BCC205C1850F
:1082A0002295EFF03F83954781B7B2860E0437A63B
:1082B00000200D041306862E2296A545EFF0DFDF81
:1082C0008547E319F5F4994705B7B7A90020131AB4
:1082D00034009389892E13064A00A6864E96A94536
:1082E000EFF09FDD8547E317F5F233348000314529
:1082F00025043304A402D29983C5390083C74900F9
:1083000037A50020A205BE95C205130505BCC18591
:108310002295EFF02FFC9D47C1BD82800547A38CBD
:10832000E1A4238D01A4828003C5A1A5828003C797
:1083300091A549CF138691A5138581A51821938610
:1083400081A52548B7A700209385072C6362E80222
:1083500083D6A1A693171700AE9796A39307A700FD
:108360008607BE9583D7C1A6050718A19EA1828066
:10837000EF826F9A9387072C138547010147814548
:1083800003D807008907C29503D827014297E3194C
:10839000F5FEA947B3C5F50237A40020130404BCB9
:1083A0001305200223000600238006003347F7024E
:1083B0002EA4C205C1817AA8512B6E281305400254
:1083C00071230547238DE1A46F802F978280EF8270
:1083D000EF92371401404111A16513050480EFB0FD
:1083E0006FB61305803EEF90DF9FA16513050480F3
:1083F000EFB04FB4B7A400201305803E938404BCB3
:10840000EF903F9E1D44EF10001302C402C6EFF030
:10841000EFE7938AC400EF904FE42A8B02C002C2B8
:1084200013092003824763848700639A27019247D8
:1084300063848700639527010545EF909F9AEF902D
:10844000CFE13305654142054181E54763F3A70468
:108450008247638687000545EFB02FC502C4924767
:10846000638687000145EFB04FC402C62685EFF052
:108470005F9CD37705D0138901A556852720F90085
:10848000EFF03F9BD37705D02722F900EFF03FEACA
:1084900059B7954763F8A700824791E34AC09247CE
:1084A00091E34AC29386A1A630008A850145EFF088
:1084B000BFCD9386C1A670004C000545EFF0DFCC20
:1084C00095B77300203037E501001971130585B7A2
:1084D00082FE86FC8AFA8EF892F696F49AF29EF064
:1084E000A2EEA6ECAAEAAEE8B2E6B6E4BAE2BEE0D4
:1084F00042FE46FC4AFA4EF852F656F45AF25EF044
:1085000062EE66EC6AEA6EE872E676E47AE27EE0B3
:10851000EF20711CEF80AF8DAA8537E501001305B0
:10852000C5B8EF205109EF80EF8CAA8537E501002F
:108530001305C5B9EF203108EF802F8CAA8537E5E8
:1085400001001305C5BAEF20110701A0317106DF44
:1085500016DD1ADB1ED92AD72ED532D336D13ACF23
:108560003ECD42CB46C972C776C57AC37EC182FE74
:1085700086FC8AFA8EF892F696F49AF29EF0A2EEB3
:10858000A6ECAAEAAEE8B2E6B6E4BAE2BEE042FE83
:1085900046FC4AFA4EF852F656F45AF25EF062EE93
:1085A00066EC6AEA6EE872E676E47AE27EE0EFD0A4
:1085B000AFDA13050008EFE00FB7FA50EA525A534A
:1085C000CA533A55AA551A568A567A47EA475A481C
:1085D000CA483A4EAA4E1A4F8A4F7670E6705671C4
:1085E000C6713672A672167386737664E664566533
:1085F000C6653666A666166786677278E27852792F
:10860000C279327AA27A127B827B726CE26C526DF2
:10861000C26D326EA26E126F826F296173002030BC
:10862000197182FE86FC8AFA8EF892F696F49AF216
:108630009EF0A2EEA6ECAAEAAEE8B2E6B6E4BAE292
:10864000BEE042FE46FC4AFA4EF852F656F45AF2A2
:108650005EF062EE66EC6AEA6EE872E676E47AE272
:108660007EE0EFD0DFAE7670E6705671C67136727E
:10867000A672167386737664E6645665C6653666BA
:10868000A666166786677278E2785279C279327A7E
:10869000A27A127B827B726CE26C526DC26D326E7A
:1086A000A26E126F826F0961730020301971294523
:1086B00082FE86FC8AFA8EF892F696F49AF29EF082
:1086C000A2EEA6ECAAEAAEE8B2E6B6E4BAE2BEE0F2
:1086D00042FE46FC4AFA4EF852F656F45AF25EF062
:1086E00062EE66EC6AEA6EE872E676E47AE27EE0D2
:1086F000EFC09FE8854537050040EFE05FB9767031
:10870000E6705671C6713672A672167386737664F9
:10871000E6645665C6653666A6661667866772782D
:10872000E2785279C279327AA27A127B827B726CB9
:10873000E26C526DC26D326EA26E126F826F096171
:1087400073002030EF723FDD03A5C1A74111700017
:108750008145EFA08FA2B24791C7B7E700E011674C
:1087600023A0E72041016F705FDDEF72DFDA03A520
:1087700081A74111238001A881467000938501A83B
:10878000EF80BFA3B24791C7B7E700E0116723A00E
:10879000E72041016F707FDA138581A782801385FE
:1087A000C1A78280AA870A211307500D6365A70419
:1087B000EF727FD698470546AC23B433630BC700EE
:1087C00019C70946630EC70001456F701FD7152EE4
:1087D000E5BF854799E1B337D000BE85852AEDB75F
:1087E00013978501C206558F4D8FCC23A205D98DD5
:1087F000EF00606CD1BF05458280EF72DFD1930539
:10880000500519E1930540040545EFB0DFDE7D56C4
:1088100085450145EF905FC56F703FD2EF721FCE67
:108820007971854513050004EFE0AFC6F165056772
:1088300089460146938505200545EFB09FCF3786D1
:108840000000B785000001478946130646749385EA
:10885000A5760545EFB07FD605457969EFB07FD4A1
:1088600001441309C9BB3C0803A581A7B38A87004B
:108870002946D685EF80DFA69384418205E18547AE
:108880009CC001441C183E94034784FE9307500586
:10889000631FF70089479CC00544F1B79C4011470E
:1088A000FD17E362F7FC8A07CA979C438287054558
:1088B000EFF0BFF4014445BF03C70A00894763F8DE
:1088C000E7000545EFF07FF385479CC0E5B78D478E
:1088D0009CC0094449BF05041374F40F9147E3F4A5
:1088E00087F89CC049B705041374F40FA147E3FC53
:1088F00087F69547FDB705041374F40FB147E3F409
:1089000087F6EFD0DFC889452808EFD0FFC8EFD041
:10891000BFCA8347A101E316F5FA834791012205F7
:1089200031463ED68347B1014C105D8DBC86231283
:10893000A1020A852313F102BC872314F102EF1070
:10894000216C0A85EFF01FE62DFDADBFB7A7002013
:108950009387872F3E950CA1A1810CB18280EF7285
:108960009FBB9307300641112A846306F5009307E5
:1089700050066316F5002EC6EF508000B2452285E2
:10898000EFF0DFFCB7A500209385852F0947A946A6
:108990000946A2952285EFC02FCB41016F70FFB928
:1089A000EF727FB781451305000DEFF05FFB6F702D
:1089B000DFB8EF725FB6930780062A8493F4F50F51
:1089C000630EF50C63E3A706C94763E1A704C1473B
:1089D0006370F512A1476306F510B5476303F50E02
:1089E0009947631CF5028D47014563EDB70A63881B
:1089F0000510B7A500209385852F84A50947A946B2
:108A00000546A1052145EFC02FC401A8FD47630D10
:108A1000F50893077006630DF504B7A70020938748
:108A2000872F3E9404A00545B5A89307600B630B00
:108A3000F50463E2A7029307A0066301F5066368E5
:108A4000F5069307B006E31AF5FCE14763E7B70ABA
:108A5000E9F58544D9B79307900D630BF50663EDEF
:108A6000A7009307A5F2C207C1830547E367F7FA9A
:108A70008547E3E0B7FE55B79307B00DE31FF5F860
:108A8000914725A08D470D4563EEB700B7A700209D
:108A900003C51736A685EF30F07B41B789470945F6
:108AA000E3FDB7F66F707FA999470145D5BF8947A8
:108AB00063F3B7008944B7A7002083C5E73A26854A
:108AC000D9BF93074006E3FAB7F493044006B1B761
:108AD00091470145E3E8B7FCB7A70020A385973C81
:108AE0002DBFB7A7002083C7E72F01459DD75DBFE6
:108AF00089470145E3F397F275B7E14439BF8144F3
:108B000029BFB7A700209387872F3E950CA18280AD
:108B1000EF727FA02A84EFF0DFE901CDB7A5002036
:108B20009385852F0947A9460546A2952285EFC062
:108B3000AFB16F709FA0B7A700209387872FAA9728
:108B4000983388232207598D8280B7A70020938706
:108B5000872F3E951C310821A2075D8D4205418576
:108B60008280B7A700209387872FAA979833A823DE
:108B700022074205498F8823498FA8336205598D02
:108B80008280B7A700209387872F3E950821828097
:108B9000B7A700209387872F3E9593D785000CA118
:108BA0001CB193D70501E1813CA12CB18280B7A70C
:108BB00000209387872F3E9593D785000CA11CB189
:108BC00093D70501E1813CA12CB18280EF721F9304
:108BD000B7A400201306500D81451385842FEF7034
:108BE0009F96930640061306500D9385842F0145EA
:108BF000EFB0FFFC8947631D052A1384842F1820DA
:108C00001309100781476305272B1306500D814573
:108C10001385842FEF703F93930720503EA0930756
:108C200010025CA0930700FC3CB8B7070AC093870A
:108C3000871A5CC8B70701FF9387871A1CCCFD57BA
:108C40005EAC930710107EA0B7C7C5FA938717B024
:108C50001CC4B73714059387072F5CC48547A3044A
:108C6000F406A305F4069307F0302316F406B7E7DD
:108C7000010083A507BD15471305700578BC2300C7
:108C80002401EFF0DFF2B7E7010087A747BD130526
:108C9000B005B7E90100D38507E0EFF05FF1B7E772
:108CA000010087A747BD1305F005D38507E0EFF066
:108CB0001FF0B7E7010087A787BD13057002D385B2
:108CC00007E0EFF0DFEEB7E7010087A7C7BD1305A8
:108CD000B002D38507E0538907E0EFF05FED87A787
:108CE00089BD1305F002D38507E0EFF05FECCA857C
:108CF00013053003EFF0BFEB87A789BD13057003A1
:108D0000B7E90100D38507E0EFF07FEACA851305D4
:108D1000B003EFF0DFE9B7E7010087A707BE13054F
:108D2000F003D38507E0EFF09FE8CA851305300410
:108D3000EFF0FFE787A709BE1305F004D38507E02E
:108D4000EFF0FFE6CA8513053005EFF05FE687A771
:108D500009BE13057004D38507E0EFF05FE5CA850F
:108D60001305B004EFF0BFE4930740F8A301F40645
:108D70009967938737802312F40689472303F40603
:108D80009307601F1EB0B7072C0193876709232440
:108D9000F40CB7E7010083A547BE1305E00AEFF026
:108DA0001FE1B7E7010083A587BE1305200BEFF095
:108DB0001FE0B7E7010083A5C7BE1305A00AEFF0C7
:108DC0001FDF9305000013050007EFF05FDEB7E734
:108DD000010083A507BF13054007EFF05FDDB7E78C
:108DE000010083A547BF1305C007EFF05FDC9305C3
:108DF000000013050008EFF09FDBB7E7010083A533
:108E000087BF13054008EFF09FDA8D472317F4065C
:108E1000B7E7010083A5C7BF1305C008EFF03FD92E
:108E20009305000013050009EFF07FD8B7E70100B4
:108E300083A507C013054009EFF07FD7B7E701000E
:108E400083A547C01305C009EFF07FD6B7E701003F
:108E500087A787C01305000AD38507E0EFF03FD549
:108E6000B7E7010087A787C01305400AD38507E04D
:108E7000EFF0FFD3930700109306803E1306500DCA
:108E80009385842F0145231BF40AEFB05FEA19E5AF
:108E900037E501001305C5C0EF20E1039306400646
:108EA0001306500D9385842F0145EFB05FD18547A0
:108EB0003E856F70EFE7EF720FE62A84EFF03FCF49
:108EC000B7A500209385852F0947A9461146A2958D
:108ED0002285EFB07FF76F704FE63E211A21C2075F
:108EE00033E5E70082808AA14181AAA18280B7A7E9
:108EF00000209387872FAA979833A823220742053B
:108F0000498F8823498FA8336205598D8280EF727B
:108F10008FE041112AC41305B00599C11305F0056E
:108F2000EFF0FFFC530700F0A267D30605F05305EE
:108F300007E0D3A7E7A0B9EFD3A7E6A0A1EFD31727
:108F4000F7A05387F72099E35397F720530507E0DD
:108F50003EE636E4EF003159A2662A84AE8453859A
:108F600006E0EF0051582A86AE862285A685EFF0EE
:108F700040772A86AE86EFF05068530700F0B2675C
:108F80002E87D307F7A081E7370700802D8FBA859A
:108F9000EF00316041016F704FDA011122CC4ACAF3
:108FA00006CE4EC82A892E841305000A99C11305DE
:108FB000400AEFF0DFF3D30700F0D30609F05307C0
:108FC00005F0538507E0D3A7F6A09DEF4A853AE662
:108FD000EF00715132672A89AE89530507E0EF002F
:108FE00091502A86AE864A85CE85EFF01061B7E7AC
:108FF000010003A607C283A647C2EFF01060EF008E
:109000005159A285EFF0BFF0F24062445249C24983
:1090100005618280530705F0D30700F0D327F7A03E
:10902000BDE3EF724FCF4111AA84EF00D14B5387BC
:1090300004F0D30700F02A84D397E7A081E7B707AD
:109040000080BD8D130570052EC6EFF05FEAB245B6
:109050002AC42285AE87BE85EF705065EF0071533C
:10906000530705F0A267D38604F0D377F7105307B0
:1090700000F0D397E6A099C3D397F720538507E074
:1090800041016F708FCBD30700F0538507E08280DA
:10909000EF726FC82A841305B00599C11305F00556
:1090A000EFF0FFE4530700F0D30704F0AA84D3A73E
:1090B000E7A0D307E720A9E32285EF00D142D30739
:1090C00004F0530700F0D317F7A081E7B70700803B
:1090D000BD8DEF70B05DEF00D14B538704F0D30727
:1090E00005F0D30604F0D3F7E710530700F0D39749
:1090F000E6A099C3D397F720538507E06F70EFC3BD
:10910000EF726FC14111AE84EFF09FF82A8413050E
:10911000000A99C01305400AEFF07FDDD30705F080
:10912000530700F02AC6D3A7E7A0530507E09DEB3D
:109130002285EF00513BB2672A84AE84538507E055
:10914000EF00713A2A86AE862285A685EFF0605937
:10915000B7E7010003A607C283A647C2EFF0605835
:10916000EF00314341016F704FBDEF72CFBAB7A727
:10917000002083C7073691C705476387E7006F70F4
:10918000CFBBEFF0DFD8E5BFEFF03FE1CDBFEF722F
:109190008FB8B7A7002083C7073691C705476387F5
:1091A000E7006F708FB9EFF0BFEEE5BFEFF05FF54E
:1091B000CDBFEF72AFB42A8439711305000D2E892B
:1091C000B289B684EFF03F97636085082A8A130559
:1091D000200DEFF05F96B307454163DA0700636344
:1091E00045077D14330444412A94420441801D45BF
:1091F0003305A4020947D1461D466C001305550DE1
:1092000042054181EFB03F89188681479546137624
:10921000170019E68507C207C1830583E399D7FEC6
:109220002300F9009C86B8809CA41C87DCC09C8726
:109230009CB4834721012390E9002381F900216137
:109240006F700FAF2A8465B723000900CDBFEF729E
:109250008FAC0111AA841305200DEFF0DF8D2A8455
:1092600068004482EFA0DF904808EFA0FF931D45FF
:109270003305A4028347C1013886A946DC82E24750
:1092800078841D465C838347D1011305550D420543
:10929000DC831C8709474C0041815C85EFB0DFBA55
:1092A00013051400420541819307100363F3A700DF
:1092B000014537A400209307842F2389A70C1305A9
:1092C000000DA389070CEFF01F8793071003930588
:1092D000842F63E7A70005052388A50CA388050C48
:1092E0000947A94611469385050D1305000DEFB0FA
:1092F000BFB505616F706FA4EF72EFA137A40020B6
:109300001304842F9305C40C0947A946114613057D
:10931000C00CEFB07FB3930564020947A946054628
:1093200013056002EFB05FB2930524020947A94616
:10933000094613052002EFB03FB1930544020947E7
:10934000A946094613054002EFB01FB00947A946D8
:1093500005469305340D1305300DEFB0FFAE6F7069
:10936000CF9D914763E0A704EF72EF9AF967938767
:1093700087C20A053E951C418287856593850580D5
:109380003725014013050580EFA02FBA1375F50F9F
:109390006F70AF9A8565EDB78965DDB79165CDB71B
:1093A000A165F9BF01458280954763E5A704EF7287
:1093B0008F96F9679387C7C30A053E951C4182873C
:1093C000930500043725014013050580EFA0EFB594
:1093D0006F70AF9693050002F5B7C145E5B7A1459B
:1093E000D5B79145C5B73715014093050010130552
:1093F00005C0E9BF01458280EF72EF918547630C9C
:10940000F50209C989476305F5048D476307F5042B
:109410006F70AF9289E937150140C14513050540CA
:10942000EFA04FB1F5B737150140C1451305054011
:10943000EFA04FB1F1BF99E5A145371501401305E4
:1094400005C0F9BFA14537150140130505C0CDB7CB
:1094500099E1C145DDB7C145FDB781E5930500023E
:10946000E9BF93050002C5B7EF72EF8A7971A9478A
:109470003ED23ED0B7970000938727364C0801456F
:109480003ED602CCEFB0DFDB4C080545EFB05FDB2A
:109490004C080945EFB0DFDA4C080D45EFB05FDA54
:1094A0004C081145EFB0DFD9B79700009387873F8D
:1094B0002C0001453EC802C6EFB01FD12C00054567
:1094C000EFB09FD02C000945EFB01FD02C000D4508
:1094D000EFB09FCF45616F704F86EF72CF83011160
:1094E00099475C84938741A83EC89387C1A83EC62C
:1094F000B7071464D1073ECA8947230CF10085677A
:10950000938787BBFC85B79700009387873A28002D
:109510003ECEEFB05FEC05616F702F82EF62BFFF50
:10952000EFF0BFFBEFB09FEAEF80BF8BEFB0BFEF74
:10953000EFB05FD4C5BFEF621FFE371401408565F1
:109540004111130504C0F1460146938505C002C0D0
:1095500002C202C402C6EFA00F9AF14601461305EB
:1095600004C09305000CEFA00F99B79704009387F0
:10957000073E3EC0B70700403EC2B70700043EC4E6
:109580008A85916701457C86EFA00F9E8A850545F7
:10959000EFA08F9D0145EFA00FB00545EFA0AFAF45
:1095A00041016F609FF9EF627FF5011137140140AF
:1095B000EFA08F99F146014613050480C145EFA045
:1095C0008F93130504C08D45EFA0EF909305000322
:1095D00037150140EFA02F90130504809305400E2E
:1095E000EFA06F8FB72401401385048093050078A6
:1095F000EFA06F8D13050440B165EFA0CF8C85659A
:1096000037150140EFA02F8C130504408D45EFA0C6
:109610008F8B130504409305000EEFA0CF8A13052E
:1096200004409145EFA02F8A130504408565EFA003
:109630008F89E1460146130504C0A965EFA0AF8BF1
:1096400091677C866C0093078004130504C03ECAB2
:10965000231701002318010023190100EFD04FAD9B
:10966000130504C08565EFA00F86914537150140AD
:10967000EFA06F851305044093050004EFA0AF84AD
:10968000370613808D65E146410613050440938536
:1096900005A0EFA04F86130504C093058003EFA03B
:1096A0008F8213050440C145EFA0EF810569930542
:1096B00009C037150140EFA00F8113850480930581
:1096C000C007EFA04F82130504C093050010EFA060
:1096D0008F81C1651385048093850580EFA0AF80DD
:1096E00081450145EFC09FF0130504409305000438
:1096F000EFA04F84130504C093050020EF90BFFC3A
:10970000B709308013862900138504809146894566
:10971000EF907FFE1386290013850480E14685457E
:10972000EF907FFDE146014613050480930500405C
:10973000EF907FFC13050480A165EF90DFF813051F
:109740000480A165EFA00F8085451165EFD02FD86B
:109750001145912EEFE00F90B7B51D00654693853A
:1097600095150945EFA05FB9930500020945EFA0E3
:109770007F87BD659D46130689BB938505A6214558
:10978000EFA07FC31306401F9D452145EFA05FD08A
:109790002145EFA07FD82145EFA03F83680002C696
:1097A00002C802CA02CC02CEEF907F9785450145E0
:1097B000EFC01FE19305803E0145EFC03FE3EFF0AE
:1097C000BFCA9D450545EFB06F9AEFB02F8A05617E
:1097D0006F601FD6EF623FD4B7A70020238CA73C51
:1097E0001145EFA08FFE13064006FD550945EF8099
:1097F000BFC76F609FD4138541A98280EF62BFD13C
:10980000B7B7002083A5C78137A500201306004005
:109810001305853EEF00617C1375F50F6F60FFD176
:10982000EF62FFCC37140140130504409145EF90DF
:109830007FF11305044093050008EF90BFF08565A4
:1098400037150140EF901FF02945EF808FD98565CE
:1098500037150140EF901FEE2945EF808FD8130593
:10986000044093050008EF90FFEC85653715014033
:10987000EF905FED2945EF80CFD685653715014024
:10988000EF905FEB2945EF80CFD5930500081305D6
:109890000440EF903FEB1305F003EFF0BFF30545F5
:1098A000EF802FD49305000813050440EF909FE844
:1098B0001305F003EFF01FF20545B7A90020B7A488
:1098C0000020EF800FD2B7AA00209389897E13046D
:1098D00004409384843DA14B7D5685450145EF802E
:1098E000BFB883A549031306004013858A3EEF00E5
:1098F0002171138A8A3E0149930500082285EF9061
:109900007FE413050004EFF0FFEC136B890B5A851D
:10991000EFF05FEC930500082285EF90BFE113059F
:109920000004EFF03FEB5A85EFF0DFEA9307000801
:10993000114523A244019CC4238004002396040003
:109940000509EFA08FE813064006FD550945137978
:10995000F90FEF807FB1130A0A08E31F79F9ADBF51
:10996000EF627FBBB71401402A8413850440EF9057
:10997000FFDC935524409317E4008D89DD8D9167BA
:10998000F1177D8DC98DC205C18113850440EF900B
:10999000BFDAB724014013850480EF903FDA0E044C
:1099A0001375F58713740478498C93150401C181EC
:1099B00013850480EF905FD86F603FB8EF62BFB54A
:1099C00083C781A9411137A4002002C6938481A9CD
:1099D0001304843DA5EB37190140930500021305DC
:1099E0000940EF903FD61C2085651305094085C7C7
:1099F000EF905FD50820EFF0BFF623140400371571
:109A00000140914513050540EF90DFD285479CA0AA
:109A100041016F609FB2EF90FFD15A249307F0038A
:109A2000930500081305094063EBE700EF909FD012
:109A30003A245C40BA978823EFF09FF2C9B7EF90C1
:109A40007FD0FDB737150140914513050540EF90D4
:109A50007FCF5E241307F0078507C207C1836361C8
:109A6000F7045EA43E241A248507C207C1833EA4DE
:109A700063E5E7021145EFA07F8103A541A97C00C2
:109A800001478D4605468945EF80BFD1B24791C752
:109A9000B7E700E0116723A0E720238004008DBF13
:109AA00023160400C1B7EF621FA7B7A60000B7B521
:109AB0000A00814705479386C69B0546938505E6C0
:109AC000EFA01F87371501409305000213050540DD
:109AD000EF905FC737A40020B725020081460146FA
:109AE0001305847E93858582EF604052B70502009E
:109AF0009385855A1305847EEF60F0391305847EC3
:109B0000EF60004E6F607FA3EF62FFA00945EFC0DA
:109B10009FFBEF30607DEF60BFAEEFF0DFA87165B7
:109B200013050520EF60FFB6EF30A069EFF00F8A54
:109B3000EF30105DEF30D059EF30303AEF60000574
:109B400083A5C18237E50100130545C5EF10A126A5
:109B5000EF701FE701A0EF621F9C1545EFF06F82C9
:109B600011C10945A38CA1A86F603F9D03C591A9B0
:109B70008280EF62BF9801112A890545EFF06F805E
:109B8000B7B40020930730062A8A9384448963EC93
:109B9000271F7967931719001307C7F73E97A697F2
:109BA00082239307B0038359070063E5270379678E
:109BB00093172900130787C6BA979C43828719C851
:109BC000EF30305F8947631AF50085476317FA0065
:109BD000EF40802505616F60BF95EF30905D11E526
:109BE00063150A00EFE08FF3F5B7239E0402DDB79B
:109BF0008D47138991A963FA870683470900A1CB92
:109C00009D67138717406302E40293872740631020
:109C1000F40485450545EFE0BFEFB707EFBE37E732
:109C200000E0938707083CC739A881450545EFE068
:109C30003FEEB707EFBE9387070837E700E03CC762
:109C40008347090089E7834709009EA061B793070E
:109C500050056315F400EFE0BFD4F5B79307A00AF1
:109C6000E313F4FEEF30C053F9BF23008900631FF4
:109C7000F400EFF06FE813054006EF808F96B7070A
:109C8000EFBE37E700E0938707083CC7834709002A
:109C900081EB1545EFE0FFEE85478145630DF5004B
:109CA000034709008947E317F7F21545EFE07FED19
:109CB000E31205F285451545EFE09FE521BF03C797
:109CC00091A98947E318F7F01305F9FF06052695D2
:109CD000EFF0AFA0AA8513F5F90FEF500004DDBD3A
:109CE0002285EFD03FB3FDB5DE28E375F4EEA28503
:109CF0004E85D9B7BE28E3FF87EC9E2CFDB7DE2842
:109D0000E3FA87ECFE28D5B79E2CE3F587ECC5B7C0
:109D100083C791A9E38007ECD9BFDD47E3EC87EA6D
:109D2000FE204808230AF1009E24A30AF100BE2465
:109D3000230BF100EF905FF171BD9307B003F9BF02
:109D40007D1442044180F947E3E687E8DE244808B1
:109D5000230EF100FE243ECC9E28A30EF100EF90CE
:109D60007FF38DBD7D1442044180AD47F1BF930761
:109D70002006D9BF83C791A9E38E07E4A2854E854B
:109D8000EFE0FFBD81BD1307C9F906079307B9F9D5
:109D900029E993161900A6968E22F9669386C6FCC9
:109DA0003697C2070223C1833147E365F7E279673B
:109DB0008A07130787D5BA979C43828793F5F50FD7
:109DC0002285EFE01FBF39B513F5F50FEF30303CBA
:109DD00011B51305F9FF06052695EFF00F90AA853A
:109DE0007DA02697860783590700F966130789F334
:109DF00013161700938646EFBE9493170701B29689
:109E0000C183130720048222E366F7DC79678A079F
:109E10001307C7D8BA979C438287EF40902EE30B75
:109E200005DAEF40B02F06059387C18AAA978223EF
:109E3000268565B7EF40F02CE30E05D8EF40102ED5
:109E400006059387418ADDB72685EFF00F89AA843E
:109E5000EFF07069B7E7010003A6070783A647077D
:109E60002A89AE89EFE0106E63450502B7E701006D
:109E700003A6870783A6C7074A85CE85EFE0B061B2
:109E80006356A000B7E7010083A4C705A685228515
:109E90006DA8B7E7010083A48705CDBF2685EFF045
:109EA000CF83D30705F0530700F02AC4D397E7A068
:109EB000D30700F095E3EFF01063B7E7010003A6C6
:109EC000870783A6C707EFE0105DA2676356A0006F
:109ED000B7E7010087A7C705D38507E04DBF130586
:109EE0008006EFE01FCA89476308F5022685EFE088
:109EF000DFFEB7E70100D30705F007A707C0D317B8
:109F0000F7A081EBB7E7010007A70706D397E7A003
:109F1000E1D7D307E720C9B72685EFE01FFCB7E7F5
:109F20000100D30705F007A74706D317F7A081EB79
:109F3000B7E7010007A78706D397E7A099C3D30720
:109F4000E720D38507E01305C00BEFE0DFF659B13A
:109F50009305F9F193B5150026852EC6EFE0FFF7BE
:109F60002AC413058006EFE0DFC1A267B24519C914
:109F700085476300F502B7E7010007A74706D31737
:109F8000F7A079B7538507E0EFE07FF8D30705F036
:109F9000DDB7538507E0EFF04F80CDBF93F5F90FA4
:109FA00005B5CE852285EFE0BFB61305600BEFE067
:109FB0005FBDAA8513B51900EF20502621B9996716
:109FC000138797E86394E90085451DA09387A7E868
:109FD000E392F9C0894529A89967138787E9E38542
:109FE000E9FE63693701938777E98145E394F9BE18
:109FF0002285D9B1138797E9E38EE9FC9387A7E916
:10A000008D45E387F9FEF9B6CE85DDB7CE8522858D
:10A0100085BBEF624FD041111305F100EF30701B8B
:10A020009C8791E3014537B400201304449D231419
:10A03000A40CEF3070182315A40C13056002EFE098
:10A040005FB4231FA40C1305000DEFE0DFAEB7B71C
:10A0500000202317A40C03D5879701ED2328040CB7
:10A06000232A040C232C040C231E040C41016F60D2
:10A07000CFCC1375F50F7D15B7B6002042051389B7
:10A08000C6879384C1A99386C6871386C1A9930501
:10A09000F1004181EFF0EF91834789002318F40C20
:10A0A000832749002319F40C83479900231AF40CE1
:10A0B0009C20231BF40C9C30231CF40CBC20231D7F
:10A0C000F40C9C87231EF40C55B7EF622FC341118B
:10A0D00001453EE6EFD07FC0814537B90020EFF063
:10A0E0000F8B1304499D9305840CEFE0DFDF0545DA
:10A0F000EFD0BFBE8545EFF08F899305C40CEFE02C
:10A100009FDEEF40206CB7E7010087A687BDD3072D
:10A1100005F09305040D53F7D710531507C04205FA
:10A120004185537705D0D377D718538507E0EFE003
:10A130009FDBEF40E067D30705F0539517C0231A64
:10A14000A40CEF408063231BA40CEF404000231CB1
:10A15000A40CEF30D07F9147AA84B26763EAA704CA
:10A16000796793172500130787E9BA979C4382877D
:10A170001305E00AEFE0BFD78145EFF04F81D30729
:10A1800005F03DA01305A00AF5B71305600B3EE6E8
:10A19000EFE03F9F85476301F50A93178501E1874B
:10A1A000D9C389476304F5088D476304F508B2678E
:10A1B000538507E09305A40DED98EFE0DFD213057A
:10A1C0000000B9C8EF30E0788145EFE05FFCAA8479
:10A1D00013058006EFE0FF9A89476307F506268599
:10A1E000EFF070302A891305800BAE89EFE03FD085
:10A1F000EFF0702FB7E7010003A6070583A6470518
:10A20000EFE0204E4A86CE86EFE0303F4A86CE868B
:10A21000EFD0305AEFF0F0379305E40DEFE0BFCC0C
:10A2200041016F60EFB01305200BA9B7EF4010207C
:10A23000A1B7EF30F063A1B71305C007EFE03FCB44
:10A240003DBFD30700F0ADB71305C00BEFE03FCA29
:10A25000D30705F0538704F0D3F7E700538507E0F1
:10A2600065BFEF62AFA9796937B400208149938A4D
:10A27000C1881309C9FC13044489138A4189214BFD
:10A28000B3873A0186239387C4F98607CA978A233E
:10A290008604A294EFE03F8AB3073A018AA086239E
:10A2A00089099387C4F98607CA978A238604A294EA
:10A2B000EFE03F8D8AA0E39569FD9384C189138AFD
:10A2C000640083D9040089049387C9F98607CA9773
:10A2D0008A23EFE0DFC193951900A295EFE0BFC09C
:10A2E000E3119AFE8354440E1305000DEFE0BF8482
:10A2F000637895001305000DEFE0FF832312A40E91
:10A300006F600FA3EF628F9FF96493844403F96930
:10A3100037B400204111138AC400938949EF130414
:10A32000448903D904008904930789F38607CE97EB
:10A330008A23EFE0DFBB9305C9F98605A295EFE01C
:10A340009FBAE39044FF1305000AEFE05FBA93055C
:10A35000C40FEFE05FB91305400AEFE05FB9930562
:10A360008414EFE05FB8EF40C05963010510EF407F
:10A37000E05A931415009387C18AA6978A23EFE0C9
:10A380001FB72AC61385418A26950A21EFE03FB6FA
:10A39000D30705F03267530507E09305E40D3EE669
:10A3A000EFE07FB4B267F9649305240E538507E0AC
:10A3B00093848401138AA401EFE0FFB2930A400E54
:10A3C000094B03D904006318590B13058006EFE00D
:10A3D0004FFB6312650B1305C00BEFE05FB19305F4
:10A3E000C9F98605A2958904EFE0FFAFE39B44FD20
:10A3F000F96493840404138AA40003D90400890433
:10A40000930789F38607CE978A23EFE05FAE9375B3
:10A41000B9FF938505F293B51500EFE05FD793057B
:10A42000C9F98605A295EFE01FACE3189AFC79699B
:10A43000130909EE130A4901835409000909938796
:10A4400084F38607CE978A239384C4F98604EFE0C9
:10A450004FF3A2948AA0E3112AFF1305E006EFE070
:10A460008FED2314A41041016F608F8CD30700F08F
:10A470005387F7200DB7930789F38607CE978A2372
:10A48000A9BFEF624F890545EFE0AFEF8547631B3A
:10A49000F5001305300DEFE0CFEEAA851305900D02
:10A4A000EFE02FE66F606F89EF624F85930730060C
:10A4B00063E7A71083C791A937B90020130449891E
:10A4C00001451EA0EF40100A9305E403EFE0BFA191
:10A4D0000545EF40300993052404EFE0DFA009456E
:10A4E000EF40500893056404EFE0FF9F938941AA71
:10A4F000138541AAEF90CFE737B5002093048588F4
:10A5000013058588EF904FEA0545EFA03FD283C73A
:10A5100009002311A40E130500027EA083C71900B1
:10A520001EA483C72900930949893EA49C245EA4E4
:10A53000DC407EA49C34930449897D491EA8EFE049
:10A540008FDF0ABC4D4422850504EFE08FE342040F
:10A550008AB041808904E31824FF79641304C4FF9E
:10A560007969130AA4011309C9F7062009048604AE
:10A57000B30799008A23CE94EFE0AFE08AA0E316F8
:10A580008AFE0545EFE0EFDF11E9EFD0FFD97D1539
:10A590003335A000B7B700202398A78C0545EFE01E
:10A5A0004FDE8547631BF500EF30A040691513357A
:10A5B0001500B7B700202398A78C6F507FF705458B
:10A5C000EFE02FDC01E5EFF0DFC965BF9387818203
:10A5D000982305C323800700EFF0BFEA1305300D71
:10A5E000EFE02FDAAA8537E501001305C5FEEF007D
:10A5F000817CEFF03FD171B7EF527FEFAA8A05451A
:10A600002E843289EFE0EFD706059387C18BAA9796
:10A61000054503DA0700EFE0CFD63307890093073B
:10A62000000263DFE700931715001385418B3E9509
:10A630001E2105456368440BD297850763C4E70A6A
:10A640007D141317040141839307300663EEE70876
:10A65000B7E7010087A7C7BF796BB7B40020538C59
:10A6600007E08149130BCBEA9384449D930B40038D
:10A67000B3073B018843EFD04FE653070CF0D307F5
:10A6800005F0B38534019109D3F7E710539507C05E
:10A69000D37705D0D3F7E718538507E0EFE0BF8401
:10A6A000E39879FDEF201031CAB8EF20D02FEAB837
:10A6B000EF30802D2396A40C1305800DEFE06FCCB6
:10A6C0008ABCEF3030299385A403EFE0DF811307C4
:10A6D000CAF94207B7B6002041839386469D631F9F
:10A6E000090001456F503FE40545EFE08FC901E5E2
:10A6F000EFF03F92E9BFEFF05F9DD1BF8147634329
:10A700004401BA87B307F4408607B69792237D19B0
:10A71000890A2182238FCAFE9E2342090504A38F42
:10A72000FAFE1359090165BFEF525FDD41112A8915
:10A7300005452E84B28436C6EFE0AFC40605938784
:10A74000C18BAA97054583D90700EFE08FC33387F4
:10A7500084009307A002B24663DFE7009317150059
:10A760001385818B3E951E210545636F3407CE9777
:10A77000850763CBE7067D14A9CA85476395F6066E
:10A78000138AC9F9420AB7BA0020135A0A01938AF8
:10A790004A89B1C8814763433401D287034709001E
:10A7A000B307F4408607D69722079AA30909834680
:10A7B000F9FF13150401FD14558F4181C2049AA3BA
:10A7C0000504EFF00FBBC180E9B713150401418107
:10A7D000EFF09FCD1387C9F94207B7B60020418338
:10A7E0009386468989E4014541016F507FD48147B2
:10A7F00063433401BA87B307F4408607B6979223C0
:10A80000FD1409092182230FC9FE9E23C2040504F9
:10A81000A30FF9FEC180F9B7EF525FCE9384F5FF25
:10A82000C204C1803387C400914763CBE7063289F5
:10A830002E84AA899DC6854701456393F604338417
:10A84000C5004204418013891400420913590901CB
:10A850006307890283C509002685CA84EFA09F98F3
:10A86000DDB74A941385C1AA4204EFA01F99418025
:10A870001389140042091359090163158900014520
:10A880006F501FCBA68505461385C1AAEF40D02582
:10A89000AA86A68505464E85EF40901DCA84C9BF8D
:10A8A0000545F9BFEF529FC59384F5FFC204C180EF
:10A8B0003387C400954763C5E704B2892E844E945C
:10A8C0002A8A4204138501ABEFA0DFA84180CA8920
:10A8D00013891400420913590901631589000145C0
:10A8E0006F501FC5A6850546138501ABEF40D01FED
:10A8F000AA86A68505465285EF409017CA84C9BF2F
:10A900000545F9BFEF523FC115648544130404B0F7
:10A910002145EFE00FA7631395021D45EFE06FA6F9
:10A92000AA850547A2860D460145EF40701F6DF1CF
:10A93000EF40F03071FDEF40B032EDBF0145EF4028
:10A94000F027F5B703C681AB37B700208146130760
:10A9500007AD894593F7F60F63FDC7003688850676
:10A96000B308D70083C8F8FFE396B8FE4297854640
:10A9700014A39306F6FFB7B50020014793F6F60F30
:10A98000938505AD85486313E60082800DE181EF74
:10A99000B6873388F5000343080063111303894722
:10A9A0002300F8008280FD1793F7F70FDDB78507C6
:10A9B00093F7F70FE3EFC7FC8147E1BF0507137774
:10A9C000F70FD1B70A059387418CAA9788438280F5
:10A9D000EF527FB4F96737A500209387875113079B
:10A9E000A00393060008014681451305857EEF50BC
:10A9F00020566F509FB4EF521FB2EFA0DF9C18415A
:10AA000023A8E1AC6F507FB383A541AD5148814786
:10AA1000130640063387070393F6F70F2E97182384
:10AA20006306A7008507E397C7FE854636858280C3
:10AA300037B70020930707AD23A2070023A0070024
:10AA40002394070083C6D1AC5146B386C60283A7C0
:10AA500041AD01460145130707AD894585480543CA
:10AA60002948B697D443814703AE4600631ABE0017
:10AA700005051375F50F19EE3306F7000CA2054610
:10AA800083CE0600850713FEF70F639A6E00238CB2
:10AA9000C1AB8280330EF70023001E01D5B7C1067B
:10AAA000E39407FD8280EF527FA583C7D1AC514765
:10AAB0007D153387E70283A741AD1375F50F138921
:10AAC000D1ACBA971147636FA704796713070708DA
:10AAD0000A053A9518410287A22B1DC8937704F006
:10AAE000C2072167C183930607106387D70663ED0A
:10AAF000F6029966938606306382D7086385E70479
:10AB00009377F40F91C73E85EFF01FF02300A90063
:10AB10006F501FA2822BD1B7C227C1B7E22775BFE2
:10AB2000A22765BF822755BF930607306389D702E6
:10AB300013070740E396E7FC9387A1AC982369D3FA
:10AB40007D1798A375BFEFF0BFEE09472386E1ACF0
:10AB50000547A388E1AA6DB7238501AC55B7938457
:10AB6000A1AC83C904001305000D8509EFD0BFFC1B
:10AB7000E3D8A9F89C2085079CA059B7B707EFBE7A
:10AB800037E700E0938707083CC79DBFEF52BF98A7
:10AB9000EF20D05B0547938741AD630CE500370795
:10ABA00000201307C76798C30545EF10B0696F50C1
:10ABB000DF98370700201307474C1305900698C30A
:10ABC000EFD03FFC2A841305600BEFD09FFBAA85D2
:10ABD0002285EF1030680145C9BFAA8879162E85F5
:10ABE000994563E2C50EEF521F93F9650A069385F6
:10ABF00045092E9610420286639C0800EFD07FF82C
:10AC000042054181239EA1AAA38B01AA6F50FF9206
:10AC1000EFD07FF2C5BF83D5C1AB6397080093F532
:10AC2000F50FEFD0FFEEDDB7EFD07FD3C5B71387B9
:10AC300071AB1C23850793F7F70F63E4F6001CA3A1
:10AC4000F1B723000700D9B7938771AB982319E3B5
:10AC500094A36DBF7D1798A355BF83C671AB93882E
:10AC6000C1AB13952600F9669386464EAA9683D506
:10AC7000080094421386C1ABAE966365D70023905B
:10AC8000D80069B763130800BA871EA241B783C60C
:10AC900071AB9388C1AB13952600F9669386464E37
:10ACA000AA9683D5080094421386C1AB3385F5403C
:10ACB0006366D500958D2390B80089BF63130800A3
:10ACC0003E871AA2A1B78280EF525F83538707F0B5
:10ACD0008D474111D30607F0014963E7D700138878
:10ACE000018C369803490800F915994763E1B702CA
:10ACF000F9679387070B8A05BE959C413684828746
:10AD0000EFE0EF9E23A0A1AC0504A38B81AA410133
:10AD10006F501F8283A501ACEFE0EF99CDBF03C751
:10AD200071AB3696938771AB05071377F70F6349BD
:10AD3000E60098A39823E31C87FC050480A3C1BF09
:10AD400023800700C5BF83C771AB3696138771ABED
:10AD500099C31386F7FF1376F60F6304C40010A39C
:10AD60007DB77D1400A365B783C471AB63F596000E
:10AD7000FD1493F4F40F79641304444F9397240063
:10AD8000A297938901AC9C6307A70900D377F700CA
:10AD9000D387D7A095C7530507E0CA948A04EFE08C
:10ADA0009074A2942AC488402EC6EFE0D073224645
:10ADB000B246EFD00020EFE0D07D23A0A90081BFF4
:10ADC00027A0D900A9B783C471AB63F59600FD1421
:10ADD00093F4F40F79641304444F939724009389F8
:10ADE00001ACA29787A609009C63D3F7F608530726
:10ADF000F7A005C7538506E0CA948A04EFE0B06E59
:10AE0000A2942A8A8840AE8AEFE0F06D2A86AE8648
:10AE10005285D685EFE0E04979BF27A0E900C5BD9E
:10AE2000F915994763E3B71EEF524FEDF967938722
:10AE3000C70C8A05BE959C41AA8482870144138968
:10AE400041AC91493385840042054181EFD07FD3E5
:10AE5000B307890088A30504E31634FFA38B01AA76
:10AE60006F500FED0144138941AC9149B30789003C
:10AE7000338584008C23420541810504EFD05FC9EE
:10AE8000E31634FFF1BF03C771ABB946938771ABCB
:10AE900005071377F70F63EFE60098A398238D4615
:10AEA0001376B70F6305D600AD46E31BD7FA050747
:10AEB00098A37DB723800700D5B783C771AB1387ED
:10AEC00071AB91CF9386F7FF93F6F60F93F5B60F1C
:10AED0000D466388C5002D466385C600B6871CA352
:10AEE00041B7F917EDBF83C771AB79660947938501
:10AEF00041AC1306464E636FF7008A07B297B8312C
:10AF00009C43BA971307F00F6364F700BCB189BF85
:10AF1000FD57EDBF19476361F702F11793962700BC
:10AF2000B296B8219C42BA971307F00F6364F700FA
:10AF3000BCA13DB7FD57EDBF29476362F702E1179A
:10AF40008A07B29798319C43BA971307F00F63644E
:10AF5000F7009CB131B77D57A382E1AC11B71387DD
:10AF600047FF8D473367F70294210A0732971C4346
:10AF70001307F00FB6976364F7009CA1D5B57D5712
:10AF80002382E1ACF1BD83C771AB79660947938534
:10AF900041AC1306464E636EF7008A07B297B8318C
:10AFA0009C436365F7001D8FB8B15DBDA3810500AB
:10AFB00045BD19476360F702F11793962700B296D3
:10AFC000B8219C426365F7001D8FB8A151BD238154
:10AFD000050079B52947636CF700E1178A07B29736
:10AFE00098319C43E369F7F61D8F98B195BD13879F
:10AFF00047FF8D473367F70294210A0732971C43B6
:10B00000E3EFF6F69D8E94A1A1BD8280EF52AFD002
:10B010002E841DE11385C1ADEF809FB59387C1AD2F
:10B02000B82394339023B7F50100938545F4228526
:10B03000EFF0306B6F506FD07D159D47E3ECA7FEAE
:10B04000F9679387870E0A053E951C418287A38B7B
:10B0500001AACDB71385C1ADEF801FBFE1BF03C704
:10B0600071AB9D46938771AB05071377F70F63EDBF
:10B07000E60098A3982389466305D7009546E31B0D
:10B08000D7FA050798A37DB723800700E5B783C7E4
:10B0900071AB138771AB81CFFD1793F7F70F89461B
:10B0A0006389D70095466386D7001CA361B79D4787
:10B0B000EDBFFD17DDBF83C771AB7966054793868A
:10B0C000C1AD1306464E636DF7008A07B297B822EA
:10B0D0009C43BA971307B0036365F706BCA299BFF8
:10B0E0001147636EF700F5178A07B29798329C43B1
:10B0F000BA971307B0036366F7069CB225BF1387A0
:10B10000A7FF89473367F7028C220A0732971C434F
:10B110005D47AE976364F7009CA229BF98A219BF50
:10B1200083C771AB796605479386C1AD1306464E5A
:10B13000636EF7008A07B297B8229C436365F700F5
:10B140001D8FB8A2C5BD23810600EDB51147636F01
:10B15000F700F5178A07B29798329C436365F700AA
:10B160001D8F98B2C1BDA3800600E9B51387A7FF64
:10B1700089473367F7028C220A0732971C4363E53D
:10B18000F5009D8D8CA27DB52380060065B5EF523C
:10B19000EFB62A840545AE84EFD0BF9EAA89EF1092
:10B1A000B009930720072A8963E48704130424F96C
:10B1B000420441809147054663EA8700F967938717
:10B1C00087100A043E941C4082870946B7F50100A7
:10B1D000CA86938505EF2685EFF0B0506F504FB5C6
:10B1E0001546EDB71946DDB71D46CDB72A86F9BF1E
:10B1F00013059006EFD0FF989307E00763E1870CF3
:10B200001304D4F842044180A94763E98700F96731
:10B210009387C7110A043E941C4082871D46E3872A
:10B2200009FA114665B71546E38209FA0D4679BF5A
:10B2300089471D46E31CF5F8214649BF8947214649
:10B24000E316F5F8254659B789472546E310F5F882
:10B250002946ADBF89472946E31AF5F62D46BDB705
:10B2600089472D46E304F5F6EF30A06929051376EA
:10B27000F50FA9BF89473146E30AF5F4F5B78947C9
:10B280003546E305F5F4EF30C0672D05CDB78947A6
:10B290003946E30DF5F2EF30C0663105C9BF894785
:10B2A0003D46E305F5F2EF30C0653505C9B789477E
:10B2B0004146E30DF5F0EF30C06439054DBF238002
:10B2C0000400930700086305F40293071008630D58
:10B2D000F4029307F007E313F4F08947E310F5F065
:10B2E000B7F50100938585EF2685EFF0F043FDB5B6
:10B2F0001305600BEFD0FF888D47E311F5EEB7F52E
:10B300000100938545F1CDB71305600BEFD07F8722
:10B310008947E315F5ECB7F501009385C5F2E9B768
:10B32000EF52CF9D9307B0054111AA89AE843284B4
:10B3300063F0A7381305600B3A8AEFD09F842A89FF
:10B34000EF20F060938749FAC207C18341476365E4
:10B35000F70879678A0713078714BA979C4382878F
:10B36000EF30C05B9307C00506056395F9021387AC
:10B37000C18E2A970A23854763F3870237F70100B6
:10B38000032707CE930700008D460D46A285EFF0F8
:10B39000BF9399A09387418EAA978A23E9BF19EC9E
:10B3A000EFD0FFB4EFE03014AE86B7F501002A8687
:10B3B0009385C5CE2685EFF0D03239A803A501AC20
:10B3C000D5B7EF20D03BF9670A0593878734AA9752
:10B3D0008C432685EFF0503541016F506F95EF306B
:10B3E000E053F9670A059387C748D5B7EF30605136
:10B3F00005C1EF30A05209ED1945EFC01F8EEFE0F7
:10B40000900EAE86B7F501002A86938545CF5DB7CD
:10B410009385418D7DBF8547E31CF9FE1D45F1BF36
:10B420008D47E317F9FEEF30E039EFE0D00BAE8641
:10B43000B7F501002A869385C5CFADBF8D47E319C7
:10B44000F9FCEF30E036D30705F0B7F5010093853E
:10B4500085D0539607C02685EFF0B028B5BF8D473D
:10B46000E318F9FAEF306031B7F501002A869385C9
:10B4700045D1D5B7238004000544E30189FA8D47FF
:10B48000E31CF9F4EF30804959DDE30C85FAD9BFAC
:10B49000238004001379D90F8547E31FF9F2B7F52C
:10B4A00001009385C5D135B79147E3E7A7F2F96766
:10B4B0009387C7180A053E951C4182871305E00A49
:10B4C000EFD0FFA28145EFD09FCC23ACA1AC2AC620
:10B4D00013058006EFD0EFEAB267F9670A05938794
:10B4E000873AAA979843538507E03AC0EFE0A07FD8
:10B4F00002472A86AE8605AA1305A00AD1B713050E
:10B50000600BEFD00FE88547630CF50493178501B6
:10B51000E187A9C389476302F5048D47E31EF5EA75
:10B52000EF2010352A84EF30603FF9670A059387D2
:10B530000748AA97984322853AC0EFE0C07A0247AD
:10B54000AE86B7F501002A869385C5D42685EFF02F
:10B55000501959B51305200BA5B7EF30206D9DB7D5
:10B560001305C007EFD0BF9875BF13058006EFD055
:10B570004FE189476307F500B7F50100938545EE74
:10B5800089BDB7F50100938585EDA1B59147631796
:10B59000F500B7F50100938585D225BD11E5B7F516
:10B5A0000100938545D335B5EF20A03A8145EFD012
:10B5B0001FBE23ACA1AC13058006EFD08FDC8947FA
:10B5C000138481AD6306F5060840EFE0C0712A8957
:10B5D0001305800BAE89EFD09F91EFE0C070B7E705
:10B5E000010003A6070583A64705EFD0800F4A8612
:10B5F000CE86EFD090004A86CE86EFC0901BEFE05B
:10B60000407908C00840EFE0006E2AC013058006AC
:10B610002EC2EFD00FD7F9670A059387873AAA970A
:10B62000984302469246B7F50100938505D439BF89
:10B630001305C00BEFD0BF8B1C60530705F0D3F789
:10B64000E7001CE0C1B70145EFC02FE9A5BD0545E6
:10B65000EFC0AFE8854585BD15C08D47E31EF4D624
:10B66000EF20203589476312F504EFE02FD015ED68
:10B67000EF20807B85472300FA00B9BBEF206033C1
:10B680009947631FF50083C711AB91C7B7F5010058
:10B69000938585D53DBBB7F50100938505D815BBCE
:10B6A000B7F50100938585D92DB3EF206078D9B720
:10B6B0009307F5FC7967139617001307473B3297FA
:10B6C000C20703590700C1831307A002E366F7D03E
:10B6D00079678A071307071ABA979C4382878547B9
:10B6E00063ED87006313041A4A85EFD08FC92A8659
:10B6F000B705020093858506B9BB054885476147B4
:10B7000085462286CA85014591AA23800600854781
:10B7100063F5870005488147E1AA631CF40003C56F
:10B72000C1AB9317250079651305C5333E950C41D0
:10B730004DB14A85EFD0EFC4EDB7238006008547B1
:10B7400063F487029947631CF40013059006EFD059
:10B750004FC383D5C1ABEF10E02FEFF06FAD0548BD
:10B7600081470D47814671BF11E84A85EFD06FC10F
:10B77000931725007965130585394DBF03D5C1ABF6
:10B78000C5BF238006001305600BEFD08FBF8D4728
:10B790006312F504854763F287029947E31CF4F6C8
:10B7A00083D4C1AB1305600BEFD0AFBD93B41400CD
:10B7B000AA852685EF108026B1BF11E84A85EFD013
:10B7C0004FBC9317250079651305854585B703D5CB
:10B7D000C1ABC5BF2380040001B1854763F4870076
:10B7E000054841B711E84A85EFD0AFB92A86B7F5C9
:10B7F0000100938505DC85B103D6C1ABCDBF9307AE
:10B8000080056310F5021305700B36C0EFD06FB7DB
:10B810007D15931715001385C18D3E9503590500BD
:10B820008246238006008547E3E687EE11E84A85D5
:10B83000EFD02FB593172500796513058549FDB520
:10B8400003D5C1ABC5BF854763FD8700014881476C
:10B850001307703E89462286CA850545EFF0EFB78B
:10B86000A5BE631304124A85EFD0EFAC2A86B7F564
:10B870000100938585DBC5B68547E3F587E601487A
:10B880008147130730068946ADBD03D6C1AB8DB5E0
:10B8900023800600854763F68700054881470547F2
:10B8A000D1B511E84A85EFD0CFAD93172500796562
:10B8B00013050533A5BD03D5C1ABC5BF2380060065
:10B8C000854763F9870299476312F4029384C1ABF9
:10B8D0008A2013351500EF10005686201305600BE3
:10B8E000EFD02FAAAA852685EF10C01605488547F8
:10B8F00009478DBD11E84A85EFD0AFA89317250001
:10B9000079651305C5351DB503D5C1ABC5BFEF209E
:10B91000507F11ED1305B00DEFD0AFA609C94A85D0
:10B92000EFD02FA6F9670A059387873A4DB4EF2029
:10B93000507DF9670A059387074851BC23800600AC
:10B94000854763F9870013059006EFD08FA3E305C1
:10B9500005A8C9B311E84A85EFD0AFA29317250017
:10B9600079651305853AD9B303D5C1ABC5BF854702
:10B9700063F78700014881471307A00FE5B309E487
:10B980004A85EFD00FA0DDB503D6C1ABCDB5130509
:10B990008006EFD00F9F89476300F502854763F06B
:10B9A000871EB7E7010037E7010083A707060327D3
:10B9B00007C085460D460DAA854763F08702B7E7A5
:10B9C000010037E7010083A787060327470685465E
:10B9D0001146A2851305C00B5DBA11EC1305C00B0F
:10B9E000EFD0EFD0EFE02030AE86B7F501002A8629
:10B9F000938545DDC1B203A501ACEDB79305B5FC58
:10BA0000854993B515006303340D51CC8D4763040C
:10BA1000F4029947938481AD630CF404B7E7010005
:10BA200003A54706EFD0AFF688C0930700002A872A
:10BA30008546114655A84A852EC0EFD04FCB82458A
:10BA4000EFD0EFF4B7E7010087A787BD530705F0F4
:10BA5000A9470947D377F710539507C03345F50237
:10BA6000D37705D027A0F1ACA38BE1AA6FF0DF96C6
:10BA700087A701AC130580062EC09CE0EFD06F9025
:10BA8000824509C9630D35018C404A85EFD0AFC2AC
:10BA90006FF09F948840EFD08FC788C0F5B788407B
:10BAA000EFD0AFCFDDBF4A852EC0EFD04FC4824567
:10BAB000EFD0EFED23ACA1ACEFE0E022AE86B7F51E
:10BAC00001002A869385C5DD6FF0DF8E03A501ACEA
:10BAD000E5B7854763FE870037F70100032787CE68
:10BAE0009307000091460546A2854A856FF03F8A7C
:10BAF00011EC4A85EFD0AFBFEFE0E01EAE86B7F5A0
:10BB000001002A86938545DE6FF0DF8A03A501AC2C
:10BB1000E5B7854763FA870037F701009307000010
:10BB2000032747CE894631B711EC4A85EFD02FBCA9
:10BB3000EFE0601BAE86B7F501002A86938545DCF1
:10BB40006FF05F8703A501ACE5B7854763F987020E
:10BB5000B7E7010037E7010083A787050327C7057B
:10BB60008546154651B7854763FB8700B7E7010057
:10BB700083A7870537E701000327C7051DBD11EC23
:10BB80004A85EFD0CFB6EFE00016AE86B7F50100DC
:10BB90002A869385C5DC6FF0FF8103A501ACE5B76C
:10BBA000854763F5870093070000E9B711EC4A85E4
:10BBB000EFD0EFB3EFE02013AE86B7F501002A8691
:10BBC0009385C5DE6FF00FFF03A501ACE5B7EF422B
:10BBD0009F94930730020111AA842E8463F4A72056
:10BBE0001305000D9384C4FD3A8932C4A30F0100EC
:10BBF000C204EFC05FF4C180B147AA8663E6970430
:10BC0000F9679387C7248A04BE949C4022468287A2
:10BC100015C28D47631AF60281451305200DEFC04A
:10BC20001FD481451305000DEFC07FD38547230046
:10BC3000F90019A883C711AB99CBB7F5010093851B
:10BC400045DF2285EFF0402E05616F401F8FB7055D
:10BC5000020093854514F5B7EF10D0542A86B7F546
:10BC600001009385C5E12285EFF0A027F1BF130500
:10BC7000F101EF1010568347F10189C71316050132
:10BC80004186F1BFB7F501009385C5E25DBF4DDD8B
:10BC90009387C1ADB82394339023B7F50100938502
:10BCA00045F42285EFF0E02345B759DDB7B7002012
:10BCB000938747ACB7F501009837D4439027938515
:10BCC000C5E3C5B751D183C781AC13972700F96786
:10BCD00093874738BA978C43ADB73DD583C781ACBE
:10BCE00005476380E70485C309476383E7020D477F
:10BCF000E39CE7F42D45EFC0DFE8B7F501002A86A5
:10BD0000938505E78DB7B7F501009385C5E415BFA9
:10BD10002545EFC01FE7B7F501002A869385C5E5E5
:10BD200099B7B7F50100938545E821BF11E5B7F54F
:10BD300001009385C5EA31B79384A1AC9020B7F593
:10BD40000100938545EB05062285EFF080198820D8
:10BD5000B7B60020938646AC1386C1AD938581ACFF
:10BD6000EFD02FC5D5B52A86B70502009385850685
:10BD7000DDBD1D45EFB07FF6D30705F0B7F5010037
:10BD8000938505EC539617C01376F60FE9BD13059E
:10BD9000700DEFC01FDF0A059387C18CAA9725BFDE
:10BDA000EF10304189476310F5020545EFB0FFF20F
:10BDB000D30705F0B7F50100938585EC539617C0BE
:10BDC000420641824DB5B7F50100938545ED95BD1D
:10BDD00013056002EFC0FFDAB7F501002A869385EC
:10BDE00005EE51B5930415FEF96713971400938778
:10BDF000C740BA97C2048E23C1809147E3E697E417
:10BE0000F967938707288A04BE949C4082878547F8
:10BE100063FBC700014881471307703E894605450B
:10BE2000EFE0BFDB15B511EA2E85EFC0DFD02A8623
:10BE3000B7F50100938585DB3DB503D6C1ABCDBF1A
:10BE4000854763F6C702B7E7010003A5470632C678
:10BE50002EC4EFD02F9CD30705F00148814753979C
:10BE600017C08D46324642074183A2454DBF11EAB5
:10BE70002E85EFC05FCC2A86B7F50100938585EE4D
:10BE8000DDB303D6C1ABCDBF854763F8C70001481A
:10BE9000130730068946014561B711E62E85EFC0CC
:10BEA0005FCE2A86D1B503D6C1AB7DBDEF42AFE6EA
:10BEB0000111B687A30B0100238005002E8932846F
:10BEC000BA8681C703C771AB98A399C285479CA264
:10BED000930735F9C207C1835147636AF700CA85E2
:10BEE000EFF0EFAA0345710105616F400FE593077D
:10BEF000F5FCC207C1831307B0036369F70013079A
:10BF000071012286CA85EFF0AFC1E9BF930715FE24
:10BF1000C207C18345476369F70013077101228691
:10BF2000CA85EFF0DFCA7DBF796793171500130745
:10BF30008741BA978623F947E3E6A7FA796793170B
:10BF4000250013074729BA979C4382872380060060
:10BF5000854763F78700054881470547814671A0FB
:10BF600019E82685EFC0FFC1931725001385418F7F
:10BF70003E950C4125A203D5C1ABFDB72380060039
:10BF80008547E3EA87FC09E82685EFC09FBF931742
:10BF900025001385418CE9BF03D5C1ABCDBF2380FC
:10BFA0000600854763FD87000548814709477DB73F
:10BFB00023800600854763F487000548C5BF11E864
:10BFC0002685EFC01FBC93172500796513058537BB
:10BFD00045B703D5C1ABC5BF09CC85476307F4029C
:10BFE000014885471307300685462286A685014508
:10BFF00015A42685EFC0FFB82A86B70502009385F1
:10C0000085064A85EFE0F06DF1BDB5471384C1ABFD
:10C010006316F5000C202685EFC0BFAE1220F1BFDD
:10C02000EF109016A14701461377150001C70506CA
:10C030001376F60FFD17058193F7F70F1375F50FBC
:10C04000E5F765BFEF105014E30E05E803C761ABD9
:10C0500083C791AC138491AC09C73357F540058B66
:10C0600015E321471D46850793F7F70F6373F60025
:10C070008147B356F540858A89E67D171377F70F18
:10C080007DF31CA00545EFC0DFAF1C2013972700F0
:10C0900011E9F9679387474ABA978C434A85EFE0DD
:10C0A000B06889B5F9679387474CFDB7854763FF4B
:10C0B00087009307000037F70100032747CE894622
:10C0C0001146A2852685EFE03FC029BD05E0268503
:10C0D000EFC0FFE1EFD03041AE86B7F501002A8610
:10C0E000938545DC4A85EFE0D05FEDBB03A501AC4D
:10C0F000D5B7854763F78700B7F7010083A707BF68
:10C100005DBF09EC2685EFC09FDEEFD0D03DAE8647
:10C11000B7F501002A86938545BFE9B703A501ACB1
:10C12000EDB72685EFB07FBBD30705F0B7F501006B
:10C130009385C5BF539607C0E9B52808EF90CFC1D6
:10C140008348D1010348C1018347B1010347A101DD
:10C150008346910103468101B7F50100938545C0EF
:10C160004A85EFE01058BDBBEF1010058547630A04
:10C17000F5008947630CF500B7F50100938545C1CB
:10C1800031BFB7F501009385C5C209BFB7F50100FE
:10C19000938545C421B709C88547630BF404A2857C
:10C1A0002685EFE0FFC73DBB2685EFC09F9D2AC6D1
:10C1B0001385140042054181EFC0BF9C2AC413853A
:10C1C000240042054181EFC0DF9B2AC21385340061
:10C1D00042054181EFC0FF9A1247A2463246AA8724
:10C1E000B7F50100938545C54A85EFE0904FDDB96D
:10C1F000138641AC3C32382214321022D5B7854721
:10C2000063FD8700014881471307703E89462286F7
:10C21000A6850545EFE07F9CF1B1631804242685CF
:10C22000EFC07F912A86B7F50100938585DBD1BBEE
:10C230002685EFB09FAAD30705F0B7F501009385D7
:10C2400085C6539617C04206418265BBCA852285C2
:10C25000EFE0DFDB41B915E437B50020130545AC4D
:10C26000EF709F94B7B70020938747AC9837D443BB
:10C270009027B7F501009385C5E34A85EFE0704646
:10C2800095B17D149D47E3EF87C4F9679387073124
:10C290000A043E941C408287A38B01AAA1B137B542
:10C2A0000020130545ACEF70FF9E2DB903C771AB9D
:10C2B0009D46938771AB05071377F70F63EDE60093
:10C2C00098A3982389466305D7009546E31CD7C0F9
:10C2D000050798A301B923800700E5B783C771ABB1
:10C2E000138771AB91CBFD1793F7F70F89466387DF
:10C2F000D70095466384D7001CA3EDB6FD17EDBFAC
:10C3000083C771ABB7B6002079660547938646AC04
:10C310001306464E636DF7008A07B29798369C4322
:10C32000BA97130730066366F7069CB665BE1147D9
:10C33000636DF700F5178A07B297D8429C43BA9706
:10C3400031476367F706DCC271BE1387A7FF8947D1
:10C350003367F7028C260A0732971C437D47AE9756
:10C360006364F7009CA6BDBE98A6ADBE83C771AB43
:10C37000B7B6002079668545938646AC1306464ECF
:10C3800063EDF5008A07B29798369C4363F5E700A2
:10C390001D8F98B681BE8CB6B1B61147636EF7009B
:10C3A000F5178A07B297D8429C4363F5E7001D8FC3
:10C3B000D8C20DBECCC23DB61387A7FF89473367ED
:10C3C000F70288260A0732971C4363F5A7001D8DE4
:10C3D00088A609BE8CA639B6854763F38708B1479E
:10C3E000631EF5002945EFC0CFF97D151317050130
:10C3F00041839307400601488946C5BEAD47631394
:10C40000F5023145EFC0EFF77D15131705014183A4
:10C4100025453AC2EFC0EFF6050593170501C18324
:10C420001247D1BFF9476313F5022945EFC06FF5F5
:10C43000050593170501C1832D453EC2EFC06FF47A
:10C440007D15131705014183924775B73145EFC03C
:10C450004FF3050593170501C1831307F00F61BF63
:10C4600009E42685EFC0EFF175BB03D6C1AB65BB10
:10C4700015E083C711ABE38707A6EF10805311E5E2
:10C48000B7F50100938505C711B9B7F5010093858C
:10C49000C5C729B18D47E317F4A4EF10805119E106
:10C4A000EFB0DFE78547A30BF1002DBC15C08D472A
:10C4B000E31AF4A2EFC05FE413054006EF507F9249
:10C4C000B707EFBE37E700E0938707083CC719BC02
:10C4D00083C711ABE38807A0B7F501009385C5C8F2
:10C4E00075BEEF00304D2AC2EF00F04B1246B7F593
:10C4F0000100AA86938505CB4A85EFE0901EDDB248
:10C5000023800600854763F6870005488147194761
:10C51000B1B411E82685EFC0CFE693172500796501
:10C5200013054546B1B403D5C1ABC5BF37B700202D
:10C5300003C681AB130707AD8147894593F6F70F13
:10C5400063E7C60005470545A388E1AA8280938674
:10C5500017003305D7000345F5FF6310B504EF322C
:10C560009FFB3E978D4614A383C6D1AC5146B3863C
:10C57000C60203A741AD92070D4681453697584341
:10C580008146BA97CA270147239DA1AAEFF01F92BF
:10C590000547A388E1AA6F305FFAB68745B737B77A
:10C5A000002003C681AB130707AD81478D4593F685
:10C5B000F70F63E6C60009472386E1AC82809386C5
:10C5C00017003308D7000348F8FF631EB802EF32A4
:10C5D0009FF43E97894614A383C6D1ACD145B38658
:10C5E000B60203A741AD92072A8681453697584384
:10C5F0008146BA97CA270147EFF05F8B0947238628
:10C60000E1AC6F309FF3B6875DB7EF32DFF0B286F3
:10C610002E86AA8537A500201305857EEF402000D1
:10C620006F30BFF1EF323FEF37A500201305857E55
:10C63000EF30101B6F307FF0EF32FFEA138901AD4E
:10C64000032509001971EF401FE0938941AD138460
:10C65000D1AC5DC903250900938541AB0146EF408C
:10C660003FC88547938441AB6310F50A983037156E
:10C67000014093070002930500041305054063166B
:10C68000F70EEF702F8C9830930700046319F704AE
:10C6900083C6C1AC11471389C1AC6397E6069420E9
:10C6A00003C7B1AC9387B1ACE1C615461367170059
:10C6B0006382C60C98238D476318F70437F5010091
:10C6C000130545CDEFE0300195472300F9000547FC
:10C6D000A388E1AAEFE0CFB51945EFF05FEC983001
:10C6E000930700086312F7021389C1AC03470900DE
:10C6F0000D4A6309471391476308F700894688206C
:10C70000630CD706EFE02FBA1820D14683A70900A3
:10C710003307D702B7B90020938909ADB7A4002029
:10C72000BA97C043EFF01FF0130B040A032844002C
:10C73000054D0C3030206306A813630E081089479E
:10C740006307F8161C2089E741048509E3108BFE76
:10C75000138761AB1C23A946850793F7F70F63EB9B
:10C76000F6281CA309616F30DFDBEF60BFFC21BF3F
:10C770001367270098A33DBF63004509636BAA00B8
:10C78000E314E5F883C711ABC9C70145EFE08F9B00
:10C79000A5BF630AF5029547E318F5F6938711AB39
:10C7A000982301C72380070085B71820D14683A7A7
:10C7B00009003307D70223000900BA97A82BEFE03E
:10C7C000AFA408A091B7938411AB9C2091E7854753
:10C7D0009CA0EFE0EFA50DBFEFF05FD58547631A92
:10C7E000F5001545EFF0BFDB2380040023000900AE
:10C7F00021BF2300490109BF83C711AB0545D9F704
:10C800001820D14683A709003307D702BA97C82753
:10C810007DB71820D14683A709003307D702BA97FE
:10C82000E82771BF9C206360F7027967130787369A
:10C830008A07BA97904303D5A1AB0147814681454A
:10C84000EFF0CFE6D1B5114719456383E7001545F1
:10C85000EFF0FFD455BD14441385847EEF30305C77
:10C86000D5B5131906011444135909014A861385D5
:10C87000847E034A3400EF30905A4A249306A10183
:10C8800001461307B1016C08EFF04FE26C08138505
:10C89000847EEF30706293050008B38545411375BF
:10C8A000F50F898DC20574084A86C18175B71319C1
:10C8B00006011444135909014A861385847E42C631
:10C8C000EF30F05503C609004A241307B10175166D
:10C8D0009306A101133616006C08EFF02FDD6C08EB
:10C8E0001385847EEF30505D83C7C1AC834A34002A
:10C8F000137AF50FF9C383C709006370FD0C139D0C
:10C900000A0193180A01135D0D019305F00793D8EE
:10C910000801B385A5413248B3851541939D0501B2
:10C9200093DD0D016391070583C711ABD9C703C719
:10C9300061AB954763E3E708130669FF4206C686C5
:10C940002D474182EE851385847E46C6EF304065D3
:10C9500081451385847EEF30906785451385847EFD
:10C96000EF30B03CB24803C709008D476317F704A6
:10C970000347B101130669FF4206854741826317E9
:10C98000F7068345A101E9572D478505B385F502D3
:10C9900099469385F507B385A541C205C1811385E5
:10C9A000847EEF30E05F89451385847EEF3030620E
:10C9B00085451385847EEF3050379305F007B385A6
:10C9C0005541B3854541C20574084A86C181138526
:10C9D000847EEF30D0441385847E8545EF30305F10
:10C9E00081451385847EEF305034A9BB2D47C68620
:10C9F000EE8575B723000700B5B3B707002093870E
:10CA000047152380070205476317E50023800704C5
:10CA10002388A70482802380E704828001C9EF3243
:10CA20009FAF2E85EFF07FFD6F303FB1B70700203D
:10CA30000547238AE716828001C503C541AE82807F
:10CA4000294582807D153335A000B7070020238A51
:10CA5000A7488280EF329FAA3704002037090020C0
:10CA6000AE841304444C1309493821ED8145130564
:10CA70008006EFC00F898547B70900209389490ECA
:10CA80002300F9022D47A547231AF40C2322340171
:10CA90002317E40A85476381F40AADCC094A63830E
:10CAA000440F8D47638EF4100149B70700200547F6
:10CAB000238AE732B7F701009387470C232EF4103F
:10CAC00051AAB707002093874707230009025CC0DB
:10CAD0000547AA896307E51489460149631CD516F1
:10CAE00023880702A9472317F40A231AF40C63804A
:10CAF000E52663800524638EA5288D476385F52C84
:10CB00000149B7070020238A0732B7F7010093874E
:10CB100047146DB72388F9042382E1AEB7070F00ED
:10CB2000B107232EF40EB7071500B5072322F41220
:10CB3000BD47231EF4188DBF35472382E1AEB707EA
:10CB40001000B9072322F412BD472319F410B707C8
:10CB50000E00B107232EF40EB7071500BD07232CD6
:10CB6000F412C147231EF418B70700209387471516
:10CB700023880904C4CB05452328F4120549EFF0A6
:10CB8000DFE725B72388F904B7070E00B107232E86
:10CB9000F40EB7071000B9072322F412B7071500E7
:10CBA000BD07232CF412C147231EF418B707002039
:10CBB000B146938747202382D1AE2328F412EDB5E6
:10CBC0001305A006EFB0FFFB1339150023880904F5
:10CBD0000D45EFF09FE2B707002093874715232804
:10CBE000F41223AA470145472382E1AEBD4723192A
:10CBF000F410B7070E00B107232EF40EB70710008C
:10CC0000B9072322F412B7071100BD07232CF41231
:10CC1000B7071200C1072326F414D147231EF418C6
:10CC200069B52388A7022547AD472300A90223172A
:10CC3000F40A231AE40C6388A50485CD8949638F1F
:10CC400035078D47638FF5080149B7070020054771
:10CC5000238AE7321305600BEFB0BFF2AA854A853D
:10CC6000EFF0DFDB638E041A8D4763F0971C6F30A3
:10CC70003F8C29472382E1AED547231FF40EB547E9
:10CC8000231EF418D1B731472382E1AEB947231FE1
:10CC9000F40EB7071500B907232CF412B7070020CC
:10CCA000938747154147CCCB2319E410231EE41882
:10CCB0002328F4120549EFF05FD441BF2382F1AE7F
:10CCC000B7071500B507232CF412B707002041471A
:10CCD00093874720231FE40E231EE4182328F41211
:10CCE000A5B71305A006EFB0DFE9133915000D4510
:10CCF000EFF0BFD0B7070020938747152328F41221
:10CD000023AA370141472382E1AEC1472319F4101A
:10CD1000B947231FF40EB7071100B907232CF412EB
:10CD2000B7071200C1072326F414D147231EF418B5
:10CD300029BF31472382E1AEB70715003D47B5074C
:10CD4000231FE40E2322F412231EE41855BB35479B
:10CD50002382E1AEB947231FF40EBD472319F41017
:10CD6000B7071000B9072322F412B7071500BD0753
:10CD7000232CF412C147231EF418B7070020938711
:10CD80004715CCCB05452328F4120549EFF0FFC623
:10CD90008DBB35472382E1AEBD47231FF40EB70795
:10CDA0001000B5072322F412B7071500BD07232C86
:10CDB000F412C147231EF418B707002093874720B9
:10CDC0002328F41235BB1305A006370A0020EFB064
:10CDD0005FDB130A4A15454713391500232A3A0128
:10CDE0000D452382E1AEEFF05FC1B947231FF40E7A
:10CDF000B7071000B9072322F412BD472319F41016
:10CE0000B7071100BD07232CF412B7071200C107A2
:10CE10002326F414D14723284413231EF418D5B134
:10CE2000B7070020238A072C99B5B70700200547CC
:10CE3000238AE72C2DBDEF320FEEB7040020370414
:10CE40000020938444381304444C05C181451305E4
:10CE50008006EFB01FCB85472380F402B707002080
:10CE60009387470E5CC06F304FEDB70700202380DB
:10CE7000040293874707FDB7EF324FE818510CDDE6
:10CE800050DDD30606F01C632A84D397F6A085CB29
:10CE900010C3485C032A8402832AC402EFC0B06432
:10CEA0002A89AE892A86AE865285D685EFB0B05ED5
:10CEB000635EA00023242403232634032DA053877C
:10CEC00005F0D397E7A0F1D70CC3E1B7085CEFC03A
:10CED00090612A89AE892A86AE865285D685EFB0C2
:10CEE0007066E34905FC6F30AFE4EF32CFE24111E9
:10CEF0002A842E8532C62EC4EFC0F05E587CA2670D
:10CF0000324608D4D317F7A04CD410D881CB5305A0
:10CF100007E0EFC0505D08D44CD429A0187CD3970B
:10CF2000E7A0F5F741016F304FE1EF32CFDB5C5105
:10CF3000538705F02A849C63B7E40100AE8CD3F7D5
:10CF4000E708538507E0EFC0105A03A684B683A60E
:10CF5000C4B6EFB000792A8B4848AE8BEFC0B0580A
:10CF6000B7E7010003A607B683A647B62A8AAE8AAA
:10CF70005A85DE85EFB070682A89084CAE89EFC00B
:10CF800090562A86AE864A85CE85EFB0106710543B
:10CF90005454EFB0000253870CF01C782A89AE89F4
:10CFA000D377F708538507E0EFC0F05303A684B6A4
:10CFB00083A6C4B6EFB0E0725286D686EFB0F063B7
:10CFC0002A86AE864A85CE85EFC0A02E2A8908D44F
:10CFD000485C4CD4AE89EFC010512A8CAE842A86AE
:10CFE000AE864A85CE85EFB0104B6353A00623244E
:10CFF000840344D45A86DE865285D685EFB0F05F2E
:10D0000010545454EFA0F07AAA892E892A86AE864D
:10D010006285A685EFB01053634F0500085CEFC032
:10D02000904C4E86CA862A8CAE84EFB0D0466344BC
:10D03000A0004E8CCA84032904026285A685EFC035
:10D0400050552320A9002328940305456F306FCD48
:10D05000085CEFC050492A8DAE8D2A86AE864A857F
:10D06000CE85EFB0304EE35705F82324A4032326E2
:10D07000B40349B7D38705F0530706F0D307F7A0E9
:10D0800099E7EF324FC9EFF03FDF6F300FCB82806F
:10D09000538605F0D30700F0D30606F0538706F059
:10D0A000D317F6A0A9E7D397F6A0B1E3D317F7A05B
:10D0B0009DEF5C4118410CC5D3F517D0B7E70100CF
:10D0C00007A5C7BF50C514C9D3F5A5184CC910CDC5
:10D0D00085475377B71858ED631BF70053F6C70819
:10D0E000D3F6D708D3F7E70850E914ED5CED82805A
:10D0F0001C416380B702D30700F0586953F7E70873
:10D1000058E9186D53F7E70818ED586DD3F7E7089D
:10D110005CED0CC18280EF320FC0411136C6B706FC
:10D12000020050D103A606000CD1930500002A840A
:10D130003AC43EC242C0EFF03FD4024893064006D4
:10D1400054C0C2852285EFF0BFFAB26792472247EA
:10D15000D38507E0BE863A862285EFF07FF3410152
:10D160006F30AFBDEF322FBB0145EF802F8C1DC557
:10D170001387C1AE1C239306B003850793F7F70FFF
:10D180001CA363FDF600938781AE8C431305C00C8E
:10D190002300070085058CC3EFB09F9F6F30EFB968
:10D1A00023A401AE828003A581AE9307C00333752B
:10D1B000F502828003A581AE9307C0033355F502C3
:10D1C0008280EF324FB537D5000001468D451305FB
:10D1D0004516EF608FFD6F304FB6EF32CFB31305BA
:10D1E000C00CEFB01F9823A4A1AE6F300FB5B717D6
:10D1F00002409843B706FFF841111367170098C320
:10D20000D84337060200758FD8C39843B706F7FE98
:10D21000FD16758F98C39843B706FCFFFD16758FF2
:10D2200098C3D843B70681FFFD16758FD8C39843BE
:10D23000B70600ECFD16758F98C33707FF0098C737
:10D2400023A6070202C402C69843C166558F98C33D
:10D25000B716024009679C42F18F3EC6A247850778
:10D260003EC4B24781E7A247E397E7FEB717024003
:10D270009C431397E7006357070685473EC632472E
:10D280008547631FF704B7170240D843B706C1FFAD
:10D29000FD16D8C3D843D8C3D84313670740D8C3B3
:10D2A000D843758FD8C3D843B7061D00558FD8C350
:10D2B0009843B7060001558F98C3984393166700AB
:10D2C000E3DD06FED843B7160240719BD8C3D843AE
:10D2D00013672700D8C32147DC42B18BE39EE7FEEA
:10D2E0004101828002C661BF371602405C4291460E
:10D2F000B18B1387C1826385D700A1466388D702AB
:10D30000B7177A00938707201CC3B7170240DC4386
:10D31000918393F6F700B70700209387C77BB697F2
:10D3200094231C43B3D7D7001CC38280544250427D
:10D33000C167C982BD8A7D8E9387260085CABD4696
:10D340006389D702C1466389D702C5458146639385
:10D35000B700C1470DE63746024003260680418AE2
:10D3600015C637167A00130606202DA08146C94738
:10D37000D5B78546B547F9BF8146BD47E1BF3716EA
:10D38000024050429315E600E3DD05FC37163D00F0
:10D3900013060690B387C7021CC3A5DA1C43858316
:10D3A000A5B7EF324F945D71EFD0EFE47D56854520
:10D3B0000145EF506F8BB7E7010003AA070583AA69
:10D3C0004705B7E7010087A787BDB7E70100814997
:10D3D0003EE087A707BF814401443EE23545EFB0F8
:10D3E0004FFA630035053545EFB0AFF9AA8913054B
:10D3F000400633053541EFC020695286D686EFB02E
:10D40000402EB707020003A6870083A6C700EFB02F
:10D41000D01EEFC0A06193150501C1810145EF90B9
:10D42000EF9C8947638BF41C8D476382F41A639EDB
:10D430000418EFD0EFD9EFC00FBC084101478D466B
:10D4400005468145EF50AF9B0545EFB08FF3B70719
:10D45000020087A7470023AEA1AED38D07E0138952
:10D46000C1AFB70B020037AB0020370C02003945C3
:10D47000EFA0BF86D30705F053870DF05315F7A033
:10D480003DC90945EFA07F85D30705F00267539595
:10D49000E7A035C12945EFA05F84D30705F01267E7
:10D4A0005395E7A029C993850B016808EFD0702335
:10D4B0006C0813058B7EEF3020209307000813754E
:10D4C000F50F3385A74089473345F502700893056A
:10D4D00080021375F50FEFF04F93EFC0CFB1084105
:10D4E00001478D4605468145EF506F91EFA02FB65D
:10D4F0000841EF402FC3EF700FBA0545EF407F8E14
:10D500009307007D6399F40AEFF0CF91034509007A
:10D51000930C0008094DEFD0EFCAAA856808EFD038
:10D52000B0206C0813058B7EEF3000191375F50FD2
:10D530003385AC403345A5037008D1451375F50F0D
:10D54000EFF0AF8CEFD08FE40945EFB08FE32AC640
:10D550000D45EFB00FE32AC41145EFB08FE2A246AC
:10D5600032462A879305CC046808EFD090176C08E0
:10D5700013058B7EEF3040141375F50F3385AC40E7
:10D580003345A5037008930580021375F50FEFF07E
:10D59000CF87EFC04FA6084101478D46054681451C
:10D5A000EF50EF85D92E0841EF40CFB7EFA02FAA5B
:10D5B0000841EF402FB78504C2048567C180938777
:10D5C00087BBE396F4EA8D4411BD854401BD214536
:10D5D000EFB02FDB8547AA846319F500EF20804266
:10D5E0000841EF402FB4238C91AEEFC0CFD603A5F6
:10D5F00041AF8944EF400FB3D5B305041374F40F62
:10D60000EF706FA9EFF04F8363F08402EFC00F9FBC
:10D610002A8419C9EFC02F9E084101478D4605464F
:10D620008145EF40DFFD014413054006EF406FFBED
:10D6300075B3EF225FEE238C01AEEFF01FBA03A5A6
:10D6400001AF0147894601468145EF405FFB1384E6
:10D6500081AF1C2081EBEF801F8EEF40304219C15B
:10D66000EF20E06F0545EF40CFF7E5B7B7070120A2
:10D670009387C7A11CC1B7F700209387C7219CC11E
:10D68000930700101CC28280B7070120938747B41C
:10D690001CC1B7F700209387C7619CC19307001096
:10D6A0001CC28280EF223FE703A541AFEF40DF813C
:10D6B000EF2040350841EF403F81C1240841EF4051
:10D6C000BF80EFA0CF980841EF401F80EFB02F8DB3
:10D6D0000841EF406FFF6F205FE6EF22DFE3EFB01E
:10D6E0000F8C2A8437B80020B7B70020B705020096
:10D6F000379500001308C8139387C7F3154785466D
:10D7000013060008938505071305C581EF404F9761
:10D7100008C0EFA0CF932A8437B80020B7B7002005
:10D72000B7050200378500001308C8599387C71949
:10D730001947854613060010938585071305E53CB8
:10D74000EF400F9408C0EF20E02B2A8437D8002048
:10D75000B7D70020B7050200370501001308C80F2E
:10D760009387C7EF21478546130600089385C507B1
:10D77000130565AEEF40CF9008C0EFC0CF872A8475
:10D7800037C80020B7C70020B705020037A5000042
:10D790001308C8349387C7851D47854613060020A4
:10D7A0009385450813050582EF408F8D08C0EFA0D3
:10D7B000AF892A8437B80020B7B70020B705020028
:10D7C000378500001308C8ED9387C7AD1947854614
:10D7D00013060010938585081305C5E7EF404F8AAF
:10D7E00008C037D8002037040200B7C7002037B57B
:10D7F00000009305C4081308C8E9154785461306B9
:10D80000C02B9387C73A13054590EF406F8723AA33
:10D81000A1AEA522AA8437E80020B7D70020B7051B
:10D82000020037E500001308C8959387C715214704
:10D83000854613060020938545091305654DEF4085
:10D840002F8488C037E80020B7E7002037D50000D4
:10D850009305C4081308C8639387C79B214785466F
:10D860001306003213052563EF408F8137B800207F
:10D87000B7B70020B7050200379500001308C87F2E
:10D880009387C75F11478546130600089385C5092E
:10D890001305C551EF30DFFE37F80020B7E7002051
:10D8A000B705020037D500001308C818154785468C
:10D8B0001306C02B9385850A9387C7691305253AFC
:10D8C000EF301FFC23A8A1AEEFF0DFDD6F20FFC615
:10D8D000EF227FC4EF2020052A843705012013059D
:10D8E000C5A7EF203FE708C0EF2060112A84370565
:10D8F0000120130505AEEF20FFE508C06F20FFC330
:10D90000EF227FC1EF703FACB706012037F6002051
:10D910002A8401479386C6AF1306C61E8945414532
:10D92000EF300FE608C0EFA03FE7B706012037F65B
:10D9300000202A840147938686A91306C6208545C0
:10D940004145EF30EFE308C06F203FBF03A5C1AFF3
:10D950008280EF225FBC1305600BEFB08FA21384AF
:10D9600081B319E587A701B11CE008406F20FFBC17
:10D970000145EFA08FB608C0CDBF138501B38280EB
:10D980000547238EE1B2828003C5A1B28280EF22D7
:10D990009FB8AA851305500D23A601B2EFB06F966C
:10D9A0006F20BFB987A741B3539517C04205418186
:10D9B000828003A541B4828083A741B40947094509
:10D9C0006388E700014563E5E700ED1713B527001D
:10D9D000828003A741B489476311F704EF22BFB3E4
:10D9E000854741111CA10145EFA02FAFEFC0A02F2B
:10D9F000EF30C04B2AC4130570052EC6EFB02FCFF1
:10DA0000EFC0602E2246B246EFB0203FEFC00002CA
:10DA10004205418141016F205FB2230005000145AD
:10DA20008280EF225FAF41111305B003EFB02FCC1E
:10DA30002AC613057003EFB08FCBB2452A8637058F
:10DA4000012093060000130585BEEFF06FE4130577
:10DA50003003EFB0CFC92AC61305F002EFB02FC9CB
:10DA6000B2452A863705012093060000130585BAC2
:10DA7000EFF00FE20145EFA04FA641016F20FFAB91
:10DA8000EF22DFA741112A841945EFB08F8FAA89B1
:10DA900009E90545EF70DF88AA851305600DEFB031
:10DAA0004F861305600DEFB0CF8DAA850545EF7049
:10DAB0006FF39384C1B2638909029C403D45850799
:10DAC0009CC0EFB00F8C930740063305F5029C40D5
:10DAD00063C7A70081451305500DEFB08F82130572
:10DAE000500DEFB00F8A31A0014523A00400EF7064
:10DAF0003F8383A741B4138941B46301053281E7B1
:10DB000095472320F900639A09000945EF705F816A
:10DB1000AA851305700DEFA0DFFE1305700DEFB0A1
:10DB20004F8618209387C1B36314A700982331CB85
:10DB30001305700D23800700EFB0AF8408A0930792
:10DB4000300619C1930750063E85EFA0DFFED3775C
:10DB500015D01305700527AAF1B23EE6EFB02FB934
:10DB6000530705F0B267D3F7E718538507E0EFC016
:10DB700080172A86AE86EFB04028EFC0802123A808
:10DB8000A1B083C7A1B29384A1B2B18B81C79147E1
:10DB90002320F9002285EF00B046034704029307D3
:10DBA000900563FEE7081C30D9CB9C20858B85E36C
:10DBB0001C4411671307F76485071CC46379F700D9
:10DBC0000545EFB0CFE89C2093E717009CA0EFB08D
:10DBD000FFF919CD83270900ADCB914537150140D9
:10DBE00023200900EF501FB581450945EF708FDFF5
:10DBF00083270900ED9BB1CB0D45EF706FF231C566
:10DC00009C20C18B85E35C4411671307F76485078B
:10DC10005CC46379F7004145EFB06FE39C2093E764
:10DC200007019CA08327090019476361F70637079E
:10DC300002008A071307070BBA979C4382879C2030
:10DC400023240400F99B9CA059B79C2023260400A0
:10DC5000BD9B9CA0C1BF8145A30004000145EF709E
:10DC60006FD893050000014523A001B0EF10E00A32
:10DC7000930500000545EF10400A93050000094593
:10DC8000EF10A009232C04002380040041016F2021
:10DC90003F8A044CA30004003945850404CCEFA05E
:10DCA0005FEE930740063305F502E37195FE994751
:10DCB0002320F900EFA08FE6D1BFEFA0EFE679D5E2
:10DCC0001305B00223A001B0EFB06FA22AC613055E
:10DCD0007002EFB0CFA1B245370401202A86930627
:10DCE0000000130584BAEFF0AFBA13060000B28546
:10DCF000130584BAEFF06F9F89472320F90079B7A5
:10DD00001C48254785076368F7001CC88545014501
:10DD1000EF704FCDA5BF232804000145EF90FFFB16
:10DD200023AEA1B0AA8537050120130585BAEFF00F
:10DD3000CF9F87A701B0B7E7010007A7C7BF054579
:10DD4000D3F7E718938901B11389C1B1D38507E0EF
:10DD50003EE6EF00907CB707020007A78714B26782
:10DD6000D307F7A0BDCF8727090007A70900D397DE
:10DD7000E7A0A5CB9C20898B99EF5C4013077070BE
:10DD800085075CC06379F7000945EFB04FCC9C2054
:10DD900093E727009CA007A70900872709003AE618
:10DDA000D377F708D3A7F720538507E0EFB0B07318
:10DDB00032672A89AE89530507E0EFB0D072B70702
:10DDC000020003A6071583A64715EFB000032A86B5
:10DDD000AE864A85CE85EFA0F0761325150008B0F3
:10DDE00035B79C2023220400F59B6DB79C20B18B96
:10DDF00099E32320090093050000054523A001B005
:10DE0000EF00B07181450145EF70CFBD9C20A300AC
:10DE10000400232C0400F59B9CA08DBDED9BE384A6
:10DE200007CE23200900C5B1194723A2E1B482809F
:10DE3000094723A2E1B48280EF224FEC41112A8BE3
:10DE40001305B00DEFA0FFD32A8A1945EFA07FD3A9
:10DE500093840183631005109C20138491B213896D
:10DE600081B281CF81451305B00DEFA09FC92380FA
:10DE700004002300040023000900EF70AFCB8347A8
:10DE800009009374F500638B97061C2089E785478A
:10DE90001CA023200B0083250B001305D00693093B
:10DEA00040062EC6EFA0FFCD33063503B245370539
:10DEB00002001305C513EFC01070832A0B00130571
:10DEC000D006850A23205B01EFA0BFCB33053503C5
:10DED00063E8AA029386A1B29C22230099008A04D7
:10DEE00093F7F70E9CA2B70602009386C60CB69471
:10DEF0009440230004001387A1B282861C20C1FF36
:10DF00001305B00DEFA0FFC785476318AA001305DE
:10DF1000B00DEFA01FC7933715003E85EF00702AA4
:10DF20003DA081451305B00DEFA0BFBDD1BF854514
:10DF3000D5BF8945C5BF8D45F5B79145E5B793E791
:10DF4000070181451305B00D1CA3EFA09FBB410144
:10DF50006F200FDE85479CA09387A1B298231305FD
:10DF6000900D3D9B98A3EFA0DFC1AA8565BFEF226E
:10DF70008FDA1305B00DEFA0DFC06F200FDCEF22AA
:10DF80008FD9EFF0DFFE6F204FDBEF222FD7AA896A
:10DF90001305B00DEFA0FFBEAA8413059006EFA0F5
:10DFA0005FBE89472A896311F50C1384C1B089E8E3
:10DFB000232004000C400545EF0030566F204FD75A
:10DFC00091476398F400B7E7010087A787BD1CE07D
:10DFD000D5B713058006EFA0DFBA938441B163097A
:10DFE000250781454E85EFB08F9AEFB0D04F2A8933
:10DFF0001305800BAE89EFA09FEFEFB0D04EB7E7CF
:10E00000010003A6070583A64705EFA0806D4A8699
:10E01000CE86EFA0905E4A86CE86EF909079EFB0E4
:10E0200050578545EFB06F9488C00545EF90FFCA03
:10E03000AA8537050120130585BEEFE01FEF87A7EE
:10E0400041B0B7E7010007A7C7BFD3F7E71841B74B
:10E050001305C00BEFA0BFE9D30705F0538709F004
:10E06000D3F7E7009CE0D1B731D993050000A1B701
:10E07000EF226FCA1305A006EFA0BFB00605938775
:10E08000C190AA978A23EFA09FE66F200FCBEF22C3
:10E090008FC80111AA841305A006EFA09FAE054703
:10E0A00085476388E40011C509478D476303E50090
:10E0B00089471394170093874190A2978A23EFA072
:10E0C0001FE39387C18FA2972AC68A2337040120B2
:10E0D000EFA0FFE1B245930600002A86130584C233
:10E0E000EFE01FFB1305E00AEFA07FE02AC613054F
:10E0F000A00AEFA0DFDFB2452A86130584C2EFE055
:10E100007FF7A6851305F101A30F0100EF0050046E
:10E110008347F101AA8489CB13057006EFA07FA67F
:10E12000854781456313F5008545130584C2EFE0FB
:10E130003FFCEFF0FFF323ACA1B0A685130584C22A
:10E14000EFE0BFDE03A581B005616F200FBF03A51F
:10E1500081B4828003A501B18280EF222FBA03A788
:10E1600041B499472A89138441B46301F718138590
:10E170008501AE89EFF05FCC1385A1B2EF00B01E30
:10E180001385A1B2EF00F00D1C4021476362F70236
:10E19000370702008A071307C710BA979C43828784
:10E1A00023AC0900238501B2EF00D00089471CC0D1
:10E1B0006F200FB82300090083C7A1B213F707012E
:10E1C00011E7139787016187635B070291471CC0C2
:10E1D0009384C1B403A904001305B006050923A064
:10E1E0002401EFA01F9AB7870500938707E4330542
:10E1F000F502E36FA9FA23A0040099474DBF93F7F6
:10E20000070699C3A147E1B783A7090125478507F9
:10E2100023A8F900E37EF7FA1305600BEFA07F96C1
:10E22000AA841305B00DEFA0DF95138981B42320D4
:10E23000A900EFF00FFF2A8A23A809001305A00DFB
:10E24000EFA03F940547631DE5028D472320F900A9
:10E250001305A00AEFA0BFC923A8A1B0370501206C
:10E26000D285130585BAEFE05FCC07A701B0B7E709
:10E27000010087A7C7BFD377F718D38507E00DA89C
:10E28000832709008946638DD70263E9F6001305E9
:10E29000E00AE381E7FC9305000019A80D47E38934
:10E2A000E7FA1147E399E7FEB7E7010083A587BDC9
:10E2B0000145EF009026EFF0CFE9EFF01FCD09BF49
:10E2C000638BE40013978401618719CB638DF4009D
:10E2D0008D47E395F4F889452685EFF05FDBADBF08
:10E2E0001305200B85BFEF007014BDB71305E006C2
:10E2F000EFA07F84130740063305E502938401B441
:10E300009C4063EAA7028347090099E7EFA00F81C9
:10E3100085472300F90069BDEFA00F81E30A05E8F6
:10E3200089472300090023A004001CC0814505453E
:10E33000EF605FEBB5BD85079CC08545CDBF83C74A
:10E34000A1B293F7070981E72320040095B593054F
:10E3500000000145EF00701C93050000054535A045
:10E360003705020013054513EFC0F03683C7A1B28D
:10E3700013F7070211CF930500000545EF00F019D0
:10E38000B7E7010083A587BD0145EF0010190DB562
:10E3900093F70704D5DB930500000145EF00F01764
:10E3A000B7E7010083A587BD55BFEF22CF965C215B
:10E3B0002A8406216386070E2D45EFA08FFC4205B7
:10E3C000418163E6A40C1387A1B2142393F786005E
:10E3D00085E33C2013064006850793F7F70F3CA022
:10E3E0006378F60093E68600214514A3EFA03FE68C
:10E3F00025450620EFA0EFF842054181636C9508A2
:10E400001387A1B2142393F7460085E33C3013062B
:10E410004006850793F7F70F3CB06378F60093E664
:10E420004600114514A3EFA09FE231450620EFA05E
:10E430004FF542054181636F950029450620EFA005
:10E440004FF44205418163E7A4009387A1B298236A
:10E450004D9B98A31A20CD4763E1E7047C20094730
:10E46000850793F7F70F7CA06371F702371501401A
:10E470009305000413050540EF50CFACEFA0DFE794
:10E48000930700105EA023A201B46F200F8B23011D
:10E490000400B9BFA301040049BF23030400F5B77A
:10E4A0002945EFA00FEE4205418163E4A4008547B2
:10E4B0005CA01A2093078002E3F9E7FC5C30F1D7F7
:10E4C0002945EF301F92B707EFBE37E700E093878B
:10E4D00007083CC75DBFEF226F8239711306400207
:10E4E00081456808EF202F8689470545230EF100F6
:10E4F000EFA02FE9AA891305B00223A201B4238556
:10E5000001B2EFA0DF9E2AC613057002EFA03F9E66
:10E51000B246B70401202A87138601B1938501B062
:10E52000014893070000138584BAEFE0DFBE37048B
:10E5300002001389A1B20326041393050000639619
:10E540000900B7E7010083A5C7BF138584BAEFE0D0
:10E550007FB21305B003EFA09F992AC6130570037D
:10E56000EFA0FF98B246B70401202A87014893071D
:10E570000000138584BE138641B1938541B0EFE05E
:10E580009FB98727041393050000138584BE538623
:10E5900007E0370401208944EFE0DFAD1305B00246
:10E5A000EFA0FF942AC613057002EFA05F94B24655
:10E5B0002A870148130584C293070000138681B19E
:10E5C000938581B0EFE03FB5B707020087A7071337
:10E5D000130584C293050000538607E0EFE09FA96E
:10E5E0002945EF301F80EFB06FD8E30B95FE29452A
:10E5F000EF90AFEED30705F0539517C02390A1B26B
:10E60000138501B2EFF07FDA639209026808EFF038
:10E610002FC78347090091453715014091CFEF502F
:10E620006F9285450945EF60FFBB5DBF6C081385A0
:10E63000B1B2EFF09FB2F1BFEF50CF8F8145DDB7A0
:10E64000EF12DFEB131415009387C191A297AA84F0
:10E650008A234111EFA0BF8993874191A2972A8A0B
:10E660008A23EFA0DF88AA8A138541922695082184
:10E67000EF90AFE693870193A2972AC68A23EFA073
:10E680004FD08547B2676302F5028947630AF50AEE
:10E69000538507E0EFB02065B7E7010003A687B612
:10E6A00083A6C7B6EFA0E00325A8B7E7010007A738
:10E6B00087B4D307F7A0DDCF538507E0EFB0A062A2
:10E6C000B707020003A6871583A6C715EFA0703E03
:10E6D000B707020003A6071683A64716EFA0E0714E
:10E6E00053070AF0D3870AF02A89AE89D3F7E708DF
:10E6F000538507E0EFB0205F2A86AE864A85CE8537
:10E70000EFA0A06F2A895285AE89EFB0C05D2A863E
:10E71000AE864A85CE85EF90D009EFB080679387AB
:10E720008192A2972AC68A23EFA06FFC530705F0B7
:10E73000B267D3F7E700538507E041016F105FDF51
:10E74000B7E7010007A7C7B4D307F7A085C753856C
:10E7500007E0EFB04059B707020003A6871683A66B
:10E76000C716EFA01035B707020003A6071783A648
:10E7700047170DBFD30700F07DBFEF12DFD9094562
:10E78000EFF01FECB7E70100D30705F007A707C0BC
:10E79000D317F7A091E7530700F0D397E7A099C3E9
:10E7A000D307E720539517C01375F50F6F10FFD8E7
:10E7B000EF127FD60545EFF0BFE80545EFF05FE8C3
:10E7C0006F10BFD7EF123FD50145EFF07FE7B7E7F6
:10E7D0000100D30705F007A70706D397E7A091EF3D
:10E7E000B7E7010007A707C0D317F7A099C3D3075E
:10E7F000E720538507E06F105FD4D30700F0D5BF43
:10E80000EF12DFCF1C31AA84A1CF584D85679387C3
:10E810000777631FF7020545EF902FCCD30705F06C
:10E82000539517C0131405011305800C4180EFA008
:10E830008FB0636B8502238004021305700DEFA077
:10E840004FB419E583C5040213056002EFA06FAB56
:10E85000DC4C0567130707778507DCCC6374F7008A
:10E8600023AE04006F10DFCC1305A00CEFA0AFACFB
:10E870006367A400930740062380F4027DBF13055D
:10E88000800CEFA04FABAA891305A00CEFA0AFAA94
:10E890002A89330434411305800CEFA0CFA9420428
:10E8A00041803305A940D37714D0537705D0B7E71B
:10E8B0000100D3F7E71807A707C0D3F7E710539471
:10E8C00017C02380840295BFEF12FFC48547638879
:10E8D000F50089476380F50201456F101FC6EF9070
:10E8E000CFBFB7E7010087A787B4530705F05315DB
:10E8F000F7A0E5B7EF906FBEB7E7010087A7C7B4F1
:10E90000EDB7EF125FC11305600BEFA08FA7137572
:10E91000D50F7D15133515006F103FC2EF12BFBF25
:10E920001305600BEFA0EFA585476315F5000145C2
:10E930006F10BFC01305A006EFA0AFA46DD91305DB
:10E94000A006EFA00FA48947E304F5FE0545CDB767
:10E95000EF127FBC854441112A84639B95001D45BD
:10E960002EC6EF908FB7B2450CA041016F10FFBCCF
:10E970008D47639DF5021305A006EFA08FA06309E4
:10E9800095008947630BF50004A0EFF0BFE3F1BFEA
:10E9900023000400EFF0DFE1C9BF23000400EFF023
:10E9A000DFDDD37715D0538507E0C1B70145EF9080
:10E9B000CFB265BF938701B523A00700239207005C
:10E9C0008280EF125FB5AA8481451305A00DEFA0E8
:10E9D0004F93138401B589C8EFF0DFFD814513051E
:10E9E000600DEFA00F921DA01145EF607F9358209E
:10E9F000B707000148B0938707F009EF5840F98F37
:10EA0000130700106394E70085475CA05C307CA08E
:10EA10006F10BFB25840F98F130700106394E700DE
:10EA20002320040004401305C006850404C0EFA0A1
:10EA30004F958567938707773305F50263E7A40051
:10EA4000230204002320040051BF1305A00D8545B7
:10EA5000EFA02F8B1305600DEFA0AF9245F9854510
:10EA6000BDBFEF125FAB41112A8413059006EFA0E2
:10EA70004F9189476307F5001C2093F7F7F91CA015
:10EA8000ADA01C2013F707062DEF0145EF90EFA472
:10EA9000AA841305000CEFA00F8A538704F0D377E4
:10EAA00005D0938481B55315F7A0814719C19C40C7
:10EAB000850705459CC0EF904FA22AC61305400C60
:10EAC000EFA06F87537705D0B2671387C1B5539511
:10EAD000E7A0814719C11C43850794401CC3BDCAE8
:10EAE00081CB23A004002320070041016F10FFA465
:10EAF000BD679387F7A5E3FAD7FE1C2093E70702CB
:10EB0000BDBF93F7070285C70145EF900F9DAA840B
:10EB10001305E00AEFA02F82D37705D0538704F0C6
:10EB20005395E7A079D11C2093F7F7FD89BF0545E0
:10EB3000EF90AF9AAA841305E00AEF90DFFFD37736
:10EB400005D0538704F05395E7A045D11C2093F7D7
:10EB5000F7FB35B73D671307F7A5E378F7F81C20F7
:10EB600093E7070429BFEF121F9B1C212A8493F708
:10EB7000F7071CA11305600BEFA0AF808947630066
:10EB8000F5068D476318F5041305A006EF907FFF87
:10EB9000938741923E9504211305A006EF907FFED6
:10EBA000060593870193AA978A23EF909FFDAA8574
:10EBB0002685EFF07FD10DC1938701B69843930668
:10EBC000C012050798C363F7E600182094C31367C3
:10EBD00007F818A06F107F9623A001B6E5BF1305B4
:10EBE000700BEF901FFA7D151375F50F9387419207
:10EBF000AA9784239387019306053E950A21EF90F7
:10EC00005FF8AA852685EFF03FCC79D5938701B6CA
:10EC100098439306C012050763E4E60098C35DBFFE
:10EC200094C31C2093E707F81CA06DB7EF121F8D4B
:10EC30001305E00AEFA0AFABAA841305A00AEFA06A
:10EC40000FAB538704F0D30705F01305700BD3F710
:10EC5000E708538A07E0EF90DFF27D151374F50F94
:10EC600093874192A29788230604EF900F87EFB015
:10EC700080072A89138501932A940A20AE89EF9090
:10EC80005FF00DC58547630EF502B707020003A6C6
:10EC9000871683A6C7164A85CE85EFA08061B70781
:10ECA000020003A6071783A6471709A8B7E70100C4
:10ECB00003A687B683A6C7B64A85CE85EF90702295
:10ECC0001DA0B707020003A6871583A6C7154A85AE
:10ECD000CE85EFA0005EB707020003A6071683A645
:10ECE0004716EFA080112A895285AE89EFA0B07F28
:10ECF0002A86AE864A85CE85EFA020102A892685F1
:10ED0000AE89EFA0507E2A86AE864A85CE85EF90EA
:10ED1000402AEFB000086F10BF81EF12CFFFB70796
:10ED2000012013172500938787C6BA978CC32A84BE
:10ED3000EF604FB3D30705F08547539617C04206DF
:10ED40004182630DF40011C48947630BF4006F1016
:10ED5000CFFE85452145EF50AFF3D5BF8945DDBFD7
:10ED60009145CDBFB70701200A05938787C6AA97AB
:10ED700088438280962115476398E60858213031F0
:10ED80009306E07C2207518F131687002183598E4A
:10ED9000420641821307F6FF42074183AA870D45C9
:10EDA00063E6E606EF122FF7B823943323900500AD
:10EDB0002207558F854694A396219354360093F4E9
:10EDC000F40F850696A19376760081C6850493F4A8
:10EDD000F40F84B396212E8413852700850696A10F
:10EDE0009315870021834D8F93051700C205814637
:10EDF000C181EFB07FA201C5112B6F100FF41E204F
:10EE00000145BE9406A0D5BF0D45828082809A211F
:10EE100095476311F70658218D4731EF38311306B6
:10EE2000D00F9306F7FF93F6F60F6376D604EF1232
:10EE30008FEE3C210C314111A207CD8F93958700B5
:10EE4000A183CD8F93851700130717F0C2051337E1
:10EE5000170085460546C1816800A3060100588653
:10EE6000EFB09F9B814719C15521AA873E8541017B
:10EE70006F10AFEC8D473E85828096211547637FEA
:10EE8000D70658213031AA872207518F13168700E1
:10EE90002183598E420641821357360093767600BD
:10EEA0001377F70F81C605071377F70F9306F6FF61
:10EEB000C206C1821308F07A0D456363D804D433C7
:10EEC0006390E604EF122FE5B8232E848C332207DB
:10EED000138567004D8F931687002183558F050793
:10EEE000931507018546C181EFB01F9301C53929EC
:10EEF0006F10AFE495471EA00145DDBF0D45828030
:10EF00008280962115476397E60858213031930691
:10EF1000E07C2207518F131687002183598E420609
:10EF200041821307F6FF42074183AA870D4563E537
:10EF3000E606EF124FDEB823943323900500220734
:10EF4000558F894694A396219354360093F4F40F79
:10EF5000850696A19376760081C6850493F4F40F16
:10EF600084B396212E8413852700850696A19315D8
:10EF7000870021834D8F93051700C205C181EFB033
:10EF80007F9201C561266F104FDB1E200145BE94A4
:10EF900006A0D5BF0D45828082809A219547631CCB
:10EFA000F702EF124FD73C210C318546A207CD8FD7
:10EFB00093958700A183CD8F93851700C2050546E1
:10EFC000C1810D05EFB04FF6814719C18126AA878F
:10EFD0003E856F108FD68D473E858280EF12AFD36E
:10EFE0009A21954463F7E40658213031930670075F
:10EFF0002207518F131687002183518F13160701A3
:10F0000041821307F6FF42074183AA870D4563ED4E
:10F01000E602D433131716001377F70F6396E60250
:10F02000B8232E848C332207138567004D8F9316E7
:10F0300087002183558F0507931507018546C181F8
:10F04000EFB08FEE01C5D9246F102FCF06A0014578
:10F05000E5BF0D45D5BF96211547639AE606EF1229
:10F060008FCB54211306C007AA8793940601C18051
:10F070001387F4FF420741830D456362E6042E8443
:10F08000B8238C332310040088A31220860622079D
:10F09000050612A04D8F94B3931587001620218387
:10F0A0004D8F930517008506C20516A0268681465A
:10F0B000C18113852700EFB02FE701C5812C6F10A8
:10F0C000CFC71E2086040145BE9406A0CDBF0D45C6
:10F0D00082809A21A54763F2E70EEF122FC25C21CE
:10F0E00038312A84A207D98F93998700A183B3E787
:10F0F000F9009399070193D909019387F9FFC20792
:10F10000C1831307C0070D456367F70A1C247030DD
:10F1100013078007A207D18F13968700A183D18F91
:10F120001396070141829307F6FFC207C183636408
:10F13000F708183493171600639FE70624202E89DA
:10F140000C30A2047C20CD8C4C30A2078546CD8F9C
:10F1500093958700A183CD8F93851700C205C18148
:10F160001305A400EFB04FDC39E923100900DD4797
:10F170001CA083570900139A1900939584008507F2
:10F180002310F900A300440183570900A180CD8C0E
:10F19000938514008507C2052310F90081464E8629
:10F1A000C18113052400EFB02FD811E9835709005E
:10F1B0003E9A231049016F10AFB701458280B922F2
:10F1C000DDBF962115476390E6085821303193063C
:10F1D000B0072207518F131687002183518F131612
:10F1E000070141821307F6FF42074183AA870D45B5
:10F1F00063EDE604EF122FB22E843E858C33114767
:10F20000BC232310040018A11A20A207931416008F
:10F2100005071AA004B1CD8F939587001A20A1830A
:10F22000CD8F938517000507C2051AA0C181090576
:10F23000EFB08FBC01C5D9286F102FB01E2001453B
:10F24000BE9406A0D5BF0D4582808280EF12AFAC80
:10F2500003D441B6AE84B70501202286938545C705
:10F260000505EFA0F059050482A001456F10EFAC31
:10F27000A14763F4C702EF120FAAB70602003706D0
:10F280000200370502009386861813068617930539
:10F29000800313058519EFA0D04D13D735009307D0
:10F2A00017003308E5003E958547B397C700FD1763
:10F2B000C2070E073387E540C183B397E7001821E3
:10F2C0000346080093C7F7FF2207518F9D89F98FE6
:10F2D000B396B600DD8EC206C1862300D800C206F2
:10F2E000C182A18214A1828093D735003E951C3142
:10F2F00008219D89A207C98F05453315C500B3D7DD
:10F30000B7407D157D8D1375F50F82809D4763E7AE
:10F31000A70093878193AA978823828011458280D2
:10F32000EF126F9F9388F5FF93F8F80F9307600F24
:10F3300063F61701094422856F102FA0238CB18238
:10F340002E886DF9B687B7F60000B2859386465CC5
:10F3500023ACD1B6B7F600009386A65D23AED1B636
:10F36000B7F600009386066623A8D1B6B7F600006C
:10F370009386C65E23A6D1B623AA01B6B7F60000CF
:10F380009386066E23A0D1B8B7F600009386A679BF
:10F3900023A2D1B8B70601009386268223A4D1B850
:10F3A0004285BA863E86D5222A8451F5412309C575
:10F3B000054723AAE18241B70D44B5BFEF12AF95CF
:10F3C0002A84370502001305051EEFB0D0302285D0
:10F3D0007D292A8419C9370502001305451FEFB09E
:10F3E000902F054723AAE18211A8892319E937053F
:10F3F000020013054520EFB0102E0D4422856F103A
:10F40000CF93B70701009387078A23ACF1B6B707FC
:10F4100001009387278A23AEF1B6B70701009387CF
:10F42000C78A23A6F1B6B70701009387878F23A861
:10F43000F1B623AA01B67D57238CE1825DB7EF12A6
:10F440008F8D138441831840854719456318F70051
:10F4500083A781B782970145232004006F10EF8DA9
:10F46000EF126F8B83A74183411119446393070CFB
:10F470006800FD290547AA876304E500014455A8F3
:10F4800032476303A7088946E31AD7FE03A501B9EB
:10F490000C213707002023A4F1B61306C77C23866E
:10F4A000B1B88147138401B91389C1B8938481B677
:10F4B0001307C77C4148142291CA6390D5088E0770
:10F4C000BA97DC43938561B9829788C083C741B9F5
:10F4D000D5D79440938761B985C20347090010408E
:10F4E00085458EA3136707F818A292231840930549
:10F4F00016008EA3329714A3922303A701B70C40E2
:10F5000003C5818302979DBF83A7C1B6938441B988
:10F51000138661B9938501B9138541B982972A840D
:10F5200031FD9C2003C781836303F700A1FB0945DC
:10F530000121228541016F104F8085072106E39C40
:10F5400007F769B7AA95C205370602003708020017
:10F550001307F00F9306F00FC1811306462113081D
:10F56000483193170501C1836396F5001395860012
:10F57000598D828005058347F5FFB98F3307F60063
:10F580001823C297358F9423E9BFEF02DFF8328446
:10F590002E852146A285952985476311F502956739
:10F5A000938707B01305300263E4870013058002D8
:10F5B000EF00700E054781476303E5008D473E85E8
:10F5C0006F00BFF7EF023FF58145054523AC01B859
:10F5D0004129EF00900E6F005FF6EF02DFF38145E7
:10F5E0000145BD29EF00500E6F003FF5EF021FF1FE
:10F5F000138441BA1E201307F00F41116372F70202
:10F60000B706020037060200370502009386464619
:10F61000130646419305B0091305C548EFA07015C0
:10F620001E200D476366F700154541016F005FF02E
:10F630002E890E20AA8937050120930445C9130598
:10F6400045C932C6EFF01FF065F19C2032468504B3
:10F650002380F9001E20F5171EA223209900F1B780
:10F66000EF027FEB83A481B985476399F406138485
:10F6700061BA06A0AA87A38FF5FE1E201385F5FFA9
:10F680003E964206418212A00E2023A0A1BAEFF0BE
:10F690007FEB1A209376F50F218142074183930770
:10F6A0001700C207C1831EA0B7070120938747C96F
:10F6B0003E9714A31A201375F50F85454207418321
:10F6C00093061700C206C18216A0BA9788A3014507
:10F6D00023AE91B8712601456F003FE61545EDBF99
:10F6E000EF027FE383A7C1B941118DC3B7060200C2
:10F6F00037060200370502009386C64C13064642C1
:10F700009305400E1305C548EFA0B0061305F100A0
:10F71000F126938781B998438546630FD70019C7AF
:10F7200089466302D7048D476314F700EF00E07841
:10F73000014541016F007FE0938641BA23900600A6
:10F740009A221316070141821307160042074183CC
:10F750009AA2948737070120130747C9329714A349
:10F76000094798C3E1B7138741BA16231306F00F70
:10F770006363D6021E2393960701C1829387160006
:10F78000C207C1831EA39887B7070120938747C983
:10F79000B69798A361BF0D47E9B7EF02DFD783A7FC
:10F7A00081B905476382E702B70602003706020007
:10F7B000370502009386C65413068643930500124C
:10F7C0001305C548EFA0E07A9384C1B9984019C7E2
:10F7D000630AF700014422856F003FD68145054545
:10F7E0004124CDBF138461BA1E20C207C1838DC3DB
:10F7F000938401BA9C40882362056185652C9C40F6
:10F8000085079CC01E20FD17C207C1831EA0D9B763
:10F810000D45392A2A848145054523A00400892401
:10F820005DBFEF025FCF138781B9144309464111D1
:10F83000138481B96380C6048D476388F60401454B
:10F840009DCA1443B9C214436381C60418430145D9
:10F850006304F702B706020037060200370502000C
:10F860009386864E1306C644930580151305C54836
:10F87000EFA0207005456D2885472AC61CC0EF0003
:10F88000A064324541016F005FCB0145F5B7EF023F
:10F890009FC8352B01E50D456F003FCA0145EDBFFF
:10F8A0008280EF025FC79D2B6F003FC9EF02BFC68A
:10F8B00001112A84AE8468089305A10132C6BD23D4
:10F8C00015C9724715453C333423A207D58F93964B
:10F8D0008700A183D58FC207C18391EBBC853246D7
:10F8E0001D0798C0E5171EA2FD571CA00145056124
:10F8F0006F00BFC41545E5BFEF02FFC193071600B7
:10F9000013D787401D06238FF5FE2E85A38EE5FEB7
:10F9100093150601C18165153D23954711C18147A6
:10F920003E856F009FC1138581BA82800545828024
:10F93000EF027FBE854741112A8663F5A7008D47F8
:10F9400063E4A70283A581BA37150000740013058C
:10F9500005A502C6EF306FC901C9B24791C7B7E725
:10F9600000E0116723A0E720054541016F00FFBCBF
:10F97000EF027FBA2A8403A581BA7D5781460546E6
:10F980008D45EF001FE48547630FF50011C98947D6
:10F99000630BF5008D476308F50005456F00FFB95F
:10F9A00023200400DDBF08C0CDBFEF02DFB683A572
:10F9B00081BB41113715000074000546130505A5EC
:10F9C00002C6EF308FC201C9B24791C7B7E700E066
:10F9D000116723A0E72041016F003FB6EF02BFB3DC
:10F9E00003C751BB938551BB238AE1BA03A5C1BAB2
:10F9F000EF401FC283A701B882976F001FB4138521
:10FA000081BB8280138501BB8280EF02DFB0854716
:10FA10006380F60489476381F604014781461384B5
:10FA2000C1BA014608C0EF40DFB008403706010008
:10FA3000B7050100014789461306A69A9385C59D1F
:10FA4000EF40BFB70840EF40DFB505456F00FFAEA0
:10FA5000056793060060E1B7056793060040C1B7EC
:10FA6000EF027FAB2E8483A7C1BA15C5938551BB26
:10FA70003E85EF40FFB9371501409305002013057F
:10FA800005C0EF303FCC03A581BB85450DC0EF001D
:10FA9000DFEF6F009FAA3E85EF405FB93715014049
:10FAA00093050020130505C0EF30DFC8E9BFEF0064
:10FAB0009FE6C5B7EF023FA62A843715014093059C
:10FAC0000020130505C0EF30FFC603A5C1BA93752A
:10FAD000F40FEF405FB205456F003FA683C741BBFF
:10FAE0001CA105458280EF021FA303A581BB7D57A2
:10FAF000814605468545EF00DFCC8547E317F5FED7
:10FB000083A741B88297D5B7EF02FFA008218545AA
:10FB1000EF20301A7D572384E1846F001FA2EF028B
:10FB20009F9F41118545054502C202C4231601006D
:10FB3000EF70EF9983A7C18237470F00130707249F
:10FB4000B3D7E7024C0037050040231501007C8441
:10FB500089679387F7703EC2EF706FB80546854599
:10FB600037050040EF700FEA854537050040EF701C
:10FB7000EFE7854537050040EF706FF1B7E700E02C
:10FB8000056723A2E71041016F003F9BEF023F96FC
:10FB90004111138501BCEF503F9C0144EFF03FF849
:10FBA000938C0184138CC183938B4184114B9314E8
:10FBB0000401C1801385340142054181EF807FFC3F
:10FBC000B3878C0088A31385740142054181EF80BF
:10FBD0005FFBB3078C0088A31385B4014205418104
:10FBE000EF803FFAB3878B0088A30504E31164FD1F
:10FBF000938601BC138641849385C1831385018458
:10FC0000EF60CFE49567938707E23EC291679387E1
:10FC100087A93EC44800A5473EC6EF10905BEFF0B1
:10FC20009FD0184123A8E1BC41016F00DF8FEF0294
:10FC3000FF8C0111C88793F745002E84A1C79379E3
:10FC4000F50F1307C0033387E902B78700209387B6
:10FC50004736BA97D44798473697D44B9C4F33864C
:10FC6000F6006374C700B307D7409384C1BC8E20ED
:10FC70003ECE13076010AE976372F7061305F100CE
:10FC8000EFF09FE8937784009DCB93848184982044
:10FC90009307F00F6315F70288878545EF206066AC
:10FCA00088870566130686B6B305C502B707012027
:10FCB000938747D9BE95EF20C00D9C879CA0937772
:10FCC000040181C77D572384E1841374040401C4B3
:10FCD0007D572384E18405616F009F8537190120DA
:10FCE000130949467008CA954E85EF20A00F9E2043
:10FCF00072473E97420741839AA09947E3F4E7F899
:10FD00008356490093978600A182D58FC207C1838D
:10FD100093865700E3D8E6F69907E311F7F6054511
:10FD2000EFF01FC103A501BD7D57854605468545FA
:10FD3000EF003FA9B71501201386C1BB9385C556B7
:10FD40004E85EF20603F938401BD09C51305F10086
:10FD5000EFF09FDB88408945EF003FC325B7EF02F6
:10FD60008FFBEF208055937715002A8499C73705BC
:10FD7000020013058556EFB000169377240099C74B
:10FD8000370502001305C557EFB0E0149377440020
:10FD900099CBEF206056118919C53705020013056C
:10FDA0004559EFB0401341880DC00145EF20205266
:10FDB000AA8501C50145EFF09FE70545EF202051D9
:10FDC000AA8501C50545EFF09FE66F000FF7EF022A
:10FDD0008FF439711304601F11C12A841306C00304
:10FDE00081454800EF002FF68D4722D64C00138442
:10FDF0009184138591843ED0EF10F057814719E923
:10FE00000820EF204055854711C508208945EF207F
:10FE1000406A81473E8521616F002FF2EF02AFEF0C
:10FE200013859184EFF05FCE6F002FF1B71701209B
:10FE3000938747461CC19387C1BC9A2305452390ED
:10FE400007009AA18280EF020FEDB71701202E86DE
:10FE50002E84AA851385C7569384C756EFA0401AEF
:10FE600023AE81BA138401BD0840854523A491BC0B
:10FE7000EF00BFB108407D57854605468945EF0034
:10FE80005F9405456F006FEBEF02EFE883A781B841
:10FE900082976F008FEAEF020FE8B70601009565C1
:10FEA0002A8695470547938686E8938505E20D45A2
:10FEB000EF400FC805456F004FE8EF02CFE50D4555
:10FEC000EF40AF906F006FE7EF02EFE40D45EF40BA
:10FED000EFBB6F008FE6EF028FE1AE9693990601BC
:10FEE0003A8B1307160093D9090142074183CE8646
:10FEF000AA842E84B28A034A2509EF00301001C972
:10FF00000549933B1A0063968900238944096F00D1
:10FF10008FE183470B00B377F9008DC7238944092C
:10FF2000014785465686A2852685EF00807B05041D
:10FF3000060942041379F90F4180E31609FC050B09
:10FF40000549D1B783C71409FDF323897409C9BFD3
:10FF5000EF02CFDA329713190701B689AE9613591B
:10FF60000901C2064A87C1822A8BAE8A32843E8A40
:10FF7000EF00D00801C993847900C204C1808D804C
:10FF8000631489006F00CFDA228605045287CE867B
:10FF9000D6855A854204EFF01FF4269A4180CDB7EA
:10FFA000EF02CFD5329793140701B689AE96C18080
:10FFB000C2062687C1822A8A2E893284EF00100465
:10FFC00009ED6F00EFD6228605040147CE86CA856B
:10FFD00052854204EF00E0704180E39684FED5B77D
:10FFE000EF026FD31C418145902B8347850348590D
:10FFF0003306F6020E06EF000FD56F000FD4A147AF
:020000021000EC
:100000001CA137150120130545678280EF02AFD090
:100010003687AE84B286B71501003716010041114C
:100020001306A6B89385C5C62A84EF00306513056C
:10003000F100EFF0DFFC9087B7160100AA85268754
:100040009386A6822285EF00101941016F00EFCE42
:10005000AA959C218831A2073E9542054181828064
:1000600001458280EF022FCB9C21AE842A841CA103
:100070009C311CB1BC213CA1BC313CB1DC215CA158
:10008000DC315CB1FC217CA1FC317CB19C251CA540
:100090009C351CB5BC253CA5BC353CB5DC255CA518
:1000A000DC355CB5FC257CA5FC357CB59C29C545BB
:1000B0001CA92685EFF0DFF92AA8CD452685EFF0AB
:1000C0003FF94AA8D5452685EFF09FF86AA86F004A
:1000D000CFC610410348C5001C223307B800137770
:1000E000F70FB3D607419D4763ECE70093F7F60F90
:1000F00058A57D553315B5001345F5FF7D8D8280DC
:10010000930716001CC11C32214633060641B397E3
:10011000C700D58F611793F7F70F1377F70FC9BF94
:10012000EF026FBF2CD183458507930405062A840F
:10013000230605062685EFF0DFF98345940723059E
:10014000A4062685EFF0FFF883472409A305A4063B
:100150002307F40693B71700A307F4066F00EFBD5B
:10016000EF026FBB2E84EFF0DFF67D148547B39767
:1001700087001D8D620561856F002FBC8547638CEC
:10018000F60091C68947638AF6000D8D11A032955D
:100190004205418182802E95E5BF118DD5BF8547EF
:1001A000638CF60091C68947638AF600329511A0E8
:1001B0002E95420541818280118DE5BF0D8DD5BF01
:1001C000EF026FB2834485060349950641112A84E4
:1001D000AE89328B834BA40693FAF90F338A9B4086
:1001E000137AFA0F63743A01937AFA0F03470407FC
:1001F000939C8401131C89010355440693DC8C41B4
:10020000135C8C41BA866286E6853AC6EFF03FF908
:100210003247835D64066286BA862A8DE6856E85DE
:10022000EFF0DFF52A86324763080B028347E406C6
:100230002309F408D686EA8522856521CE9493F4B5
:10024000F40F63E14903B3847441050993F9F40F92
:100250001379F90F8144BDBF8347D406E5F3834783
:10026000F406F9B723049406A304840741016F0040
:100270004FABEF02CFA72A84130A0506EFF05FEA1F
:100280008345A40752858309B406EFF07FED8345CB
:10029000B4072A8C5285EFF0BFEC8345C4072A8B44
:1002A0005285EFF0FFEB8304A406AA8A6354900AF8
:1002B0004E9B834B0407330B604103554406620B8E
:1002C000135B8B41DE865A86E285EFF05FED2312E9
:1002D000A4062A89035564065A86DE86E285EFF075
:1002E000FFE92313A40685472A866382FB086386F9
:1002F0000B068947638DFB088D476381FB0C2A87BA
:10030000CA86CA852285DD2931C5231404068345A2
:1003100064075285EFF0FFDB834574072A89528515
:10032000EFF03FDBAA840146CA852285EFF05FE942
:10033000A68522850546EFF0BFE885455285EFF09A
:100340005FD975F183079406E3C337FD8347E4065D
:100350002309F40856856F000F9DCA9493960401F3
:10036000B304350113970401C182418359BFB30718
:100370003941AA94050993160901139704018507C9
:10038000C182418313990701135909019DBF054794
:10039000B3049740B307990033073741930419001A
:1003A00093960401B305E500930415001397040127
:1003B00013960501C18241834182E9B7B304954098
:1003C00013061500B3063901850413170601C2068A
:1003D00013960401C1824183418225B73C4D130726
:1003E000F00FDD076368B70213070006637DB700EF
:1003F00003578508BA9798332DC79423E39CB6FE1C
:1004000013852700828013070004E376B7FE0357A5
:100410006508CDB7EF022F900354A508AE843E9433
:10042000228981454A85EFF0BFC22A9489454A85D1
:10043000EFF01FC21109E36695FE1C301820A207D9
:10044000D98F13978700A183D98FC207C18381CF2A
:100450006396F400130534006F002F8E3C203E9409
:10046000E9BF014582800145C5BFEF02CF8A2A84DA
:10047000EFF0DFF615C9AA852285EFF07FCA834524
:10048000A407930404062685EFF09FCD8345B407A7
:100490002308A4082685EFF0BFCC8345C407268532
:1004A000EFF01FCC6F006F890145EDBFEF022F8485
:1004B00023050506AA84AE8AF52BC167130900FC43
:1004C000014A0144138BF7FF9389E7FF930B00FC6C
:1004D00083C50A00DC4026858297AA8563046503EC
:1004E000850AE30735FF2685EFF03FF8131A05016B
:1004F000135A0A01631479010389040952944204CE
:100500004180F9B78387A40691CF03870409BA977E
:100510003E943304444142044180635520014A948F
:100520004204418022856F000F80A306B5068280B9
:10053000EFF2DEFC8347050705472A842E89B28443
:10054000B6896381E7048DCB09476385E7040D47CE
:100550006386E704CE85231224072313940622859D
:10056000EFF0DFE7AA85014591C52285EFF07FD046
:10057000420541816FF0DEFB7C4D8297AA94C20454
:10058000C180C9BF7C4D82973309A94042091359E4
:100590000901C9B77C4D8297898CD5B77C4D82976C
:1005A0002A99EDB7EFF2BEF44169AA8C2E84B28489
:1005B000B689130AF9FFFD29014C7919854A094BBF
:1005C0008D4B83A74C0083C5090066858297AA8658
:1005D000630445058509E30625FF2686A285668511
:1005E000EFF01FF583C70C076380570391CB63813E
:1005F0006703638177032A9C420C135C0C01D1B71B
:100600002A9442044180C5BFAA94C204C180E5B7C0
:10061000098CC5BF898CD5BF62856FF0DEF0EFF223
:100620009EEFB71701009387A7A15CC1EFF09FF77A
:100630006FF0BEF03C4DA9CB0306150883062508D4
:100640008347D5082307C508A307D50895CF0547D5
:10065000639FE700830735086354F6002307F50816
:100660008307450863D2D702A307F5088280830772
:10067000E50703070508BA976354F6002307F50852
:100680006354D700A307E5088280B707010093876A
:1006900007067CCD8280384D630FB700EFF2BEE7CE
:1006A0002A842CCC13054507EFF0DF9B2285EFF061
:1006B0007FF86FF09EE88280EFF2FEE5B717010049
:1006C0009387A7A15CC1EFF07FDE6FF01EE7EFF22A
:1006D0009EE47E3D1D8E5C554206418282976FF0FE
:1006E000DEE58347C508C1CBD9C6854763F9D70086
:1006F00089476317F7068505958DC205C181058B6E
:1007000025EF8357C5046368F6068357E5046374D1
:10071000F606AE96C206C182835785040358A50427
:1007200063F9B60463F605059306F8FFC206C182B5
:1007300063F3D704BE8863F3B700AE8893950801CE
:10074000C181C28763F30601B687B386B740C2068C
:10075000C182EFF25EDC1C599C4782976FF0FEDD90
:100760008D47E31EF7F80506158E4206418241BF0C
:10077000BE85E3EF05FB828083578504E3EDF5FE3C
:100780008357A504E3F9F5FEB296C206C1828357EA
:10079000C5040358E50463F9C602637606039306AD
:1007A000F8FFC206C182E3F8D7FCBE8863F3C70036
:1007B000B288139608014182C28763F30601B687A7
:1007C000B386C74069B73E86E36F06FD6DB78947BC
:1007D00063E5B7002309B508828085472309F5083A
:1007E00082806379B60085476364D500B3B7C600DD
:1007F0003E858280E36CD5FE8147DDBFEFF2BED13E
:100800002A84AE848355E5040355C5043689BA8627
:10081000EFF03FFD09C98355A40403558404CA863B
:100820002686EFF01FFC6FF05ED103432509937815
:1008300076008547339817011378F80F014E63E56A
:100840006700428E6309F30403230500619A5C5933
:10085000034303013306660242064182B295BE9508
:100860000DCF05479C218508FD16B367FE00B347F1
:10087000F800C2069CA193F87800C1826390080436
:10088000323D83472509B2956365F700054E638EB7
:10089000E70205481DA8014845BFAE96C206C182C1
:1008A0009C218505B367FE00B347F800A38FF5FED2
:1008B00093970501C183E395D7FE828093171E00AD
:1008C000060813FEF70F1378F80FC9FE82808345E0
:1008D00085031441834895031397050141839317BA
:1008E00037005EBD9C2A13980801135808018E0733
:1008F0003EBD931738007EBD903AC6956356B6004C
:1009000033070641420741830E072310F504BA97C7
:100910002311F504DE2A2312F504FE2A2313F5041D
:100920008280EFF25EBFEFF09FFA6FF01EC1EFF230
:100930009EBEEFF0DFD96FF05EC0EFF2DEBD035771
:1009400065058356250503564505835505052A8407
:10095000EFF0DFEA09E5230604086FF01EBE8547C5
:100960002306F40803578404835704056374F700CF
:100970002314F404835724050357A40463F4E70005
:100980002315F404835744050357C4046374F70024
:100990002316F404835764050357E404E3FFE7FADE
:1009A0002317F4045DBFEFF21EB703574504231469
:1009B00005042315E504384178C5EFF01FF86FF002
:1009C000DEB7EFF25EB51C59417738C9DC4378C910
:1009D00082976FF09EB6EFF21EB493071010230CAF
:1009E000C502A30C0502A3060506A3060508A30875
:1009F00005082319F5081C4354D54CD918D9232CC4
:100A000005042A8482972285EFF0BFFB2285EFF050
:100A1000DFC7230804066FF05EB2D1C9A947638817
:100A2000F508034765022DE79307B00F63FAB70097
:100A300095472303F50285890EB1C165F915B9A063
:100A40009307700F63F7B70091472303F5028D8971
:100A5000E5B79307F00E63F7B7008D472303F50260
:100A60009D89D9BF9307F00D63F7B700894723032A
:100A7000F502BD89D1B79307F00B63F7B70085473F
:100A80002303F502FD894DBFC205C1812E858280F9
:100A90001E3193F5F5037D179A07DD8DC205137797
:100AA000F70FC1812303E5020EB16DD379B7C1659C
:100AB000FD15E9BF230305028280EFF2DEA51C4984
:100AC0002E8681469305000282976FF01EA7EFF2F3
:100AD0009EA41C49B2862E86DD4582976FF0FEA546
:100AE000EFF27EA34111CC871306F1008545EFF0AC
:100AF0001FFE41016FF07EA4EFF2FEA15C452E8641
:100B00008146D54582976FF05EA3EFF2DEA05C458B
:100B1000B2862E86DD4582976FF03EA2EFF21E9ED2
:100B20004111AA842E845D49E549130AE00FD54A94
:100B30000C20638C25036367B90063F05503410102
:100B40006FF01E9F63FCB902E39B45FF10309305D5
:100B500090022685D087E52439A01030DC448146F8
:100B6000D087268582970904E1B71C301306F1006F
:100B700085452685DC87EFF05FF9F5B7DC448146D3
:100B8000014626850504829765B79387C5FE93F7CE
:100B9000F70F15476366F704EFF2FE973727020059
:100BA0008A0713074783BA979C4341113289AE8461
:100BB0002A8482878145EFF05FF0CA852285EFF0B5
:100BC0003FF2054541016FF05E97854536C6EFF06F
:100BD000DFEEB2461C484A86A68522858297DDB79D
:100BE00001458280EFF29E912E84CC212A89B28920
:100BF0008E0593F5F50393E50504EFF0FFEF83C54C
:100C000069004A8593E5850BEFF01FEF7C20A9CFA3
:100C1000542058309387860093F7870F958F93F76A
:100C2000F70F9375F70F63F4E70093F5F70FAE96A0
:100C30000D8F10408E0593F4F50FA68554A058B083
:100C40004A85EFF09FEC0C405C30AE9404C091EB11
:100C500083A709001CC083C749005CB07C20FD1736
:100C60007CA05C209D8BDDF36FF09E8CEFF2BE8A42
:100C7000A94741112A84638FF50863EAB700A547A5
:100C80006383F5088144268541016FF01E8BAD47D3
:100C90006386F50CBD47E397F5FE9C423689D43256
:100CA0003EC483574900508713978700A183D98F8B
:100CB0007C869D4763E2D7025C4581460546E14557
:100CC00082974A862C002285EFF0DFF15C44814652
:100CD0000146E545228582971886BD478544E3E4B1
:100CE000E7FA5C4481460946E145228582974A86B7
:100CF0002C002285EFF01FEF5C4481460146E5455C
:100D00002285829749B7B72502009385C584452877
:100D1000854495BF55285C4481460546E1452285BA
:100D20008297938501942285EFF05FDF5C448146D2
:100D30000146E545228582975C44E14581460946A6
:100D400022858297938501942285EFF03FDD5C44F4
:100D500081460146E545228582975DBF5C45814617
:100D600005EA0546E1458297938541942285EFF097
:100D7000FFDA5C4481460146E545228582975C4462
:100D8000E1458146094622858297938541946DBF4E
:100D90000546E1458297938581942285EFF01FD81F
:100DA0005C4481460146E545228582975C44E145E5
:100DB00081460946228582979385819471B70CC13B
:100DC000BC292301F5028280EFF2EEF45C498146F2
:100DD0000146930580022A8482975C44814601463D
:100DE000D14522858297228505469305B004812846
:100DF0001C40228593059002D02391202285014634
:100E00009305B0042D281C40228593059002D02321
:100E10003D20228505469305B00415201C4093050E
:100E200090022285D03321286FF02EF1EFF2AEEE42
:100E30001C4581460146A54582976FF00EF0EFF202
:100E40008EED5C49814682976FF02EEF01458280DE
:100E5000B71701009387C7E41CC55CC51CC95CC9F2
:100E6000FD5723200500A301050223030502232CBF
:100E700005002302F5022304F5028280EFF2AEE9B9
:100E800041112A842EC632C436C23AC0EFF05FFC4C
:100E9000B2452246924602470CC450C414C858C8F2
:100EA0002285EFF0BFF841016FF02EE95D71A2C419
:100EB000A6C2CAC052DE56DC86C62A84AE8455203D
:100EC0009387C18403A90700FD572A8AAE8A63016C
:100ED000F9022286A6862285A685EF80703109E96F
:100EE000014681462285A685EF70D065634C0500DA
:100EF000B64026445285D68596440649725AE25A2F
:100F00006161828085473EC4971701009387C7952A
:100F10003EC602D422CC26CE22C826CA63070902C6
:100F2000014681463285B685EF70A07B2AD02ED24D
:100F30008947631EF900EF906007930710021CC1F8
:100F4000A25799EB025A925A65B702D002D22800F2
:100F5000E52275D1A257FDD7EF904005A2571CC1DD
:100F6000D5B741113707F07F22C426C206C63378B1
:100F7000B7002E84AA84630DE816AE87AA86635F45
:100F8000B00E13DE454163010E1A37071000130639
:100F9000F7FFF18FD98F130E1EC01397170013762A
:100FA0001E0093D7F601BA971397160011C67D83DA
:100FB0008607BA9713972600135E1E40D945814EC7
:100FC0008146370620003385C6001358F701FD150A
:100FD00063C6A700898FB306C500B29E8607C29775
:100FE00006070582EDF1130500020143814837062B
:100FF000008019A86385D70E9355F70186077D15E4
:10100000AE97060705820DC9B3051601E3D4F6FEB7
:10101000B388C500368863CE050A958FB336B7000E
:10102000958F0D8F9355F70186077D153293C286F4
:10103000AE970607058269F9D98F9354130089CBBF
:1010400093041300FD5785806314F300850E8144DB
:1010500013D71E403704E03F93FE1E003A94638589
:101060000E00B7070080DD8C13174E012297B240A7
:1010700022442685BA859244410182801397150047
:1010800005833368A7002E87E30308FED9E193D5D3
:10109000B600AD172E87D606FDD913D6450141EA15
:1010A000014611A02A8606079315B70013051600FE
:1010B000E3DA05FE930800023688B388A840BA85B3
:1010C000B396A60033571801338EC740B367B700F5
:1010D0006DBD13C8F8FF1358F80136983DBFE36D96
:1010E000B7F0B388C500E3C605FE3E88814715BF4B
:1010F0002A86AE86EF7070502686A286EF60706BEF
:10110000B2402244AA842E872685BA8592444101A2
:1011100082802A86AE86EF80C0192A86AE86EF705E
:10112000405CAA842E87A1B72E87814795BF368859
:10113000930800027D5679B701458280EFF2AEBD7B
:1011400083A7C1A041113EC6EF10001B11896300A7
:1011500005149387C1BE9843B246998E3727012064
:10116000032747B105836376D700324798C3EF3032
:10117000B054EF40000083A7C1BF91C7EF30F055D6
:1011800019E123AE01BE938481BE9840B247998F86
:101190001307703E6376F700EF200020B2479CC033
:1011A000938741BD9843B246998E056713077738F8
:1011B0006376D700324798C3EF10E05BB727012072
:1011C000938787ADD84711CF138741BE1043B246EE
:1011D000918E1306703E6376D600B246DC4314C38C
:1011E0008297B724012083A704A8A9CB138701BE47
:1011F0001C43B2461306A00F9D8EB727012083A77C
:1012000007B5ED83B387C70263E9F600B2471CC395
:10121000938704A89C4B91C382979387C1BD984341
:10122000B246998E3D671307F7A56379D700324719
:10123000938404A898C3DC4891C382973245938471
:1012400081BD412C9C4032471D8FBD679387F7A518
:1012500063F5E7009924B2479CC003C791BFBE84E1
:101260001377F70F0DC703C791BF1377070C1DE363
:10127000B727012083A787B599C30545829703A7A0
:10128000C1A023AAE1BE93070004A38CF1BE4101D3
:101290006FF0AEAA03C791BF1377070415CB83A6DF
:1012A00041BF03A7C1A0138941BF158F9306400614
:1012B000E3FFE6FCB727012083A787B599C3014563
:1012C000829783A7C1A02320F900930700F875BF78
:1012D00003C791BF62076187E35B07FA83A641BF3B
:1012E00003A7C1A0158F93064006E3F2E6FAA38C8C
:1012F00001BE71BFEFF22EA237250120130585B67E
:10130000EF10702A6FF06EA3EFF2EEA0B727012066
:10131000938787AFD8573724012088D313674700B6
:10132000D8D711899307C4B39C4F1304C4B301CD1C
:1013300099C3014582975C4C99C301458297054545
:10134000352A6FF08E9F99C3054582975C4CF5DB7B
:1013500005458297FDB783A701A2232005009DCBF9
:10136000944363DB0600D4479042634506029C43E6
:1013700063D4070023A0D1A283A701A291650146EF
:10138000FD153548B7080080944363D7060019C29D
:1013900023A0F1A201458280944313930601634286
:1013A0000304944393F606108DCE944393F60620DF
:1013B0008DCA9443C182ED8EF11614C16371D802B7
:1013C000944393F6060281EA19C223A0F1A29C4736
:1013D0005CC105458280944393F61608F5D6232018
:1013E000050023A017010546DC4779BF03A701A22A
:1013F000B706008014C3584723A0E1A28280EFF211
:101400008E9183C791BF93F7F70F81E78547A38C30
:10141000F1BE03A7C1A0938701BF09CB98C3B7272B
:10142000012083A7C7B582976FF02E910547FDB7BE
:10143000B727012083A7C7B5014585CF03A781A39F
:101440000DCB14430847938701BF63D206028C4338
:10145000A16689069308300603A6C1A00D8E63E439
:10146000C800FD1681EA14438606858214C323A0B2
:10147000070082801043E34106FED5BF03A7C1A049
:10148000B7270120938747A788A3239107002392BA
:10149000070098C7A38007008280EFF2CE87B724A9
:1014A0000120138484B65C4041116C00138584B61E
:1014B0003EC623220400EF10004DB2476C00138596
:1014C00084B65CC05C443EC6EF10E04B41016FF057
:1014D000CE86B7270120938747A7982319E388C7AB
:1014E000828098479306703E3307E54063F3E60237
:1014F000EFF26E82BA2388C7914663F7E600014592
:10150000EFF0DFF76FF06E830507BAA3EFF0FFF897
:10151000D5BF8280EFF22E802A840145EFF01FF6BE
:10152000B7270120938747A711C8054798B3B72766
:101530000120094723A2E7B26FF02E80A3800700A5
:10154000E5BF828003288503630B0802EFE2BEFC3F
:10155000FC5D014791C70507420741839C43DDBFFE
:1015600083A7050891C70507420741839C43DDBF58
:10157000814601468145029801456FE01EFC014508
:10158000828001458280EFE29EF65C42032A85005C
:101590000329C5000049AA8488239C33B289A20785
:1015A0005D8DEF10900F9355650093F5C503B3055E
:1015B000B0404E85EF20704449E5DC44984C03DB95
:1015C0008900998F63F867014E85EF20F049054542
:1015D0006FE07EF54A9A4E890356A900B30A8A4005
:1015E000832B490063F4CA045686DE852285EF808A
:1015F00030218357A9009844330444413E94228605
:10160000B3855B013A85EF80B01F2A940329090056
:10161000E31409FC4E85EF2030459C4C80C8DA97D6
:101620009CCC9C4093E747009CC055B72285DE8543
:10163000EF80101D8357A9003E94E39957FD804425
:10164000F1B7014571B771CAEFE27EEA832BC5009D
:101650001C4D035B8600BA8AB387FB40368A328909
:101660002A8463F767013285EF2010406FE0BEEBFC
:101670001C450449B289BE9B03D6A900338C9B400C
:1016800083AC49006377CC066286E6852685EF80C9
:10169000301783D7A9001844B3847441BE942686BA
:1016A000B3858C013A85EF80B015AA9483A909000F
:1016B000E39409FC4A85EF20303B0328840363054B
:1016C000080483451A0083470A001448A205DD8DEB
:1016D00083472A005A875686C207CD8F83453A0032
:1016E0002285E205DD8D02981C44232C04001CC8D1
:1016F000B5BF2685E685EF80B01083D7A900BE94DC
:10170000E39687FB04445DB7184C1C4004C85A9705
:1017100093E7470018CC1CC091BF828018519547B1
:10172000631AF70CEFE2BEDC1C492A847D55D9CF41
:10173000328AAE8455CA832A84005844835B86006B
:101740003289BA9AC20A93DA0A019399070193D9A6
:101750000901338B3A410356A900420B135B0B017D
:10176000032C49006376CB065A86E2853E85EF80DE
:1017700030090357A9001C44B3056C0133075741D6
:10178000BA99C20993D909013E854E86EF80500768
:10179000B307350103290900E31909FA184C1CC8DD
:1017A00052855E9718CC18401367470018C0EF2089
:1017B000B02BFE38184C2685B38B77415C44239BB5
:1017C0007403998FDEB4EF30801101456FE0BED510
:1017D0003E85E285EF80D0020357A900B307E500FC
:1017E000E31A67FB1C447DB70145EDF22E85EF300F
:1017F0004058E9BF65558280EFE25ED0B78900208E
:1018000003C681BF1387493681479389493693F6CA
:10181000F70F63E5C6006D556FE09ED10328070200
:10182000938617001307C70363040800B687C5B77C
:101830001309C003338927032E842A8A1306C003A1
:101840008145B38429012685EFE0FECF1305C90247
:101850001146930544004E95EF80807A5E3080D823
:10186000A685DCD083278A0222859CD4EF306016BF
:10187000B7150100938525542285EF308016B715E2
:1018800001009385C5712285EF30E014B715010082
:10189000938545542285EF306014B71501002285E9
:1018A000054693852558EF3060148D47DCCC95476D
:1018B0009CD09C20014593E787009CC0B1BF01CD1F
:1018C0003305A040B72702009387C7861375F50F2D
:1018D0003E950821828001458280EFE2DEC39307B6
:1018E000C003B387F50237840020130744362A89E2
:1018F000AE841306C003814513044436BA973E856F
:10190000EFE07EC4630709001306C003CA85EF80B9
:10191000206F9305C003B385B402A2959C459CC972
:10192000DCC96FE09EC1EFE27EBD2A8A3725012027
:101930004111AE89B28481456146130505A836C6BA
:10194000EFE07EC0B24637240120130984AFB6858C
:1019500019461305C900EF80A06A1146D285130508
:1019600084AFEF80E0691146CE8513054900EF8012
:101970002069130484AFA1E0B7070001FD171CC460
:10198000814483C781BF63CFF402EF10C04885470D
:101990005CD01567B72701209387C7AE130707E20E
:1019A00098C31167130787A9D8C3254798C701456E
:1019B00041016FE0FEB71146A68513058400EF8054
:1019C00020647DBF93F5F40F0145EFF01FF185040E
:1019D0004DBF1841B72701209387C7AE98C3584120
:1019E000D8C3184598C782801855B75734129387C3
:1019F00087676310F712EFE27EB01C512A842545F9
:101A0000638107103729012013064004814513051F
:101A100089AFEFE05EB3B72401201306C002814511
:101A20001385C4B3EFE03EB21306C002A28513854E
:101A3000C4B3EF80E05C9389C4B303A749014A862D
:101A40009387C4B325EBF96603D7869A9386869A63
:101A5000AE222E97CE22F6222E9736979316270186
:101A600063D3060AD8CBD84B9356E700FD8A89EAA0
:101A7000B746F8FFFD16758FB7060500558FD8CB12
:101A8000D84B93563701FD8A89EAB746F8FFFD1611
:101A9000758FB7065000558FD8CBD84B931667007B
:101AA00063CA0600B70600FEFD16758FB706001460
:101AB000558FD8CBD84B9356B70189E6B70600406F
:101AC000558FD8CBD85311E7371701001307673567
:101AD000D8D3D44B014513D7E6007D8B238CD1BEE0
:101AE000930786AF98CF13D736017D8B130620035B
:101AF0003307C702D8CF139766006354070009471E
:101B0000B8C36FE0FEA2F976FD16758F8966558F12
:101B100091BF1305F00F828003C681BFB7870020F5
:101B2000938647360147938747366317E600814718
:101B30006313F7020145828003A807036317A80017
:101B400009C50545EDD998A1828005071377F70FE0
:101B50009387C703D9BFD05A6319A60019C5054595
:101B6000F9D993E707F89CA18280850793F7F70FCF
:101B70009386C60375BFEFE27E9837890020230065
:101B8000050003C781BF41119307493681441309FA
:101B90004936631797001305000241016FE05E9913
:101BA0009387C70383A647FE63810618850493F4D1
:101BB000F40FC5B7B727012083A787AF6C003EC6D7
:101BC000EF20F01D11469305C4026800EF804043EA
:101BD0006C004E85EF20901E1306C0033386C402AE
:101BE000B7150100938565584E854A96EF20F01E83
:101BF0009547372501206C00232834031CD013059A
:101C000085B6EF005058A6852285EFF01FCD01451F
:101C100069B709476390E70AEF50B02EAA896303BA
:101C20000512930AC4021146D6856800EF80403D34
:101C3000324A370500F0EF106029337AAA003705E1
:101C400000E0EF10A0286300AA04B72501209385C7
:101C500085B66800EF10A06F1DE5B727012083A7A8
:101C600087AF12346C004E853EC6EF5050031DE125
:101C7000D68511466800EF80A03852306C004E8542
:101C8000EF50F01C39A012349385C1954E85EF506A
:101C9000100101C5EFF0BFC209B71306C0033386B8
:101CA000C402B7150100938565644E854A96EF50CE
:101CB000F0213DBF0D4713051002E390E7EEEF3032
:101CC00060475C4412346C005EB9B727012083A7DB
:101CD00087AFAA893EC6EF2090252A8A11C54E8576
:101CE000EF30200952857DB79305C003B385B40258
:101CF0004E85CA95EF20F04DB71501004E859385AE
:101D00002554EF20104E9547A685228523283403BD
:101D1000232A34031CD0EFF05FBC372501206C0070
:101D2000130585B6EF003046DDB504A1DC4DC4C116
:101D30002E84E39007EE03458402EF205016AA8913
:101D4000E31A05E6454591BDEFE2EEFC4EB52A8467
:101D5000EF20F03809CD83476402228593E72700FE
:101D60002303F402EF40F06405456FE00EFDB72752
:101D7000012083A7C7B4A183858BFDD78347640265
:101D8000858BFDD38947A303F402054723AEE1BE4B
:101D9000E1BF83C781BF6376F5041307C003330532
:101DA000E502B7870020938747363E95584D232C90
:101DB000050050C50CC50CC94CC98D476313F7020B
:101DC000085905C15A3993371600631CF700EFE232
:101DD0008EF493150601C1814EB9EFF0FFF66FE066
:101DE000CEF58280EFE28EF114426944CDCE2320FD
:101DF0000600328A1306C0033306C502B7840020EA
:101E000013874436AA89AE87938444363297032BCE
:101E10008700504703298701404B329B63F326011B
:101E20003689B30A8B4063F32A0981CB3E855686F7
:101E3000A285EF80E01CB30755011307C003338769
:101E4000E9024A94330464412697832A870091C7A4
:101E50002286D6853E85EF80A01A56949307C0034C
:101E6000B387F90223202A01A697984FC0CB3309E4
:101E7000274123AC2701631809009847D8CB98CB9A
:101E800098436D9B98C39307C003B389F9028D47AC
:101E90000144CE94D84C6318F70063160900CE2491
:101EA0008858EFF07FEA22856FE08EE891C74A8676
:101EB000A2853E85EF80C0144A94E3912AFB9307E4
:101EC000C003B387F902A697804749BFEFE22EE22D
:101ED00000422320060055C4AA876945D9C51305C9
:101EE000C003B387A7023785002013054536B72AFC
:101EF00001208144AA9703AB070393878AAFBC43B1
:101F0000938A8AAF898B99E39304700C9307805C62
:101F100063F487001304805C931C0401328A2E89C9
:101F200093DC0C01130C800C0146E6850145EF2083
:101F30008038AA8929C948412286CA8523AE0A0267
:101F4000EF80000CCE855A85EF206071AA8B4E85FC
:101F5000EF20803183A7CA0399CB8504C204C180D6
:101F6000EFF04FB9E39284FD4D456FE0CEDB63D6D1
:101F70000B005E85EFF0BF94CDBF23208A000145A2
:101F8000EDB76945DDB74545CDB7EFE24ED6004226
:101F90002320060055C4AA876945D9C51305C00387
:101FA000B387A7023785002013054536B72A0120DD
:101FB0008144AA9703AB070393878AAFBC43938AF4
:101FC0008AAF898B99E39304700C9307005C63F4E8
:101FD00087001304005C931C0401328A2E8993DC71
:101FE0000C01130C800C0146E6850145EF20A02C66
:101FF000AA8929C948412286CA8523AE0A02EF80F0
:102000002000CE855A85EF506063AA8B4E85EF2065
:10201000A02583A7CA0399CB8504C204C180EFF031
:102020006FADE39284FD4D456FE0EECF63D60B00BC
:102030005E85EFF0DF88CDBF23208A000145EDB734
:102040006945DDB74545CDB7EFE26ECA8329060085
:1020500023200600638E090CAA872E8B6945A1C137
:102060001305C003B387A702378500201305453643
:10207000372A0120B28B930A900C8144114C130A29
:10208000CAB3FD5CAA9703A90703FD1AC20A93DA33
:102090000A0163980A0083A70B00C9CB01456FE0D2
:1020A0008EC88327090163978709EFF0AFA4035710
:1020B000690719E34545E5B783270A01858B99E34D
:1020C000E36A37FF03244A00637387003A8463F3AB
:1020D00089004E84131604014182854691E38146AE
:1020E000DA854A85EF40F022AA844A858DE4EF40E4
:1020F000502C83A70B00B3898940AA84A29723A000
:10210000FB00229BE38C09F883270A01858BB5FF2E
:10211000EFF0EFFA69B763999401EF4090298327B4
:102120000A01858BBDF379B7EF40B0282685CDB77E
:102130006945B5B75D45A5B79307C003B307F50279
:102140003787002013074736BA9703A807021547B9
:102150006307E800DD47232006003E858280EFE22A
:102160008EBBD84F8D476318F700EFF0FFEDAA87BD
:102170003E856FE08EBC01E7EFF05FD5CDBF8946AD
:102180009307A00FE316D7FEEFF03FE0CDB7EFE2E5
:102190008EB8A147AA840021638AF50263ECB700D8
:1021A00085476381F502894713642400638EF50037
:1021B0006FE0AEB8C147638EF50093070004136467
:1021C0000404EDB71364140080C0DDB71364840009
:1021D000E5BF48591364040165D9EF209039EDB784
:1021E000EFE26EB341119305F1002A89A3070100C4
:1021F000EFF09F9215C5808793178401E18763D420
:1022000007021374F4071307C0033304E402B7870B
:102210000020938747363E94232A04022320040299
:1022200041016FE08EB183C781BFE37BF4FE1307EA
:10223000C0033307E402B787002013854736938431
:1022400047363A95544D0D47E39CE6FC8327090138
:102250000547DD1793F7F70F636DF700C145EFF002
:102260001FF39307C0033304F402269423280402C7
:1022700075B71C2193E707041CC1E5B73787002019
:1022800083C681BF130747368147638FF600130764
:10229000C703032647FC11CEB7270120938787AFDA
:1022A000D85713670701D8D7B727012003C547B20E
:1022B0008280850793F7F70FC9BFEFE2CEA5EFF055
:1022C000FFFBB727012023A207B26FE00EA783C749
:1022D00081BF6371F5029307C0033305F502B78729
:1022E000002093874736AA9798431375F70F118BF1
:1022F00098C3828001458280B727012003C587B13A
:1023000082809307C0033305F502B78700209387C7
:1023100047363E951C5995CF145115475D45639B33
:10232000E60285899A279DC1136787009AA73727F8
:1023300001201307C7AE144323A0D70A54431847FC
:1023400023A2D70A23A4E70A014582805D9B9AA7AE
:10235000E5BF5D4582801307C0033307E502B787F9
:102360000020938647363697105395466319D60456
:10237000EFE26E9A045B585B9387473663049700DD
:102380005D479DE81304C0033304850226853E940F
:10239000A28523280402EF20C0639305F00F268551
:1023A000EF20404A454709C9B715010048D8938531
:1023B000857FEF20606301473A856FE00E985D47A7
:1023C0003A858280EFE22E951304C0033304850220
:1023D0003785002013054536DD442A94085801CD81
:1023E0001850954781446318F700EF50802E23283A
:1023F00004022320040226856FE02E94EFE2AE91C2
:102400001304C003330485023785002013054536C5
:10241000DD442A94085801CD18509547814463182B
:10242000F700EF20C024232804022320040226857D
:102430006FE0AE90EFE28E8C9307C003B307F50216
:1024400037840020930944362A8941111304443605
:102450008144BE9903A5490301C92EC6EF2070111E
:10246000B245AA8423A009029307C003B307F90267
:10247000A297885B09CD85E1EF20B00FAA8481E89F
:102480001305C0033305A9022A94232004022685DC
:1024900041016FE0EE8985476396F5008545EF20A1
:1024A000902BF1BF89476394F5008145CDBFD95486
:1024B000F9BF03C781BF637BE5041307C003B307FC
:1024C000E50237870020130747369546BA979053A1
:1024D0005D47631ED602EFE20E84DC4F0947639727
:1024E000E700EFF03FEE6205618531A00D47639A8A
:1024F000E700EFF03FF4EFF08FBC2A873A856FE0FA
:10250000CE836547E5FFEFF07FEFF1BF69473A857E
:102510008280B727012003A507B535810589828010
:10252000B7270120938787AF05474111C8CB94DBBC
:10253000D0DB8CDFD8D741018280B7270120054747
:1025400023AAE7B28280EFD21EFDB727012003A69F
:1025500087B483A60185131786016187630B051471
:1025600083C701C06148894833880703369803232D
:10257000C8006310131503431500834805000328A2
:10258000080022033363130183482500C20833E3A4
:10259000680083483500E208B3E86800639B0811CF
:1025A000E207E1873E856FD05EF9B3885702B6989F
:1025B00003AEC8006319060763170E061398870158
:1025C00013588841850793F7F70FE3E0C7FE6317B9
:1025D000060193F81500FD57E38608FC8989FD572D
:1025E000F1F19377F80F636BC8009377F30F63678C
:1025F000C300FD57E378C7FA9377F70F6147338736
:10260000E702BA9623A6060001CD10311821220652
:10261000598E38214207598E38316207518F98C23E
:10262000238806000DA863147E040DC9834E15008F
:10263000034E0500A20EB3EECE01034E2500420E5E
:10264000B36EDE01034E3500620E336EDE0183AEE3
:1026500008006315DE012380F1C099B783C8080123
:10266000E3E2E8F7139787016187468FA1BFE31B79
:102670008EF415C5834E1500034E0500A20EB3EE71
:10268000CE01034E2500420EB36EDE01034E35002F
:10269000620E336EDE0183AE0800E30EDEFB83C8FC
:1026A0000801E3E1F8F31393870113538341C68FC5
:1026B00011BF3A883A83814F014F8147E1428543F8
:1026C000094421B7EFD29EE398319C21368A220734
:1026D0005D8FBC215441C2075D8FBC31E207D98FA9
:1026E000639BF60089E6D9573E856FD07EE40545A9
:1026F000EFE05FE2CDBFE5DB2E842A89AA85228543
:10270000B289EF00D04465F11C300420370500F099
:10271000A207C58F2420C204C58F2430E204DD8CBB
:10272000EF00C07AE98C370500E0EF00207AE38CF7
:10273000A4FAD2852285EFF01FE1AA87E34605FAC5
:10274000E147B307F50203A501853E9589475CC5BE
:10275000232A2501938759001307950094237D1799
:1027600014B39386F7FF6396F900230805008147A9
:10277000A5BFB687E5B7B727012003A587B403A88F
:1027800001850147E14809430546130EF00E6363D6
:10279000A7008280B3061703C2969C2ACC46850701
:1027A00093F7F70F9CAA63986500636AFE0005071C
:1027B0001377F70FE9BFE39CC5FEE37AF6FE23A685
:1027C0000600F5B721CDEFD21ED5C4412A84DC34F2
:1027D000C824A2075D8DEF00606BA1679387071087
:1027E000938524016304F5009385E400D835DC2546
:1027F00022075D8FFC25C2075D8FFC35E207D98F6C
:102800005840B98F1844F98F81EB814613866400D4
:10281000B1052285EFF01FEB6FD03ED282806303BB
:102820000516EFD2BECD3A26930790024111B28928
:102830002E8AAA8463E8E7004E85EF10F02241015A
:102840006FD01ECF032946008347D9000345C90036
:1028500013042901A2075D8D152DA1679387071029
:102860006304F5001304E900834A14001C200545A5
:10287000A20AB3EAFA00192DE390AAFC834A540095
:102880005C2013054060A20AB3EAFA000125E39533
:10289000AAFA834A34003C200565A20A1305058084
:1028A000B3EAFA00E523E399AAF8930AE400114693
:1028B000D6856800EF70C074D44013068400ADC2A2
:1028C000183C1C2C22075D8F3C2CC2075D8F3C3CC2
:1028D000E207D98F6396F60485466C002685EFF0F3
:1028E0007FDE054B7C306820A2075D8D4523854740
:1028F000630FF5028947E311F5F46C002685EF10AC
:102900002033B727012003A707A8E30707F293871F
:1029100007A8DC47E38207F26C002685829729BF6F
:1029200081466C002685EFF0FFD9014B65BFE305BA
:102930000BF00945A12B68A0218168B01146D6850E
:1029400013058401EF70C06B1146938544005685D2
:10295000EF70006B350415099547FD5618207D1959
:102960007D1438B4A300E9003307FA001823FD17DB
:1029700018B0A303E900E393D7FE9C4CCE852685CF
:1029800082975DBD8280EFD27EB72A89AE890146EB
:102990009305A0020D45EF1010127D544DC9404122
:1029A000AA840545E52148A8218148B89306E90293
:1029B000930754001547938541951386C1947D551F
:1029C00003C80600FD17FD16A38B07013388E50039
:1029D00003480800A38007033308E6000348080003
:1029E0007D17A380070103C81600A3830701E3191D
:1029F000A7FC1146930549001305C401EF70406020
:102A0000CE85114613056402EF70805F0545BD2930
:102A100068A48569218168B413850980852908A87F
:102A2000218108B813054060952128A8218128B884
:102A300013856980A1298327890148A4218148B48D
:102A4000A6854A8582972A842685EF10F001228583
:102A50006FD01EAEEFD29EAA2E842A89AA85228527
:102A6000B289EF00D00E01C559556FD07EAC1C3035
:102A70000420370500F0A207C58F2420C204C58FAB
:102A80002430E204DD8C9921E98C370500E03D29F2
:102A9000E38CA4FC18301C2022075D8F3C20C20769
:102AA0005D8F3C30E207D98FE1D385452285EFF079
:102AB0009FA9E34C05FAE147B304F50203A701859A
:102AC000138A018585472697544799EA5CC7EFF03A
:102AD000DFA6A2854A85EFF01FEBE38809F831A055
:102AE000E387F6FE7D55E38409FE83270A00094744
:102AF000A697D447E39BE6F603A449001387970003
:102B00001306E902930654008D070C237D17FD166A
:102B10008CB20C227D16ECB2E319F7FE05651305A5
:102B20000580AD268327890148A4218148B4CE853C
:102B30004A8582971DBFEFD27E9CAE8441112A89BF
:102B4000B94526853284EF10406B631E0510CA8597
:102B50002285EF00C07F631505101C3083490400F7
:102B6000370500F0A207B3E7370183492400C20903
:102B7000B3E7F90083493400E209B3E9F900B92663
:102B8000B3F9A900370500E0912610201430382051
:102B90003C30639CA90813958600518D4207598DDE
:102BA000E20785456C845D8D9305E0054C85392EE3
:102BB00041811375F507C88508301C2022055D8DFD
:102BC0003C20C207C98F283062055D8D0126218116
:102BD000488608301C2022055D8D3C20C207C98F25
:102BE000283062055D8DDD24C8863400C0409547DD
:102BF0007D5613075400B385F6008C217D170CB366
:102C0000B305F90083C59502FD176CB3E395C7FEC4
:102C10000565130505809D2C8327890148A4218122
:102C200048B4A6854A8582970DA8A206D18E420790
:102C3000558FE207D98F03274900B98F03278900F1
:102C4000F98F99C78327C900715581CB1304C90037
:102C50002686A2854A85EFF0FFDF41016FD05E8DA9
:102C60009386C19461B77955CDBFEFD2DE8A4441D6
:102C70002A842E89DC34C824A2075D8D012CA1672B
:102C8000938707106317F5009C388828A2075D8D8D
:102C9000F52A9307058091CB856793876780630248
:102CA000F5042285EF10405C15A8A2854A85EFF057
:102CB0007FB1DC34C824A2075D8DC92AA167938740
:102CC0000710B9456313F500C945B305B040228527
:102CD000EF10A05279F5CA852285A92401456FD04D
:102CE000DE852286930599024A85EFF05FB3FDB732
:102CF000EFD27E82B7270120938787A95CD1930703
:102D00005006A309F5029307E006230AF502B73738
:102D10000100938767B35CC9B7370100938747D534
:102D20001CCDB725012099472A842304F502232EC0
:102D300005001946938515B913059502EF70402CCF
:102D40009307C05D1EB8930730032309F4020145C1
:102D50006FD0AEFEEFD22EFCB1642E849384143576
:102D6000EFF08FD9118915CDFD1485CCEFE04FEC34
:102D70002A897DD5AA87814401E8CA852685EFE0A6
:102D80000FE801456FD06EFB32244C403E85EF705A
:102D900020273A240040BA94C204B307E500C1805A
:102DA000E1BF5155C5B7EFD26EF5B727012083A714
:102DB00007B6AA89138541C0938441C082978C408D
:102DC000A9C983C791BF138441C093F7F70F81E767
:102DD0008547A38CF1BEC2050D46C1810D45444017
:102DE000EF10604D2A8915C52A8432244840A685F3
:102DF000EF7000213E240040BE9465F8EFE00FDF45
:102E000083A70901CE854A85829701C54A85EF10BF
:102E1000A0456FD0EEF1EFD20EF041113724012022
:102E200002C202C402C6EF00D078130584B6B725EB
:102E300001201946938545B013059502EF70401C9B
:102E4000B727012003A787AF938787AF130584B601
:102E50003AC29847DC433AC43EC623A201C223A02B
:102E600001C2EF10A03837380100B73701007400F5
:102E700030004C001308A8C6938707CF01471305FD
:102E800084B6EF10003141016FD02EEB931785000F
:102E900021815D8D420541818280931785002181CA
:102EA0005D8D42054181828013578501931785010D
:102EB000D98FB706FF0013178500758FD98F41672B
:102EC000130707F02181798D5D8D8280EFD2AEE40A
:102ED000EFF09FFD6FD06EE6EFD2EEE303A441C2A8
:102EE000AA8401EC03A501C211C5EF10803019C1FD
:102EF00003A401C222856FD04EE42285EF10602F1B
:102F000005C198309C2022075D8FBC20C2075D8FD1
:102F1000BC30E207D98F5840B98F1844F98FF9DBDC
:102F20000040C1B7EFD2AEDC4041AA84AE891C306C
:102F30000820A2075D8DEFF05FF6318142054181E7
:102F400091476306F5002685EF10003231A41C304E
:102F50000820A2075D8DEFF05FF419813C30137AF1
:102F6000C5032820A2075D8DEFF03FF3BE242A8918
:102F7000E3EB47FD9E24E3E8A7FCD2852285EF40E2
:102F8000F04171F1CA852685EF10E046370500F063
:102F9000EFF0DFF3370500E0EFF05FF34E89054B0C
:102FA000930B04014A85EF10C02411E563130B1243
:102FB000032909000DA293074900EDDB8326490090
:102FC000F5D618381C2822075D8F3C28C2075D8F74
:102FD0003C38E207D98F6382F604CA855E85852E68
:102FE0000DED1C38834A0401370500F0A207B3E752
:102FF0005701834A2401C20AB3E7FA00834A340125
:10300000E20AB3EAFA00EFF07FECB3FAAA00370560
:1030100000E0EFF0BFEBE39BAAF858345C242207F2
:103020005D8F7C24C2075D8F7C34E207D98FB9C3E2
:10303000CE851305C400212EE31705F05C34034A46
:10304000C400370500F0A207B3E74701034AE400D4
:10305000420AB367FA00034AF400620A336AFA00CC
:10306000EFF0DFE6337AAA00370500E0EFF01FE665
:10307000E30BAAECE30909EC034974006820220978
:103080003369A90011657D15EFF05FE03375A90084
:1030900011C52685ED26AA8461C14041CE852685CD
:1030A000EF10604955E91C340824A2075D8DEFF04C
:1030B000DFDE1375F50F99476303F50AC54763090A
:1030C000F50885476312F50ACE852685EF40006D29
:1030D00061A003A941C26314390103290900014B0E
:1030E000E31209EC1C340824A2075D8DEFF0FFDA2F
:1030F0001375F50FC547631EF500B3074401A823F8
:10310000BC33A2075D8DEFF05FD993074004630DD8
:10311000F502854A1C340824A2075D8DEFF0FFD725
:103120001375F50FC5476319F508229A83473A00CE
:1031300003452A00A2075D8DEFF03FD69307C076C6
:10314000631CF5064E893DB7E39809F2814AD9B769
:10315000CE852685EF40201101456FD0CEBCCE85AF
:103160002685EF20702ACDBFCE8513050401C52228
:10317000E31B05DC1C3803490401370500F0A207F6
:10318000B3E72701034924014209B367F900034962
:10319000340162093369F900EFF05FD33379A90094
:1031A000370500E0EFF09FD2E30FA9D8C0C08945F2
:1031B0002685EF40B00341BBE3910AE669B3EFD245
:1031C0000EB3AA894289630F0612AE8AD1453A8AA4
:1031D000B284B68B3E8BEF10400279576311051213
:1031E00003A44900A20B1C340824A2075D8DEFF054
:1031F000DFCA1375F50F33657501EFF03FC913573B
:10320000850018B408A4EFF05FC92181420541810F
:1032100022053365650142054181EFF03FC79830D3
:103220009C2008A422075D8FBC20218108B4C2071E
:103230005D8FBC30116513050550E207D98F13D798
:1032400087001CA818B813D70701E1833CB838A839
:103250003365AA00EFF09FC308A0218108B003D511
:103260008900138AC1C0EFF07FC228A0218128B055
:1032700003550A0023030400A3030400EFF01FC159
:1032800083570A0048A02181850748B02310FA001F
:1032900063810A0203C71A0083C70A0022075D8FF1
:1032A00083C72A00C2075D8F83C73A00E207D98F20
:1032B00099E713074900814719C38327490013D7AA
:1032C00087005CA458B413D70701E18378A47CB4C9
:1032D00023050400A3050400D1452285EF40100C0E
:1032E00028A4218128B48357090385C303D7890003
:1032F00063FDE7002686CA854E8585232A873A85A1
:103300006FD06EA24441C104F9BF832749012686CC
:10331000CE854A858297DDB7EFD2EE9F01112A84D0
:1033200032852ECE36CC3ACA3EC832C6EFF0DFBA6E
:1033300009CDC2475247E2463246F2452A882285E5
:10334000EFF0FFE705616FD04E9F7155E5BF183173
:103350001C2122075D8F3C21C2075D8F3C31E207B3
:10336000D98F9386F7FF75576366D70203C7250386
:103370000145098B0DC3D841630FF70094453D8F7C
:10338000758F11EB13C5F6FFE98F3385A740133511
:103390001500828005458280EFD26E9503A401C19D
:1033A000C544014B138901C119E06FD0CE97FD14BC
:1033B00093F4F40FFDD87C3C032C040091C7FD1757
:1033C0007CBC228B6284CDB783294400814A03A54B
:1033D00049005C315821A207D98F85EF18311C2193
:1033E000514622075D8F3C2193058400C2075D8F03
:1033F0003C31E207D98F5CC0EF60904085454E8537
:10340000EF4000604E85EF108004AA8A4E85EF00E1
:10341000B0658329440063960902032709001C4014
:10342000631CE4042320F900A2851545EF00B04693
:103430001387E1C01E235A84B38A574123105701D2
:1034400049B703A749004E851C33034A0700A2076A
:10345000B3E74701034A2700420AB367FA00034A69
:103460003700620A336AFA00EF00707EAA9A4E852E
:10347000EF00905FD28945B72320FB0075B7EFD2EC
:103480000E8744412A899C308820A2075D8DEFF089
:10349000DFA019811375C503D1476312F526FC30EF
:1034A000E820A2075D8DEFF05F9FBC302A8BA8203B
:1034B000A2075D8DEFF07F9E9C30AA8C8820A2072A
:1034C0005D8DEFF09F9D2A8C4A85EF005078B727DD
:1034D000012083A7C7B403D7E1C02A8D8D832A9723
:1034E000FD8B9389E1C063ECE72003A401C1814A0D
:1034F000138A01C11DE81545EF00F0372A846300E7
:1035000005207146814513054400EFD0CE838D47D9
:103510007CBC83270A0023208A001CC05146A68554
:1035200013058400EF60D02D95ACD834DC2422073D
:103530005D8FFC24C2075D8FFC34E207D98F5848A9
:103540006316F70298389C2822075D8FBC28C207B3
:103550005D8FBC38E207D98F184C6319F700DC3057
:10356000D4205A24A207D58F6306F720A28A0040F0
:1035700051B7CC4203C8550003C345002208336845
:103580006800637C060D93D5860094A38CB393D515
:103590000601E182ACA3B4B3630E072A74336C2333
:1035A000A206CD8E6364D6146362A8149356890074
:1035B0002300270114B3935609011359890134A339
:1035C000A3012701782C014B058B630F0718638D2E
:1035D000081858404443D830D4202207558F63152B
:1035E000071894339823A206D98EB8234207D98EA0
:1035F000B8336207558F61E75E2C03C9040051465A
:10360000D1075EAC9C30930584002685A207B3E702
:10361000270103C924004209B367F90003C9340034
:1036200062093369F900EF60B01D4A2CEFF01F8684
:10363000A8A02181A8B023830400A38304002385CC
:103640000400A3850400D1452685EF402055A8A499
:103650002181A8B4032B4400D5A063090609F431E5
:1036600003C36500A206B3E666006361D60801CB1A
:10367000742378332207558F6303E800814898311B
:1036800094212207558FB421C206558FB431E2062A
:10369000D98E2E8765AA935689002300270114B37B
:1036A000935609011359890134A3A30127017423F7
:1036B00078332207558FE307E6F0814821B754435A
:1036C000EC23F833DC32D0222207A2074D8FD18FB2
:1036D000631AF7029C329822A207D98FB8224207B8
:1036E000D98FB83262075D8FB68731B74A85EF0050
:1036F000105683D709003385A7402390A9004A8537
:10370000EF009036014B8DA0B1554A8583244900C6
:10371000EF00B02ECA855A85EF0030559C3003C9A2
:103720000400A207B3E7270103C924004209B367D5
:10373000F90003C9340062093369F900E31609FC92
:1037400003270A001C406314E4022320FA00A28528
:103750001545EF0050145A85EF00704F83D70900CC
:103760003385A7402390A9005A856FC0DEDB23A0D4
:10377000FA00F1BFFC30E820896BA2075D8DEFF005
:10378000CFF1FD1B337575014205418101E96A24C2
:10379000EFF0AFF033757501E31205D883D7090058
:1037A0003E9D2390A901FC30E820A2075D8DEFF03B
:1037B000CFEE9317250163C2070213153B017C2C42
:1037C0004D810E05135C6C006695137CCC0393E76A
:1037D0001700330585417CAC4AAC83244900BC30DA
:1037E000A820A2075D8DEFF04FEB9C302A8B88203C
:1037F000A2075D8DEFF06FEAFC30AA8BE820A207EC
:1038000093DB6B005D8DEFF04FE94E054D81131694
:1038100035003305CB0013FBCB0383274900330569
:10382000654142051357860041815440D8B3135770
:103830008500F8B323800700A380070023810700D9
:10384000A3810700D0A3E8A385480147E39306D2EC
:10385000E31307E423222401B5B3EFC2DEC8032C2F
:103860004500011132CA03477C00AA8D03456C0054
:10387000220783DB0503598DAE8CEFF00FE28966DA
:10388000B377D500138ACBFEA146334ADA0283D43C
:103890008D0009677D173EC63379E500B1144209F2
:1038A000C20413590901C1800144514D3ACC420A66
:1038B000135A0A0193163A0093970601C1833EC832
:1038C0009387DBFE3ECE89E4014505616FC07EC56E
:1038D000E247A68A337BF900B24733EB6701F24730
:1038E00063C6F400C24A8967336BFB000146D145C9
:1038F0000945EF00501CAA8939C948415146E28563
:10390000EF60007003A64D0083AB49006A9623A2C6
:10391000CD0003D6AD00B306A6412395DD00568D3C
:1039200063090D0403D4AD0063738D006A844204FF
:10393000418001E483AD0D00E5B7814509460D45A1
:10394000EF007017AA8511E54E85EF00F0117D5547
:10395000ADBF03A64D0002A522A550C14E85EF00C4
:10396000D030B3068D40139D0601135D0D01E313A6
:103970000DFC5A85EFF08FD12383AB002181A38307
:10398000AB0013854A0142054181EFF02FD023811E
:10399000AB002181A381AB00D14523850B00A3851A
:1039A0000B005E85EF40801F03A74C015246238524
:1039B000AB002181A385AB00CE8566850297B384D9
:1039C000544152994E85C2044209EF00F009C1806A
:1039D00013590901228DC5BD3C296385B7002CA967
:1039E000A309050082805E2D184DB306F7002388D9
:1039F000B60E938627008507C207C18356ADBA97D6
:103A00002388C70E82805A2D1C4D9306170056AD91
:103A1000BA972388B70E82805E2D184D13D6850184
:103A2000B306F7002388C60E93861700C206C1822C
:103A3000BA9613D605012388C60E93862700C206C0
:103A4000C182BA9613D685002388C60E9386470096
:103A50008D07C207C18356ADBA972388B70E8280FF
:103A600015C15E2D184D130630049386170056AD10
:103A7000BA97FD562388D70E5E2D6376F60093F62F
:103A8000370091E282809386170056ADBA9723885B
:103A9000070EDDB7630C0516EFC2FEA7032905026A
:103AA000DD5763020916AA840146930540130145B8
:103AB000EF007000232AA9002A87FD57630505142B
:103AC000834639019387418581E69443850694C3F3
:103AD000404388438547232C89002320A9001CA04C
:103AE0001CB099473CA0A3010400EFF0EFBB935733
:103AF000850048A05CB09357050161817CA068B047
:103B000003248901294723040400A3040400230596
:103B10000400A305040023060400A30604002307F1
:103B20000400A3070400834729016388E700F11715
:103B300093F7F70F0547636AF700DC205CA4DC30DD
:103B40005CB4FC207CA4FC307CB423080400A308F3
:103B5000040023090400A3090400230A0400A30AA3
:103B60000400230B0400A30B0400230C0400A30C8B
:103B70000400230D0400A30D040083C584028147C3
:103B8000414613970701418381466376B700338727
:103B9000F400834697023307F40054AF8507E3929D
:103BA000C7FE1307C4029307C406230007000507D6
:103BB000E39DE7FE1307C40E238007008507E39DFE
:103BC000E7FE3755826313053536EFF0EFAD9357B7
:103BD00085002306A40EA306F40E0326890193573D
:103BE000050161812307F40EA307A40E231E09001B
:103BF000814713074004B306F6002388F60E8507B5
:103C0000E39BE7FE81473E856FC03E93D9573E85D3
:103C1000828011CDEFC23E90005101C8484811C1C9
:103C2000A125232A0400232C04006FC01E9182804A
:103C300063000518EFC23E8E005163090416382850
:103C4000A1476315F71698319C2122075D8FBC218F
:103C5000C2075D8FBC31E207D98F18546398E7140F
:103C6000AA84B1452285EFF03FD72685EFF09FE289
:103C7000631905120546930550032285EFF0BFD660
:103C800091452285EFF03FD8114693052003228508
:103C9000EFF07FD50854EFF06FA3AA852285EFF0EF
:103CA000BFD71146930560032285EFF0DFD348505C
:103CB000EFF0CFA1AA852285EFF01FD61D46930510
:103CC000D0032285EFF03FD25E2C184C05462285AA
:103CD000B306F7002388C60E1386270042064182EA
:103CE00052AC9386170083C59402C206C182BA966D
:103CF0002388B60E93863700C206C18256AC83C5B0
:103D0000A4023A96BA962308B60E138647004206D6
:103D1000418252AC83C5B4023A962388B60E93868C
:103D20005700C206C18256AC83C5C402BA962308A6
:103D3000B60E138667004206418252AC83C5D40298
:103D40009D0732972388B60E5EAC83C7E402230832
:103D5000F70EEFF0FFD04E2C48489385050FC205B3
:103D6000C181512D034784021C4C4C484840D8A7C0
:103D70000347940203A94400D8B70347A40293065B
:103D8000300413860196F8A70347B402F8B723A2BC
:103D900004002687EF30407A268523A22401EFF025
:103DA0005FE73C3885073CB885477EAC6FC0EEF8CE
:103DB0008280EFC24EF61128BD24B727012083A7C9
:103DC00007AE91C382976FC04EF737570020130795
:103DD000777A719B23ACE1C0B727012083A747B452
:103DE000231107008D07F19B93960701C182BA97B3
:103DF00016A32302070023AEF1C00546D0A396A365
:103E0000B6A323AAE1C0828049C183A781C1636EA2
:103E1000F50683A5C1C1637AB50683A641C1130621
:103E200085FF230E05FE138741C16373D60010C3BF
:103E3000835685FFBE966304D60203C8460063100E
:103E40000802638ED5000C436393B60010C38E2224
:103E5000231CB5FE9622B305F640BE96AEA283554E
:103E6000A5FFB386B7006302D60203C84600631EEF
:103E70000800032807006313060114C3035785FFD6
:103E80009AA2035785FFBA97AEA382808D05C2051B
:103E9000C181F199C205C1813147AE8763F3E50065
:103EA000B14737270120032647B4C207C1830D0657
:103EB000719A6360F60A03A781C1636DE50883A662
:103EC000C1C16379D508930685FF835885FF998E14
:103ED000C206C182938588FF958DC205C18163EAC0
:103EE000F5066389F506330317010348430063149D
:103EF000080293858600138841C1AE97032E0800FF
:103F0000C207C18383580300B305F70063166E022E
:103F10002320B80015A01388470163ED050393859E
:103F20008600AE97138841C1C20703230800C183EE
:103F3000B305F700E3EE65FC23901501B6A12382DB
:103F40000500231CF5FE96216306D60036973EA396
:103F500082800145828039C51307350042074183BD
:103F6000719B42074183B146BA876373D700B1475B
:103F700037270120032647B4C207C1830D06719A73
:103F800001456362F60203A741C183AE81C19385F7
:103F900041C13303F640B306D741C206C182615E18
:103FA00063E46600014582803385DE0003484500F6
:103FB00083580500631708063308DE40469863629D
:103FC000F8061383470163626804A107B697C20726
:103FD000C1833388FE00231018012311D800230267
:103FE000080085461EA154A1835608006304D6002C
:103FF000F696BEA26319A70083A6C1C181475023CC
:1040000001EE91C398C12105828085475CA1DDB78F
:104010001A2385477697E5B7E39CE6FEEDD794C172
:10402000DDB7C686B5BF83A5818583A6C185B77771
:104030000020938737A237270120F19B130707BA87
:104040001385060103D805002320070001466318E5
:10405000C800890611078905E396A6FE8280832899
:1040600007000506420623A0170183D806001CC3DB
:104070004182C697E9BF9D4763EDA700B72701209E
:104080000A05938707BAAA97884309C5184198C3B8
:1040900082800145828099C9931725003725012028
:1040A000130505BA3E951C419CC10CC18280EFC22C
:1040B000EEC498319C21AA8422075D8FBC212E84F6
:1040C000C2075D8FBC31E207D98F5841639FE7007B
:1040D00018301C2022075D8F3C20C2075D8F3C30CA
:1040E000E207D98FDCC06FC0AEC403A501C301498C
:1040F0009309400605C11841DC40032AC50063113D
:10410000F7048545EF0030659307190093F7F70F23
:1041100063F7290383A781C3C5DF984319CFD44030
:10412000631DD70014301820A206D98E382042070C
:10413000D98E38306207558F98C3DC47F1BF3E896E
:1041400052854DBFEFC22EBD411132C636C42A84FE
:10415000EFF0FFF53246A246814719CA18321C22F9
:1041600022075D8F3C22C2075D8F3C32E207D98F68
:104170001CC4814799CA98329C2222075D8FBC22B9
:10418000C2075D8FBC32E207D98F5CC441016FC0AA
:10419000CEBAEFC24EB858CD138781C2834807000C
:1041A00041112322050023240500232605002309AD
:1041B00005022320050213831800A30A15032328F0
:1041C00005012A843EC623006700EFF0BFF7B2471F
:1041D0002285829711E9938741C2984318C080C312
:1041E000228541016FC06EB50144DDBF23A0A1C28D
:1041F00082800345250305898280AA870145A5C5DC
:10420000BDC3139605014182328863DB0500330884
:10421000C040BA27420813580801054563650705E1
:10422000D427D84381C60D456391A6020D8F93868E
:10423000070105456369D702D8C3BA2701453297FC
:10424000BAA79A273A9692A78280FD16C206C18223
:104250008548054563E9D80063D70500B62763E4C0
:1042600006010D8FD1BF8280EFC24EA901440DCD52
:10427000AA8501440D498549FE25FD17C207C18362
:10428000FEA59DE3DC2584411D4563882701FD17BC
:10429000C207C18363EDF9001945EFF0DFDF0504C4
:1042A0001374F40FA685E9F822856FC06EA82E85D9
:1042B000EFF09FB5EDB7EFC26EA48547630DF50033
:1042C00031C589476306F5048D476305F50401444C
:1042D00022856FC0EEA58144D104B904C204C18017
:1042E0008947B2892E8963E9C70279CA1945EFF077
:1042F0009FD82A8469DD2322050023142501231574
:1043000025012320050023063501B5A0D144E9B7D6
:104310008144E1B78144E9B78D470144E31AF6FAD5
:104320001D45EFF05FD52A845DD1B3079500CD0719
:10433000F19B372701205CC19307C7B3DC438D0491
:10434000F19893879703F19B2306350123200500FD
:1043500023142501B38497409309C7B3637399006D
:10436000CA84854726A47EA4B30499400D4A2289B5
:10437000854A6347900085477EA4A306040089BF51
:104380001D45EFF05FCF09E52285EFF0FFED81B726
:1043900083A7490023164501232005002320A900F7
:1043A0009387970306A5F19B63F3F400A687130791
:1043B00005013EA558C1231755019D8C2A8955BF7B
:1043C0009387350013853401F19B71993E95420521
:1043D0004181EFF05FB82A84E30B05EEAA94CD0487
:1043E000F19844C12314250123152501232005003C
:1043F0002306050049B71E2563FAF504EFC2AE9106
:104400002A84AE84B387F5402E2463E995025C24A8
:1044100081EF638B95004C402285818DA695C20566
:10442000C181EFF0BFA62A84084026A406A419C1C2
:10443000EFF09FE3232004006FC02E901A248D8C90
:10444000C2043E971AA4C18000407DBF828081478C
:1044500019E13E858280850793F7F70F0841CDBFAC
:1044600001C57E2585077EA5828009CD99E18280E0
:104470003A859E2516251841B697C207C1831EA509
:1044800065FB0CC18280EFC20E892E84EFF0FFFD28
:104490002285EFF0FFFC6FC04E8A3DCDEFC20E8645
:1044A0002A84AE845955ADC51A249E256362F70649
:1044B0000149014A8359A400BE24B3894941B38705
:1044C000274163C9F904939907014840CC4093D927
:1044D00009015295CA954E86EF5090324E9A3E246D
:1044E000420A4E994209135A0A0113590901639469
:1044F00047010040014ABE246365F900844099CC1D
:104500000149BA249E246316F7029C409DC35D5561
:104510006FC00E82C20955BF5955828009C8014932
:104520003A241E246314F7001C40F5F3C1F401453E
:10453000C5B77DF441B7EFB27EFC03294500AA89D7
:104540008347990003458900014AA2075D8DEFE08A
:10455000DF94937AF50F03A4C1C231099384C1C2D9
:1045600001E401456FB0DEFC1C280145639457034C
:104570005C488DC3084CCA864E86A285829719C9AD
:1045800063080A005C442326FA009C4080C05CC497
:10459000054581495C44228A71F53E84D1B7814743
:1045A00099C998319C2122075D8FBC21C2075D8F7C
:1045B000BC31E207D98F1CC101458280814799C96E
:1045C00098319C2122075D8FBC21C2075D8FBC31D1
:1045D000E207D98F5CC1014582804CC910CD828031
:1045E000EFB2DEF1AE842A89D1452685B289EFF09B
:1045F000DFC015C9014681450545EFF0DFCB2A84B0
:1046000009E57D594A856FB0BEF2A685EFF0BFE798
:104610004E85EFE07F8C19ED7159E30594FE2285FC
:10462000EFF09FC4C5B7B1552685EFF01FBD71F9F6
:104630002684F9BFCA85630509008327090099E329
:1046400093054500834709010347A9008346B90044
:104650002A884E862285EFE09FB62A897DBFEFB279
:104660009EEB13064500EFF0BFF76FB01EEDEFB203
:104670009EEA1387C1C21C43AA856390A7025C45CA
:104680001CC30145EFF03FA16FB03EEBD84709C70F
:104690006314B700D845D8C7DC47EDFBDDB7EFB2F0
:1046A0009EE7AA840145EFF01F9D2A8411CD714633
:1046B0008145EFB05EE9930700F83CB49387C1C22F
:1046C000984304A880C358C422856FB01EE76D5577
:1046D000828083A601C303A681C483A581C303D5B9
:1046E0004186938741861307150013150701131898
:1046F00007014181635308000565368719E7328752
:1047000019EB2E8719EF8AA382800358C701E30CA7
:10471000A8FC5847E5B70358C701E306A8FC58476B
:10472000C5B70358C701E300A8FC5847E1BF1C49BF
:1047300063960710EFB29EDC4111AA84328411E621
:104740002EC6EFF01FF9B2452A8403A781C331E7D3
:1047500003A701C325EB83A941C3138941C34E8736
:1047600059E783A781C4CDEB85C198319C212207ED
:104770005D8FBC21C2075D8FBC31E207D98F89C72D
:1047800011462685EF50D007C2AC23A63401232062
:104790009900014541016FB0BED95E2F6392870237
:1047A000104359CED1CD94319C21A206DD8EBC217F
:1047B000C207DD8EBC31E207D58FD9C36302F6088C
:1047C000584771B75E2F63928702104335CAADC94F
:1047D00094319C21A206DD8EBC21C207DD8EBC3146
:1047E000E207D58FB1CF630DF6045847A5B75E2F0A
:1047F00063928702104329C6A1C594319C21A20669
:10480000DD8EBC21C207DD8EBC31E207D58F8DCB9A
:104810006308F6025847A9B7DA2F631F870094315F
:104820009821A206D98EB8214207D98EB8316207E5
:10483000558F94436386E600DC4735B74D5582803B
:10484000555589BFEFB23ECD1C49411191C7014476
:10485000228541016FB07ECE2AC60D45EFF0BF81A3
:104860002A8475D5B245138741C39C4D1CCDDE2DDE
:104870005EAD85471CC99E2593E727001EA5BC3564
:104880003CB5BC253CA59C411CC11C436394B702AC
:10489000DC451CC323A605000945EFF0CFFFB74751
:1048A00001009387E76C1CD0938781C3984380C332
:1048B00058C479BF23A2F1C48146138741C489E754
:1048C000F1DA23200700F9B7D0476317B60091C289
:1048D0001CC3D845D8C77DBF8546B287CDB7AA8748
:1048E0000358C5021459D23B0C5583D8070433052D
:1048F000D84005822E95328763F3C8004687420769
:1049000041833307E540634507002397070382800F
:104910003387D5406356E000239707020145828024
:104920008D8EF6B7E5BFEFB21EBF5E352A84BE9509
:10493000C2055E39C1814EB563F3B7005EB522850D
:10494000EFF0FFF95E388983634BF500834764021B
:10495000228593E727002303F402EF2080256FB020
:10496000DEBDEFB25EBB4111014409CDAA854841CD
:10497000014411C52EC6EFF03F8FB2452A84114580
:10498000EFF06FF1228541016FB03EBBEFB2BEB8D0
:10499000014401E522856FB05EBA0441EFF07FFC6F
:1049A0002A941374F40F2685EDB7EFB2DEB64111E9
:1049B0002AC61145EFF02FEC2A8401C9B2455146B1
:1049C000EF5000644840EFF0BFA9228541016FB06D
:1049D000DEB60CCD82802328B50882802326B50858
:1049E0008280232EB50882800CD18280232CB508CA
:1049F000A30EC50282801C4905476374F70429474A
:104A00006381E704EFB23EB12A840325850809C516
:104A1000EFF09F852324040803254408FD577EBC3E
:104A2000EFF0DFF6685C23220408EFF03FF6032581
:104A30000408EFF0BFF5232E0406232004086FB00E
:104A4000DEAF8280EFB23EAAB7240120938784AF05
:104A50001387C1C303CC87011C43B72A0200850713
:104A600003AD01C31CC313096006014A938484AFDC
:104A70001384C1C3938901C38D4C938ACA89138B54
:104A80004196631A0D0003A481C4938481C4631901
:104A900004246FB01EA97D191379F90FE30B09FEE9
:104AA00003462D0583260D01854D6302CC02834DFF
:104AB0000D0B63840D100327CD0AB306BB0183C61B
:104AC000F6FF05072326ED0A637CD70C814D0327EB
:104AD0000D019946631DD70003268D031440918E66
:104AE000904C6376D60093871D0093FDF70F835695
:104AF0008D00814BA18A95CE91466305D7009D46D6
:104B00006319D70283284D0A83268D0A03250D0ACF
:104B1000CC4CB386D802104003278D03198EAA9679
:104B2000B3D6B60263FCC61093871D0093FDF70F42
:104B3000854B03254D0805C103278D0314401946F5
:104B4000998E03170D053307C70263E6E600EFF001
:104B5000FFE323220D0803270D0163149711832619
:104B60008D031840158F944C63E8E61063960D1082
:104B70008347CD030347DD03850793F7F70F230E24
:104B8000FD0263EBE70083278D09230E0D0263927C
:104B900007146A85EF20E0016A8A032DCD00D5B5A0
:104BA00023260D0A19476366B70193871D00230862
:104BB000FD0A6A85EF20005E11BF0317ED03634510
:104BC00007000507231FED0203270D08E30007F088
:104BD0008315ED0303170D05E35AB7EE63F4DC020A
:104BE0000317CD048316ED04B1470D8736979376EE
:104BF000F60F63F3C700B146D69694223317D70059
:104C00002318ED048356AD0503574D06231F0D02EF
:104C100063F3E60036874207418383560D0405831C
:104C2000231EED046376D70013971600231EED04B0
:104C3000231DDD046A85EF20C03E51BD03471D0BD7
:104C4000814B330717032A973357B702E373C7EE35
:104C50006A85EF20404E03471D0B0507A308ED0AA8
:104C6000C9BDA546E314D7F003278D031440998EE0
:104C7000984C0607E37CD7EE6A85EFD06FD66A853D
:104C8000EFF07FD78327CD0063020A042326FA00C2
:104C90008327CD0989C703258D01ED558297638F41
:104CA0000B0083574D020357CD0183258D02032549
:104CB0000D0693064D006A86EF202026832BCD003B
:104CC000EA850945EFF02FBD5E8D65BB23A0F90095
:104CD000C1B703258D01EA858297E30C05EA6DBD16
:104CE0002285EFD0EFCF2285EFF0FFD00329C4005B
:104CF000A285094523A024014A84EFF0CFB941BB26
:104D0000EFB27E811C412E846390B704DC451CC148
:104D1000232604002285EFF01FCE1C48294763811B
:104D2000E7020547638EE7008347640213F7170025
:104D300001CB93E727002303F4022285EF1070676D
:104D4000232804006FB06EFF23A2F1C481461387AD
:104D500041C489E7D5DE232007005DBFD047631734
:104D6000860091C21CC35844D8C75DB78546B28738
:104D7000CDB71C491D476366F70AEFB2CEF9372756
:104D800002008A071307C787BA979C432A84828741
:104D9000EFD00FC5138741C31C43639987005C4460
:104DA0001CC323260400A28509453DA823A2F1C403
:104DB0008146138741C489E7EDD623200700D5B784
:104DC000D0476317860091C21CC35844D8C7D1BFCF
:104DD0008546B287CDB7EFD0AFC0A285138581C31A
:104DE000EFF01FF2A2850D45EFF0EFAA014531A8C3
:104DF000EFD00FBFA285138501C3EFF07FF065B739
:104E00008545EF10B04F954701C96FB00EF385454A
:104E1000EF10D04E7DF9A5471CC82285EF107059C0
:104E2000F1B701458280EFB20EEF41112E8511CE10
:104E30000E2632C6EFF03FAF32463285EFF0CFC2DA
:104E400081473E8541016FB04EEF8147FDFAEFF09B
:104E50005FF2AA87FDB7EFB20EEC03A401C393047F
:104E6000500619E06FB06EED0326840819CA832737
:104E700004098146A2858DCF084C829719E123242D
:104E80000408FD1493F4F40FF1DC8347640213F774
:104E9000170009CF93E727002303F4022285EF10C0
:104EA000505183476402F19B2303F402404455BFF1
:104EB0000145EFF05FF7D9B7EFB2EEE5EFF0BFF9DC
:104EC000138701C41C23850793F7F70F1CA3858B59
:104ED00099C3EFF03FB76FB04EE6EFB2CEE303A455
:104EE00001C393045006014901E44A856FB0EEE422
:104EF0000326840819CA832704098146A285B1C7FD
:104F0000084C829719E123240408FD1493F4F40F4C
:104F1000E9DC8347740285CB03476402937617006C
:104F20009DC2FD1793F7F70FA303F4029DE31367E8
:104F300027002303E4022285EF10B0478347640271
:104F4000F19B2303F402404445B70145EFF0BFED68
:104F500055BF0509CDBFEFB28ED91849A9474111F8
:104F60002A84631EF700AA85138581C4EFF05FD9F8
:104F7000A2850945EFF02F9241016FB0CEDA1C41B6
:104F80002E8B032905063EC65C4183298502035A00
:104F9000C5013EC4835A45028324C509832B85017C
:104FA000EFD00FA4138501C3A285EFF07FD50325B1
:104FB000040819C1EFF09F9D685C19C1EFF01F9DB7
:104FC0000325440819C1EFF07F9CA2850945EFF045
:104FD0008F8C81C4ED555E858294E30F0BF8D687E4
:104FE000528734007000CE854A85EF10107369B780
:104FF00093870186884303A7C1C33A9588C38280FB
:10500000EFB2CECF2A890945EFF0EF86B724012011
:105010009384C4B32A8425E19C488983858B89E7DE
:10502000014422856FB0CED083A781C403A6C1C33B
:10503000014581469389C1C3F1E701C58545EFF07C
:105040009FF10945EFF02F832A8415E583A701C35B
:1050500003A509007D191379F90F1306F00781459F
:10506000DDEB09C485452285EFF0FFEE0945EFF041
:105070008F802A8455D51306400B81452285EFB0D9
:105080008ECC930700045CA89C44231C04061307E1
:105090008021231BF4065E385EB47EB4E1773EA423
:1050A000DC406374F700930780212310F404C16788
:1050B0007D577CC485472318F4047ABC231DF4046F
:1050C000EFF01FF383A7C1C368D428D01CDCB75707
:1050D0000100938767E22328F408B727012003A77C
:1050E000C7AE9387C7AE68C82320E40AD8439C475D
:1050F00028D8230E04022322E40A2324F40AA30856
:10510000040A05B7985F3307E6406364D700BA86A0
:105110003E85DC4715B7D42B636CD900636AD60093
:10512000985F3307E5406365B7003686BA853E84ED
:10513000DC473DB7EFB22EBE13050004EFF05FEC85
:105140006FB0AEBFEFB22EBD2A842E85EFD0DFD870
:1051500011CD1E3981CF938787FD3E87C207C1835A
:105160006373F400228713140701418022856FB016
:10517000CEBCEFB24EBA03A481C4938481C419E0BB
:105180006FB0AEBB2285EFD0AF852285EFF0BF8632
:105190000329C400A285094523A024014A84EFE025
:1051A0009FEFF1BFEFB28EB51C49AA842E8AC827A3
:1051B000DC37A2075D8DEFD05FCE058929E9416913
:1051C000130909FC03270A0103A601C6DE24543390
:1051D0004C23B297A206D58D7423C206CD8E6C33B4
:1051E000E205D58D8356CA00AE96B386D74063D507
:1051F00006028D8F6359F000918DC205C840C181B0
:10520000CEA4EFF04F9F23A044016FB06EB2528541
:10521000EFF0CFF7014AC5BF5C374827A2075D8D85
:10522000EFD0BFC7058915CD9C48C037C8272204D9
:10523000498C4A85EFD09FC59C48698CC827DC37CC
:10524000A2075D8DEFD07FC51375E50313651500CB
:10525000EFD0DFC39C48418D42054181C8A7218121
:10526000C8B703240A005285EFF0AFEF45D4228A75
:1052700091BFEFB2CEA783C701C52A84C18B138922
:1052800001C6F1C783250900385583564506705578
:105290003305B74083A7C1C49384C1C463440502E6
:1052A0006316B7003307F640634E0700631EF6022D
:1052B00003A581C678350348E50022073367070157
:1052C00063F4E60203A581C678350348E5002CD4D3
:1052D0002207336707012312E4067CD411C7034772
:1052E000040B19C32308040A6C483387B740634290
:1052F000E02A03D7C1C6231A0406631907280357F7
:1053000044066854B2962A976312D7280317E40319
:10531000634E0726639CF526834784050D47850762
:1053200093F7F70F230CF404637CF7240357A405C9
:1053300083570404BA97C207C1836374F700231D1F
:10534000F4047C5C639F07367040631A064003D602
:10535000C1C6832709001454138AC1C66306067E9A
:10536000B385F6401387F5FF634B074605471D8F4E
:10537000118F36976345E046B7290120938709BC12
:10538000C443139705014183BE24938909BC63D3A9
:10539000B7449E24998FC207C183BA246346B7429B
:1053A000B305B040C205C1852685EFE01FE5DC40AE
:1053B00083D6C9000327090023A4F9001C5436979B
:1053C0001D8F2396E90003A7090193D687002320A8
:1053D000F9005CA354B393D60701E18374A37CB3B3
:1053E000832609001854B387E64063CB0774523410
:1053F00093871600998F918F6344F0746390E65CF5
:10540000B7240120938704BC83D9C7009C4B9384A5
:1054100004BCC827DC37A2075D8DEFD01FA80D891B
:105420003335A0004E9542055E3441812310AA0019
:1054300063FDA7089C48C827DC37A2075D8DEFD025
:10544000DFA5058931C19C4883C9D700C827A209B7
:10545000B3E9A9004165130505FCEFD03FA39C48C3
:10546000B3F9A900C827DC37A2075D8DEFD0FFA2F2
:105470001375E503EFD09FA19C4833E5A9004205D1
:105480004181C8A72181C8B75E34DEA49C48C827E3
:10549000DC37A2075D8DEFD05FA0098901C5DE244E
:1054A000FD17DEA4CE24C840EFE0FFF49C4883D96A
:1054B000C400C827DC37A2075D8DEFD01F9E0D8981
:1054C0003335A000AA9923103A0183274408638D3D
:1054D00007329C48C827DC37A2075D8DEFD0FF9BC1
:1054E000058963100532832A4408416B130B0BFCBA
:1054F0000325090003570A002A9763800A0803A6B8
:105500000A014C325422A205D58D7422C206D58DD3
:105510007432E206CD8E83D5CA00B695B305B74086
:1055200063D90532158F635AE00483274408984BEA
:105530005C335423A207D58F898FDEA49C48C827EB
:10554000DC37A2075D8DEFD05F95098901C5DE24A8
:10555000FD17DEA4CE24C840EFE0FFE99C4883D9C4
:10556000C400C827DC37A2075D8DEFD01F930D89DB
:105570003335A000AA9923103A012322540969A4C3
:10558000E391E7DC2285EF10F03465BB230C0404C3
:105590004DBB3450B386D7406342D0128346640279
:1055A00013F6460001CAED9A2303D4028356C405BC
:1055B000231DD4048316C4040356E40442078D86D5
:1055C000B2962318D404835664074183231AE40651
:1055D0003697231BE40618487CC823090404230CCF
:1055E00004048D4763F1E7020357A4058356C405FD
:1055F000835704046376D702BA97C207C1836374E2
:10560000F700231DF4048327040885E38327040897
:10561000230E040293B71700B307F0407EBC15B306
:10562000B387F702B3C7E702C1BF984B48335C2387
:1056300022055D8D7C23C207C98F683362055D8DAD
:10564000EFD0DF8883270408AA8903DAC7009C4BC0
:10565000C827DC37A2075D8DEFD03F849C400D89C1
:105660003335A0005295B389F9404E95E340A0FA36
:105670008329040883A709002320F40883574407DB
:1056800085C383A70901C827DC37A2075D8DEFD04A
:10569000DF80058911C583574407FD17231AF406D7
:1056A00003A54900EFE0BFDA835784073385A7409D
:1056B000231CA4064E85EFF0CFAAB1B7231A040627
:1056C00049B1984B83A9040048335C2322055D8DC2
:1056D0007C23C207C98F683362055D8DEFD00FFF51
:1056E0007C5CAA8AB389594103DAC7009C4BC8275E
:1056F000DC37A2075D8DEFD04FFA0D893335A0005E
:105700005295B389A940E3C109C49C403850998F90
:10571000E34CF0C28329C40783A709007CDC8357CC
:10572000440785C383A70901C827DC37A2075D8D1D
:10573000EFD0AFF6058911C583574407FD17231A2B
:10574000F40603A54900EFE09FD083578407338513
:10575000A740231CA4064E85EFF0AFA0DDB63C4465
:105760009840998FE3D507BE8316C40403D7C1C3FD
:10577000420693D536404182C205C181B307C74076
:105780008D8FC207C18313950701B697C207C187E2
:1057900041852316F40463570500198E2E961315C0
:1057A000060141858316E4048D872322040413D760
:1057B00026403387E6402A9742074183BA9723174A
:1057C000E4042318F40461B69EA423950400998D83
:1057D0008440E1B63307E04093150701E9B6958FA1
:1057E000E3D007C083476402228593E727002303A1
:1057F000F402EF10003CEDB61C412322F408EFF058
:105800004F96032544086DF983560A005E3403273A
:1058100009002285958F369718D45EB4EFF02F8C4F
:10582000DC409A2709C723ACF1C423A204009C489A
:10583000C827DC37A2075D8DEFD02FE6058919C593
:105840009387C1C598231367070298A3914A1D4BFC
:1058500039AA5C364826A2075D8DEFD00FE4058992
:1058600035C59C48C827DC37A2075D8DEFD0EFE235
:10587000098929ED9C4883C9D700C827A209B3E943
:10588000A9005A85EFD08FE09C48B3F9A900C8273A
:10589000DC37A2075D8DEFD04FE01375E50313658C
:1058A0001500EFD0AFDE33E5A9009C4842054181E9
:1058B00013578500C8A7D8B783D9C400EFD0EFDD50
:1058C0000D893335A000AA9923103A0183A90A0053
:1058D0005685EFF00F89CE8A21B92320F9005C3775
:1058E000482783DBC400A2075D8DEFD00FDB1C547B
:1058F0000D893335A0005E953E959C4808D483DB26
:10590000C400C827DC37A2075D8DEFD00FD95E3405
:105910000D893335A0005E953385A7404AB42285B2
:10592000EFE0FFFBCC409E2589CB938781C5884360
:1059300035CDEFE09FB323A204009C48C827DC3795
:10594000A2075D8DEFD06FD5058901CD1387C1C545
:105950001C2393E707021CA31C48639457012328C8
:1059600064019C4026852322F408EFE09FFF8324F6
:10597000440899CC984854335C23A206DD8E7C23DE
:10598000C207DD8E7C33E207D58F1454E387D7F44A
:105990008347640213F7170001CFF99B93E72700B1
:1059A0002303F4022285EF10C02039A08CC361B715
:1059B00093E717002303F4026FA0FEB62285EF10D1
:1059C00040188324440891E837250120130505BCBD
:1059D000EFE0BFFD2322A408C5B7032709008149D2
:1059E0001308F7FF13051700904854325C22A206F3
:1059F000DD8E7C22C207DD8E7C32E207D58F639C70
:105A0000E70237250120930705BCDA27DE24E3F5FA
:105A1000E7FA130505BCEFE05FF959DD638A090079
:105A200023A0A900A685EFF0EFF779B7B6846DBF84
:105A30002322A408C5BF63900902B306F74063DEC2
:105A4000060837250120130505BCEFE01FF62DD50C
:105A50002322A408C1BF83A8090183C5580083C6B7
:105A60004800A205D58D83C66800C206D58D83C6C1
:105A70007800E206CD8EB306D84063C00606B306B2
:105A8000F540634CD00437250120130505BCEFE039
:105A9000DFF12A8415D103A709015C334C23A20747
:105AA000DD8D7C23C207CD8F6C3303D7C900E2059F
:105AB000CD8F832509003E970D8F635BE0009D8DA0
:105AC000C20503A54900C1812396B900EFE0BF924A
:105AD00023A08900A6852285B9B79440A689B9F686
:105AE000B307F740E35AF0EC5C364826A2075D8D19
:105AF000EFD0AFBA0589E31105EC37250120130576
:105B000005BCEFE09FEA88C0E30805EA98485C33EB
:105B10004C23A207DD8D7C23C207CD8F6C33DA24A2
:105B2000E205CD8F832509003E970D8FE356E0E80F
:105B30009D8DC205C840C181CEA4EFE0DF8BADBD15
:105B40002285EF1000008DBD3387D74063480700E2
:105B50005A348507958F998FE350F0E683476402A6
:105B600035BDEFA25E9B938481C603A904002A84FD
:105B70008347D9000345C900A2075D8DEFD0EFB17F
:105B8000318142054181954763FCA7029C40510940
:105B9000C827DC37A2075D8DEFD02FB0B7270120D3
:105BA00003A607B431816D150A0542059315060158
:105BB0004181C181814705488948114363E4A700B9
:105BC0006FA0BE97B306F9009822630907016DDB49
:105BD000630A170198326DD7BA9711A08507C207DB
:105BE000C183E9BF9832E31D67FC13873700E3598F
:105BF000A7FCB822B4322207558F6363E60011E395
:105C00002E871AA09107E1BFEFA2FE8D4041AA8B1B
:105C10001C3008204111A207138941C55D8DAE8952
:105C200023208900EFD06FA78327090019811375FE
:105C3000C5032A9488239C3323A481C6A2075D8DC3
:105C4000EFD0AFA59355650093F5C503B305B040FC
:105C50005E85EFE08FDA11E503D78B00CD4763E86F
:105C6000E7005E85EFE04FE041016FA09E8B138B54
:105C700041C503250B00CE854105EFD04FED75F1F1
:105C800003270B00370500F01C3B002BA207C18F38
:105C9000202B4204C18F203B62045D8CEFD00FA308
:105CA000698C370500E0EFD06FA2E30CA4FA8325DE
:105CB0000B0003D78B009946138605015E85B1055D
:105CC000EF10305D59FD938481C69C40C827DC37B6
:105CD000A2075D8DEFD06F9C3181F155B305B50200
:105CE0005E85C205C185EFE04FD125FD80401C30A7
:105CF0000820A2075D8DEFD04F9A08A0218108B03F
:105D000080403C302820A2075D8DEFD00F9928A05D
:105D1000218128B0804048305C2022055D8D7C20A8
:105D2000C207C98F683062055D8DEFD02F9A9357F7
:105D300085005CB0935705017CA09357850148A06E
:105D40007CB0804023A0A1C6938A01C608341C24DD
:105D500022055D8D3C24C207C98F283462055D8D04
:105D6000EFD0CF96935785001CB4935705013CA400
:105D70009357850108A43CB4804023A6A1C413898D
:105D8000C1C47C346824A2075D8DEFD00F919C4084
:105D900068A4218168B4C827DC37A2075D8DEFD0E5
:105DA000CF8F1378F50F83D88B0093753800B335F8
:105DB000B000C69503A301C3C205944003260B009F
:105DC0009377F803C1812388F1C42396B1C61A845E
:105DD0000145938C01C5138CC1C601E403A581C4A0
:105DE000E9A29C3203CE06005A30A207B3E7C701EE
:105DF0006312F70EBC3203CE26005A2CA207B3E77B
:105E0000C7016319F70C58365C2622075D8F7C2684
:105E1000C2075D8F7C36E207D98F5840631CF70AB2
:105E2000183A1C2A22075D8F3C2AC2075D8F3C3A34
:105E3000E207D98F1840631FF70819C55C4423A8EF
:105E400081C25CC52326640003A74B00B72D012047
:105E50000326840893870DBC23AC01C4238E01C4A0
:105E600023A007002396170198C723A2770194CB9C
:105E7000138AC1C5138D81C5938D0DBC09CE8327AF
:105E800004098146A285638A072C084C8297E31A8D
:105E900005DC2324040883C70C0023A281C613F762
:105EA0004700938B41C6630D073018488947631A32
:105EB000F72A385083270900631FF72A83470A000F
:105EC00093E787002300FA0083476402F99B2303CA
:105ED000F40255A42285404409B798329C22220737
:105EE0005D8F5E316392E70C83C83600B822A2084A
:105EF000B3E8E8005A2D6319170B0343D600834813
:105F0000C6002203336313018348E600C20833E36B
:105F100068008348F600E208B3E868000323450000
:105F200063141309034316018348060122033363F4
:105F3000130183482601C20833E368008348360111
:105F4000E208B3E8680003230500631F1305937696
:105F50004800E39806D0937628008DC603A80A006F
:105F60001455B306D84063C606028358C502B386EB
:105F700016416340D0029306C600C2954106032530
:105F80000900F1A8137818006305080083A7C1C3AE
:105F90001CDDE38805CC8347650293E727002303D4
:105FA000F502EF00104175B9484505F903A381C317
:105FB0003E8E1A8A63130A04DC36C826A2075D8D5A
:105FC000EFC0BFED1189E31E05C8944003260B0006
:105FD00003550C009C32B83283C8060003C8260063
:105FE00083A50A00A20722079306C600B3E717019C
:105FF000336707014106AA9559B783280A00638EC3
:106000000800183A1C2A22075D8F3C2AC2075D8FC0
:106010003C3AE207D98F639EF812B832BC222207BD
:106020005D8F8357CA016396E71201C98327CA00AF
:1060300023AC41C35CC523266A00937708019DC346
:106040009C3283C8060003A80A0003250900A207A2
:106050009306C600B3E717014106C2950505EF0098
:10606000D06B01B113782800E30D08BE03454A0147
:10607000EFE01FF92A84E30605BE83270B000147E2
:106080009386070199CA943B982BA206D98EB82B08
:106090004207D98EB83B6207558F18C00357CA0113
:1060A0009386C7005AAC014799CAD437D827A206AD
:1060B000D98EF8274207D98EF8376207558F94405A
:1060C00058C0130504049C329822A207D98F03A755
:1060D0000A005EB08D471CC8930717001CD41CD85B
:1060E000FC36F0267D17A207D18F2312F406231E5B
:1060F000F40483278A0138D41CCCB727012083D726
:1061000007B45EB47EB483270A021CD083578A008A
:1061100093F797191EA483A701C323A881C25CC467
:10612000EFF03FA40355040493054400EFF08F8182
:106130002310A40485470147C946014681452285AD
:10614000952B11C581452285EFE0FFE019BE228520
:1061500089BD5285032ACA00B1BD0145EFE0BFCC1D
:106160003DB383A70A001854998F63C607005A34B9
:10617000998FE355F0D483470A0013F78700630132
:10618000073E9305F1002285EFB01F9985476316FE
:10619000F500184889476302F71C2285EFC04F8439
:1061A0008327C40981C7084CE9558297A2851385C6
:1061B00001C3EFE0FFB4A2850945EFD0DFED71AA7E
:1061C000898B85C31C480547F917637CF700834713
:1061D0006402228593E727002303F402EF00701D79
:1061E00059BF83A7C1C3A308040A130504041CDC18
:1061F000EFF03F971C481D47F917E36EF7F6372776
:1062000002008A071307C78ABA979C43828783C70D
:106210000C004947C98B6392E70C83270408984B0D
:1062200048335C2322055D8D7C23C207C98F683308
:1062300062055D8DEFC09FC9832709000505631EB8
:10624000F5088357640703A70A0094408507231BBA
:10625000F4069307170068C81CD41CD8FC36F02637
:1062600003550404A207D18F7D172312F40691472A
:1062700038D41CC893054400EFE0DFECA947B3070E
:10628000F5020357A4052310A404231EF404854734
:106290006315F70006054205418183578407231DD6
:1062A000A40403250408FD17231CF4061C4123093C
:1062B0000404232204042320F40893B71700B3072F
:1062C000F0407EBCEFE0EFE983274409E38107F06B
:1062D000084C0146A2858297DDBD83C70C00C18BA7
:1062E000E38B07E8944003550C0083A50A009C3219
:1062F000B83203260B0083C8060003C82600AA95FF
:1063000003250900A20722079306C600B3E7170179
:10631000336707014106EF005040B1BD83C70C0051
:1063200013F7070169C70325090078489307F5FFAC
:10633000998F63C607083C50B307F5406341F008E6
:1063400091471CC81C508DC7084C0146A2858297F6
:1063500005C185452285EFE01FC003A54D0023A0A0
:106360000B00E3030590EFD03FF023A20D00EDB842
:1063700022858354A405EFE0DFEF8357440781C7EC
:10638000FD17231AF4060547835704046395E400B8
:106390008607C207C183231DF40483470A0093F7CD
:1063A0000702E38A07DC83476402228593E727001C
:1063B0002303F402EF00E07F9D471CC86DBB9440AF
:1063C00003260B0003580C009C32B83203C30600AE
:1063D00083C8260083A50A00A20722079306C600E9
:1063E000B3E76700336717014106C2952DB7898B64
:1063F000E38307D81C5403A70A00FD17E39DE7D6E3
:106400002285EF00704585BB2285EFE09FE671B7DE
:106410002285EFE01FE683470A0093F70702C1C316
:1064200003C70C0083476402418B93E727002DC309
:10643000345003270900639DE6042303F4022285F8
:10644000EF0020772285EFE00FDB83A701C3631DF8
:10645000F4005C4423A8F1C2A9471CC803A781C467
:1064600023A481C458C401BB23A2F1C4814689E797
:10647000E5D623A201C4CDB7D0476318C40099C2A2
:1064800023A2F1C45844D8C7C1BF8546B287C5B757
:106490002303F4022285EF00C071A14739BF83C7EF
:1064A0000C00C18BE38907CC385083270900E31423
:1064B000F7CC994719B72285EFE0BFDB83470A0085
:1064C00093F70702E38907CA83476402228593E7AB
:1064D00027002303F402EF00C06D2285EFE0AFD167
:1064E00083A701C3E307F4F623A2F1C48146C9D30D
:1064F000D047E306C4F88546B287D5BF2285EFE0D2
:106500005FD783C70C00C18BE38707C6385083274A
:106510000900E312F7C62285EFE0EFCD83A701C3A0
:10652000E309F4F223A2F1C48146B9D3D047E308CA
:10653000C4F48546B287D5BF2285EFE09FD383C7D9
:106540000C00C18BE38907C2385083270900E3148C
:10655000F7C283470A0093E707012300FA0021B935
:10656000C18B89C72285EFB0BFC789B103564407E5
:1065700019C68327C40881C7084CA28582970326C1
:106580000D000DC683C70C00A18B89C75C3693E74D
:1065900017005CB6832704098146A28595CB084C79
:1065A000829709C583270D002324F40883470A0036
:1065B00093F7070289CB8327040981460146A28508
:1065C00081CF084C8297228523A00B00DD2371B375
:1065D0000145EFE05F85F1B70145EFE0DF84E5B706
:1065E000EF927EF32A894A2D41112E8432C6EFC0E4
:1065F000FF8908A0218108B003554902EFC01F8917
:10660000324628A0218128B09357860003258902AD
:1066100050A05CB093570601618270B07CA0EFC0BF
:10662000BF889357850008A41CB4443493570501D0
:10663000618128B44824A2043CA4C98C4165130597
:1066400005FCEFC0BF84E98C4145EFC03F84458D18
:106650004205418148A4218148B40355E902EFC0B5
:10666000FF828357E90268A4218168B4231BF902E1
:106670005C34482423090400A207A30904005D8DAB
:10668000EFC0BF8195671375F5035D8DEFC01F8067
:106690000357E9028327890248A4218148B42308CB
:1066A0000400A3080400BA972328F90222854101B7
:1066B0006F90BEE8EF923EE379712EC63ACA2A89FE
:1066C000B28A368BBE8D01EE93F73600B3E7FD003C
:1066D000595A91C38DC1528545616F909EE483578D
:1066E000650763FAC700834769027D5A93E707F895
:1066F0002303F902CDB793972D0013F72D00918B4B
:10670000B14611E38146B6973EC283270907372D6C
:1067100001201307CDB33EC41C4758438354890757
:106720008A07B3D7E702130DCDB3E3FEF4FA41674E
:106730009306C7FFE3E996FA92473082130707FCF6
:10674000898393F7F70F950732C85246B207C207FD
:106750003AD2B24C13170B01C183058A41833ECC58
:10676000D68B8149814732CE36D03AD4035A0904B8
:106770001247330AEA4063D34B015E8A11453ED685
:10678000131C0A01EFD03F8F135C0C012A846306AF
:106790000518232005002322050063840914B2573D
:1067A00088C3F24763810714C24701460145B30518
:1067B000FC00C205C181EFD01FB048C0630F0514B3
:1067C000EFD0FFC8B247AA94C204C18081CF5C4019
:1067D000E685C843C167FD173376FA0092473E95B8
:1067E000EF3010025C40DC431CC483278D0003277C
:1067F0004D008A07B3D7E70263E19712825763EE31
:106800009710484023168401D145EFD01F9F63168F
:1068100005105C400355C901B38B8B41DC43C20BAF
:1068200093DB0B011CC83ED6EFC04FE6B25788A3DE
:10683000218188B31C48035549023ED6EFC00FE5BD
:10684000B257A8A32181A8B31C4822453ED6EFC069
:10685000AFE5B25713578500D8B313570501F8A316
:106860001848C8A36181E8B35C37482723090700AB
:10687000A207C98F1255A30907003ED6EFC00FE14A
:10688000B257E98F22553ED6EFC04FE0B2575D8D2B
:1068900042051C48418113578500D8B7C8A7230774
:1068A000B401EFC08FDF1C481375F5033ED6E247F5
:1068B0005D8DEFC0AFDDB257C8A72181C8B7C167F2
:1068C000FD17337AFA00A247D29CD2973EC4A28722
:1068D000E39E0BE8032AC90763190A06232E39072A
:1068E00051A2AA897DBDC24501460145EFD0BF9C9A
:1068F00048C005C5EFD0BFB5AA94C204C180E386E5
:106900000BEEE28505460D45EFD0FF9AAA8548407B
:1069100095E1EFD07F9523220400834769027D5AD9
:1069200093E707F82303F902E38709DA4E85EFE0DE
:10693000EF8555B323A295018504C2042324940155
:10694000C180EFD09FB255B53E8A83270A00EDFF84
:1069500083270A01835BCA00C827DC37A2075D8D45
:10696000EFC0AFD30D893335A0005E9563050518E0
:1069700083270A01C827DC37A2075D8DEFC0EFD15E
:106980000D89631A051693773B0081C78547631409
:10699000FB1603D7C9008357CA00BA9703570904E7
:1069A000634BF7140347EA0083C7E9006315F71444
:1069B00003270A0148335C2322055D8D7C23C2072F
:1069C000C98F683362055D8DEFC04FD003A7090101
:1069D000835BCA005C23AA9B483322055D8D7C2320
:1069E000C207C98F683362055D8DEFC02FCE6394F7
:1069F000AB10C247B15503A549009D8DC205C185A5
:106A0000EFD0AFFFE31B05F003A549003E2599EB4E
:106A10001C41FD14C20423A2F90023200500C180FB
:106A2000EFD09F8493771B00CDC783270A0183CBC8
:106A3000D700C827A20BB3EBAB000545EFC00FC5CD
:106A400083270A0133E5AB0042054181C8A72181B4
:106A5000C8B763958900035CCA005284CE8511458E
:106A6000EFD06FE393773B0089C7850AC20A93DAB8
:106A70000A01137B1B0063080B008347690293E73D
:106A800007022303F90283270907231C9906014AF9
:106A9000D6972328F90683576907B38A5741231BE2
:106AA0005907E30A0CC21C48E38707C25247098B07
:106AB000E31307C2C437C827A204C98C2145EFC01D
:106AC000EFBC1C48458D42054181C8A72181C8B74C
:106AD00019B183A5490003254A00EFD01F9903D7B8
:106AE000C9008357CA00BA972316FA0083A7090082
:106AF0002320FA00B9BF23203A01ADB7EF92BEA11F
:106B0000AE868147054701468145EFF0BFBA6F90D9
:106B1000DEA2AA8708491D476308E5001308E5FFC0
:106B200009476155636E0701014519CAEF92BE9E80
:106B300036873E8581468147EFF0DFB76F90FE9F35
:106B40008280EF92BE9B2A840146D1450545EFD055
:106B50008FF631CD83476402AA842850F19B23032A
:106B6000F402EFC06FB4CC402A862285EFF05FA715
:106B70009A2413094400AA8999464A86A285268543
:106B8000EF0030712388A9002181A388A90038244F
:106B9000343499474A86A2852685EFC0EFF72685CB
:106BA000EFD08FEC0145A30304026F907E987955D6
:106BB000EDBF83A741C66380A736EF92DE9283576D
:106BC0004506035AA50563F347013E8A83476502DC
:106BD000420A2A84898B135A0A01645D95CB91E499
:106BE0002285EFF01FF66F90DE93984848335C23C0
:106BF00022055D8D7C23C207C98F683362055D8DD8
:106C0000EFC0CFACDE247848998F3E95E36AAAFCAA
:106C10008329040863960908B72A0120894B938ABF
:106C2000CAB3370C0402130B4400FD5CADC0984896
:106C300048335C2322055D8D7C23C207C98F6833EE
:106C400062055D8DEFC08FA8DE247848998F3E9550
:106C5000637CAA048347040B9DEB984848335C236C
:106C600022055D8D7C23C207C98F683362055D8D67
:106C7000EFC0CFA5DE247848998F3E958357440610
:106C800063F7A70085472326040A2308F40A8347ED
:106C90006402014593F7F7072303F402A9B7BE89FD
:106CA00083A70900EDFF8DBF8327040895C38347A1
:106CB000640213F7470409EF785C01CB144389EAB7
:106CC00056270357040463F5E60093F7070AD9D360
:106CD0009C407CDC1C48638977039C4803C9D7002F
:106CE000C82722093369A9004145EFC02F9A9C4863
:106CF0003365A90042054181C8A72181C8B78347F0
:106D00006402F19B2303F402085403A90401EFC0B9
:106D1000AF99935785002304A900A304F900935762
:106D200005016181A305A9006A342305F90003A9BF
:106D30000401EFC0AF957A341C542307A9002181C8
:106D4000A307A900BA977AB81CD8FC24858B99CBE5
:106D500003A54A0003A904013365AC00EFC0CF943A
:106D6000232AA9001C4099E75A85EFC0EF9659C520
:106D70005C411CC08317E40363949701231F040242
:106D80007C4095E383A7C1C398487CC048335C230B
:106D900022055D8D7C23C207C98F683362055D8D36
:106DA000EFC0CF9228C4C84003A9040199465841B6
:106DB000232225015A863307E940931707013A2514
:106DC000C183A2851D8F3AA51A251D8F42074183D5
:106DD0001AA523080900A3080900EF00904B230817
:106DE000A9002181A308A90038243434C840994758
:106DF0005A86A285EFC04FD2A303040298484833B5
:106E00005C2322055D8D7C23C207C98F6833620530
:106E10005D8DEFC0AF8B9C482A8983DDC400C827F5
:106E2000DC37A2075D8DEFC04F870D893335A00099
:106E30003C506E954A95898F63D3070028D09C48B3
:106E400003D9C400C827DC37A2075D8DEFC0EF84EB
:106E50000D893335A0004A955DC98327040823A016
:106E6000040089E723209408A68999A89848483304
:106E70005C2322055D8D7C23C207C98F68336205C0
:106E80005D8DEFC0AF8403A709012A8948335C23D5
:106E900022055D8D7C23C207C98F683362055D8D35
:106EA000EFC0CF823305A9406350050613090408DB
:106EB0008327090081EB832709009CC023209900C8
:106EC000645CADB3984B48335C2322055D8D7C2315
:106ED000C207C98F683362055D8DEFB03FFF9848E8
:106EE000AA8D48335C2322055D8D7C23C207C98FA0
:106EF000683362055D8DEFB07FFD3385AD40E35CA7
:106F000005FA032909006DB723A09900B1BF2685B2
:106F1000EFD03FA575B701458280EF922EDE41117B
:106F2000AA8AAE84B289D14501460545368A3AC659
:106F30003E8BEFD04FB86303050E324740412A899C
:106F40003A85EFB0BFF408A0218108B05A85EFB0B0
:106F5000FFF328A0218128B05685EFB0FFF49357A6
:106F6000850048A05CB09357050161817CA068B0A2
:106F70002685EFB07FF39357850008A41CB44434F2
:106F800093570501618128B44824A2043CA4C98C0C
:106F90004165130505FCEFB07FEFE98C5145EFB07B
:106FA000FFEE458D42054181B727012048A421818C
:106FB00048B403D507B4EFB07FED68A45C342181F9
:106FC00068B44824A207230904005D8DA3090400C6
:106FD000EFB0BFEC95671375F5035D8DEFB01FEB58
:106FE0000357890048A4218148B499465286CE852A
:106FF00023080400A30804004A85EF00902908A88C
:10700000218108B899470147930600085286CE852A
:107010004A85EFC06FB04A85EFD00FA541016F9050
:107020002ED18327050885CBEF92EECE3E87144301
:107030008DE2745D14C37CDD83472505232005089C
:107040002322050485072309F504EFF09FB66F900E
:10705000CECE3687E9BF8280EF924ECA83240508E0
:1070600095C49C402A841309C5072320F50883276B
:10707000090099EF832709009CC0232099008347CA
:1070800024052322040485072309F4046F904ECAC3
:10709000984B48335C2322055D8D7C23C207C98F42
:1070A000683362055D8DEFB07FE29848AA89483366
:1070B0005C2322055D8D7C23C207C98F683362057E
:1070C0005D8DEFB0BFE03385A940E35505FA032994
:1070D000090071BF83270508B1CFEF92CEC3834764
:1070E00065022A84918BA9E7EFF01FF78356A40568
:1070F0008357440613D7160063F4D70013D717003D
:1071000083570404231EE404939617006354D700A6
:10711000231ED4040D47B387E7020357C405BA976B
:10712000231DF4048347640293E747002303F4021A
:107130006F90AEC08280EF926EBCAA840146D145AA
:107140000545EFD04F9729C52A84A85013894400DC
:107150007D15EFB07FD54C402A862685EFF04FC8CD
:107160001A24AA8999464A86A6852285EF007012BC
:107170002388A9002181A388A900B4349947014735
:107180004A86A6852285EFC02F992285EFD0CF8D24
:107190006F900EBAEF928EB60324050819E0605D79
:1071A0005DC41C48AA84C827DC37A2075D8DEFB0F8
:1071B000DFCE058959CD5E24C9EF054AD145014688
:1071C0000545EFD04F8F2A8959C118484C41268573
:1071D00050335C2322065D8E7C23C207D18F70332F
:1071E00062065D8EEFF0CFBFAA8963070A064035BD
:1071F0005C2541652204130505FC5D8CEFB01FC9B9
:10720000698C4545EFB09FC8498C93170401C18331
:107210002386F900A183A386F9000357890013840C
:10722000440099462286A6854A85EF009006238869
:10723000A9002181A388A900B43499470147228677
:10724000A6854A85EFC04F8D4A85EFD0EF816F90BC
:107250002EAE014AD545A5B7184483274900030738
:107260000700D8AB5DBFEF920EA8404106252A89E2
:107270001C3008204111A2075D8D2E8AEFB0FFC19E
:1072800021813D8909050A0563C2A4021C3008203A
:10729000A2075D8DEFB07FC09355650093F5C503E0
:1072A000B305B0404A85EFC05FF519C54A85EFC008
:1072B000BFFB41016F90EEA6832A4900130C040125
:1072C000D2856285EFC0AF8883C71A002A8B03C5B9
:1072D0000A00A2075D8DEFB05FBC83C73A00AA8B9E
:1072E00003C52A00A2075D8DEFB03FBB93074004A2
:1072F000AA86631DF506930730046399FB12832762
:107300000A0263850712C44363820412D44089CE03
:1073100058345C2422075D8F7C24C2075D8F7C3447
:10732000E207D98F6394F61083C77A0003C76A0017
:10733000A207D98F99CB03578900C546628693056A
:10734000C4004A85EF00E07435F1E1554A85EFC08D
:10735000DFEA29FD638C040E9C4CA9DBC84C5E87D8
:107360009306C4004A86A6858297A1B783A401C765
:10737000014D814D938C01C71306C07689E46307E4
:107380000D0AEA8455B7BE28639CD7089840631558
:107390000B0439E363160D009C28918B91E3268D35
:1073A000DE2863927709CC4089CD58345C242207CB
:1073B0005D8F7C24C2075D8F7C34E207D98F639494
:1073C000F506E3830DF6DC4423A6FD0083A70C003D
:1073D00023A09C00DCC489BF1C3883490401A20798
:1073E000B3E7370183492401C209B3E7F9008349B0
:1073F0003401E209B3E9F900E38EE9F8370500F05A
:1074000036C6EFB0BFACB3F9A900370500E0EFB066
:10741000FFABB2461306C076E38EA9F6E31C0BF66B
:10742000A68DC444A1BFE39DC6FEFDBD18381C282F
:1074300022075D8F3C28C2075D8F3C38E207D98F59
:1074400003274A00E314F7E68144F9BDE3100BE695
:107450001C380428370500F0A207C58F2428C20471
:10746000C58F2438E204DD8CEFB05FA6E98C3705C8
:1074700000E0EFB0BFA5E38BA4E21C300820A20718
:107480005D8DEFB09FA193558500BD8989058A0563
:107490004A85EFC09FD68D454A85892B01BD83A8BB
:1074A00001C7AA860143C687138801C79DE799C90A
:1074B00098319C2122075D8FBC21C2075D8FBC31B2
:1074C000E207D98F9CC225C6B2AA01456316030004
:1074D00023A616012320D8008280638BD702BA2B03
:1074E0006316C70203AE070063140E005555828071
:1074F000F5DD883198212205598DB8214207598D33
:10750000B8316207498F7DD3E302EEFEDC4779BFD5
:107510000543EDBFAE2B639AC500050642064182C6
:10752000C687DDD3E318E6FED1B7DC47DDBF2167B0
:10753000C68705667D17F5B7EF825EFC3E292A896E
:10754000AE89B28A368B3A8AADC7A1454E85EFC067
:10755000DFCACE8401CD0146A1450545EFC0BFD5A8
:10756000AA847D5429CDCE85EFC0FFF103552901B2
:10757000C040EFB0BF9108A0218108B05A85EFB09C
:10758000FF908327090028A0218128B0230304004D
:10759000A3030400130B4A0095C703274A004A8B34
:1075A0006382E7025D54638C34012685EFC0DFCB34
:1075B00039A00146AA85EFF09FEE2A8459D522858D
:1075C0006F801EF78A24EFB07F8C48A0218148B0DD
:1075D00083470901858B99EB9A24C5465686DA853F
:1075E000268545290DC168A0218168B00347A900FF
:1075F0008346B9005288C5475686DA852685EFB09E
:107600001FBC2A844DB7FD577CA07CB0C5B7EF8264
:107610009EF041112A8432852EC636C432C2EFB0A4
:10762000BF8B19C9A2461246B2452A872285EFF0C0
:10763000BFF041016F807EF07155E5BFEF82BEED76
:10764000562913064500EFF09FFC6F801EEFEF8276
:107650009EEC3E292A84AE843289B1CB814799C8F9
:1076600098309C2022075D8FBC20C2075D8FBC3004
:10767000E207D98F18285CC0231A2401136747003A
:1076800018A8184005EF85CF13054400EFB0DF843C
:10769000AA87715595C3DC431CC083A601C7938795
:1076A00001C7368705E354C480C3014531A00146B4
:1076B000AA85EFF0DFDE5DD16F803EE8F9FF232081
:1076C0000400E1BFE30387FE5847E9BF0CCD50CD6E
:1076D0008280EF825EE4138701C71C43AA85639012
:1076E000A7025C451CC30545EFC0FF9A6F80FEE40E
:1076F000D84709C76314B700D845D8C7DC47EDFBA6
:10770000DDB7EF825EE10545EFC0FF962A8409C927
:10771000130600028145EF801EE3930700F83CB496
:1077200022856F809EE1EF827EDD2A842E8AB289D7
:107730009305400201460545EFC0FFB731CD03294F
:1077400004004041AA847146CA8523004401A30075
:10775000340123020400A302040023030400A30352
:10776000040013058400EF20B009AE2423010400B7
:10777000A301040022851D2128A0218128B085476E
:107780000147930600081306C90081452685EFB01E
:10779000BFB82685EFC05FAD6F809ED9EF823ED522
:1077A0004041AA8441111C300820AE89A2075D8D9A
:1077B000EFB0AFEE135965001379C903B30A204146
:1077C000C20A93DA0A41D6852685EFC01FA339E1A4
:1077D0009E248D4663F0F604DC4098236312D704A0
:1077E000982793868700883F3D8B0A0736972C237E
:1077F00003483700982F22059433598DB82F903BBA
:10780000A2054207498FA83FB3E505016205598DDE
:10781000EFA01FD12685EFC03FA541016F80BED0EC
:10782000A147E319F7FE1C38034A0401370500F0AD
:10783000A207B3E74701034A2401014B420AB36799
:10784000FA00034A3401620A336AFA00EFB00FE823
:107850002A8C370500E0EFB06FE7AA8BCE851305C1
:107860000401EFB0DFAE19E533758A0133057541C8
:10787000333BA000EFA0FFC951DDE30D0BF89A24C4
:107880009D47E3F9E7F82685252649F54209930542
:107890002002268513590941EFC03F966304051263
:1078A000CA852685EFC07F9535F58E2401460945AA
:1078B000EFC07FA02A8A39DDA685EFC01FBE39F947
:1078C000D685528503244A00EFC03F9321F52685D3
:1078D000EFC09F99D28458345C24143822075D8FFE
:1078E0007C24A20603AA4400C2075D8F7C343D6558
:1078F0001305F57FE207D98F18281CA8D98E3828E0
:107900004207D98E38386207558F9356870058A49E
:1079100054B493560701618378B413D7870018B81D
:1079200013D70701E18374A438A83CB8834A3A000E
:1079300083472A0023000A00A20AB3EAFA00EFB044
:10794000EFD463E9AA08056513050580EFB00FD4ED
:1079500083473A0003472A00A207D98F85073E953F
:10796000420541812301AA002181A301AA001C3400
:107970000824A2075D8DEFB04FD2A1671375F50FF4
:107980005D8DEFB0AFD008A4218108B4D1452305A7
:107990000400A30504002285112428A4218128B411
:1079A000CA852685EFC07F85E31605E64E888547A4
:1079B00001479306000801469305C4002685EFB0F1
:1079C0001F8089BD9305E0FD2685EFC01F83E3047A
:1079D00005F089B5056513050580EFB02FCB83470A
:1079E0003A0003472A00A207D98F95BFEF82BEB2A3
:1079F00013F6F50F11058D45EFF0FFD26F80FEB342
:107A0000EF827EB113F6F50F1105AD45EFF0BFD152
:107A10006F80BEB2EF823EB03308B5004208AA863E
:107A20000147135808018548B307D840C207C183EE
:107A300063E4F80493D71500939617003695F9562A
:107A4000B387D702BE95C205C18181C51C21A2079B
:107A50003E9741659306F5FF93570701758F338570
:107A6000E700C177E98F99C3758D0505420541810E
:107A7000EFB0CFC16F807EAC9C3290228906A20706
:107A8000D18F13968700A183D18FC207C1833E9700
:107A900061BFEF82DEA5B727012083A707B5BA84AF
:107AA0004111139757006349070E416B2A89AE8A2B
:107AB000328A814901447D1B854B631E0908638B13
:107AC00009004167931784007D172180F98F137493
:107AD000F40F5D8C03C51A0083C70A0003470A0030
:107AE00022055D8D83C72A0003463A004169C2071B
:107AF0005D8D83C73A0062067D19E207C98F034591
:107B00001A002205498F03452A004205598D498EE6
:107B100033752601418233F7270132953A95C183A7
:107B20003E952A943685EFB06FB62A942685EFB03D
:107B3000EFB5229513540501337525012A94135589
:107B400004013374240122951345F5FF4205418158
:107B500041016F805E9D8355A9000325490036C60B
:107B6000EFF05FEB2A9493570401337464013E9461
:107B70008357A900B246858B89CF93178400218053
:107B8000B3893B41B3F767011374F40F93F9F90F0D
:107B90005D8C0329090015B701455DBFEF82BE97D3
:107BA000EFF05FE71345F5FF420541816F80FE98D6
:107BB000EF82DE94C169AA8401490144FD19054A96
:107BC00095E0630B09004167931784007D172180BE
:107BD000F98F1374F40F5D8C1345F4FF4205418156
:107BE0006F801E95AE24C840EFF0DFE22A949357D1
:107BF0000401337434013E94BE24858B89CF9317DE
:107C00008400218033092A41B3F737011374F40F3C
:107C10001379F90F5D8C844065B7B687B2882A83E3
:107C20002E88639D061463F9C50A4167636EE61AE0
:107C3000B70700016363F63493568601E14717A73F
:107C400000001307E7D0369703470700BA971307DA
:107C500000021D8F19CB3398E500B357F500B31818
:107C6000E60033E807013313E50013D60801335566
:107C7000C80293960801C182935703013377C80263
:107C8000B385A60242073368F700637AB8004698C6
:107C90009307F5FF636418016367B8303E853308C6
:107CA000B8403357C8024203135303013378C80264
:107CB000B386E602420833686800637BD8004698C2
:107CC0009307F7FF6365180179176363D8003E8750
:107CD0004205598D8145828001E60547B358C702A8
:107CE000416763EAE80EB707000163ECF82893D612
:107CF0008801E14717A70000130787C53697834619
:107D00000700BE9693070002958FE5EB939E08014E
:107D10003387154113DF080193DE0E018545935724
:107D200003013355E7033377E703B306D50342076F
:107D3000D98F63FAD700C6971307F5FF63E41701DD
:107D400063E6D7263A85958F33D7E703420313536B
:107D50000301B3F7E703B30ED703C207B3E7670026
:107D600063FBD701C6979306F7FF63E51701791701
:107D700063E3D70136874205598D828063E2D504DB
:107D8000C16763E2F604B707000163E4F61E13D788
:107D90008601614897A70000938787BBBA9703C7FE
:107DA0000700130E00024297330EEE40631A0E0CCA
:107DB00063EDB61C3335C50013451500814582803F
:107DC0008145014582809307F00F63F3D71C13D7D9
:107DD00086002148C1B71307F00FC686E37C17F170
:107DE00093D68800A14739B71307F00FB286E3781E
:107DF000C7E493568600A14799B5B398F80033D6E7
:107E0000D50013DF0801335EE6033397F500B35660
:107E1000D500558F939E080193DE0E013313F500B4
:107E200093550701B376E603B387CE03C206CD8E22
:107E300063FBF600C6961306FEFF63E4161763F2B3
:107E4000F616791EC6969D8E33D6E6039317070164
:107E5000C183B3F6E6033385CE02139706015D8F27
:107E6000637BA70046979307F6FF63681713637653
:107E7000A7127916469793150E01098FD18D45B536
:107E8000B357E600B396C601DD8E33D3E50013DFAA
:107E90000601B357E303939E060193DE0E01339868
:107EA000C5013357E50033680701935808013316BD
:107EB000C6013373E303B385FE024203B3681301C3
:107EC00063FBB800B6981387F7FF63EAD80C63F832
:107ED000B80CF917B698B388B84033D7E80342080E
:107EE00013580801B3F8E8033383EE02C208B3E580
:107EF000080163FB6500B6951308F7FF63EDD5082D
:107F000063FB65087917B695C207416FD98F1307D0
:107F1000FFFFB3F6E70093D80701718F4182B38E5C
:107F2000E602B3856540B386C60213D80E013387D7
:107F3000E802BA96C2963386C80263F3E6007A96E0
:107F400093D80601469663E2C5026385C5003E8567
:107F50008145828041677D17F98EC206B3FEEE002F
:107F60003315C501F696E374D5FE1385F7FF8145F9
:107F7000828013D70601414831BD93560601C1479F
:107F80007DB993D60801C147B5B3814505458280C7
:107F90003687014801B5428785BF3E86E9BDBA876D
:107FA0001DBF328E4DB579154698D5B97915C6974E
:107FB00059BB3708100001117D183377B80026CA65
:107FC0003378D80093D4450113D34601131E3700EC
:107FD0004EC61357D5010E089357D60193F4F47F7C
:107FE0001373F37F06CE22CC4AC893D9F50193DEF2
:107FF000F6013367C701131F350033E80701931FEC
:108000003600338E64406380D9196356C01363040D
:10801000031CB70680009307F07F3368D800638F96
:10802000F4369307800363C0C735FD4763CDC74768
:10803000130500023305C541B3D7CF01B316A8001D
:108040003399AF00DD8E33392001B357C80133E9CE
:1080500026011D8F33092F41B3372F013306F74017
:108060009317860063D40724370780007D17337485
:10807000E600630C042C2285EF105068130785FF7F
:1080800093070002998FB357F9003316E400D18F9C
:108090003319E9006341972A330597401306150009
:1080A0007D47634DC73813070002118FB356C900CF
:1080B0003319E9003397E700558F333920013369CD
:1080C000270133D6C70081449377790081CF137796
:1080D000F90091476308F700130749003339270176
:1080E0004A963A899317860063D6071C13851400B5
:1080F0009307F07FCE856304F520B70780FFFD1757
:10810000F18F9398D70113593900A607B3E82801D6
:10811000B1831375F57F9396C7005205F240624410
:10812000B182FE05C98ECD8ED2444249B249468500
:10813000B68505618280631E0E0A138314001373D3
:10814000E37F63170322B367E701B368F801639D18
:10815000041A63870740638608443309FF41B30765
:10816000074133362F013386C7409317860063D605
:10817000074C3389EF41B307E84033B62F0133860C
:10818000C740F68991B76350C00F6300030CB70670
:1081900080009307F07F3368D800638AF43A93072E
:1081A000800363CBC713FD4763DFC73513090EFE9A
:1081B00093070002B3562801630AFE001309000466
:1081C0003309C94133192801B3EF2F013339F001C5
:1081D0003369D90031A2B367F801638A071C93079A
:1081E000FEFF638C07389306F07F6309DE1A3E8E2C
:1081F0000DBDB305934063910422B367E701638724
:1082000007329387F5FF638107449306F07F638C01
:10821000D520BE859307800363CCB72AFD4763CF83
:10822000B73C930700028D8F3319F700B356BF0098
:10823000B317FF003369D900B337F0003357B700E5
:108240003369F9003308E84041ACB367F801638053
:1082500007349307FEFF638A07209306F07F6308C5
:10826000DE2E3E8E2DBF631E0E149386140093F7F0
:10827000E67F63910734B367E7016395042C63805D
:10828000073EB367F801638E07303309FF01B30778
:108290000701333FE9013386E7019317860063D76F
:1082A0000700B70780FFFD177D8E8544937779001F
:1082B000E39F07E09317D60193583900B3E8F8001D
:1082C000935736001307F07F638DE404B207B18340
:1082D00013F5F47FCE8581B53369F8013339200178
:1082E0007A99B337E9013386E70093178600E3DF15
:1082F00007FA85049307F07F6396F418CE8513057B
:10830000F07F8147814801BDC1EB6384083A931631
:1083100036009317D8018D82B3E8D700F6899357BA
:108320003800B3E7F800F9DB81451305F07FB707A4
:1083300008008148CDB3370680FF7D167D8E937788
:108340007900998CE39507D8B5B74A85EF10103BB3
:1083500013078501FD47E3D5E7D2130685FFB31761
:10836000C900014905BB3369F80133392001DDB18A
:108370003309FF413306074133342F01330486406C
:108380009317840063CD0724B3688900E39308CE74
:108390008147814981441DBFE39808F80E05931772
:1083A000D7010D81B3E8A700935737009DBF0E0595
:1083B0009317D7010D81B3E8A700F28493573700D4
:1083C00011B73305934063820412B7068000930708
:1083D000F07F558F630DF32E9307800363CBA720A7
:1083E000FD4763C3A72A93070002898F3319F7005B
:1083F000B356AF00B317FF003369D900B337F000AD
:108400003357A7003369F9003A987E99B337F901D9
:10841000338607019A84D1BDB70680009307F07FA9
:10842000558FE319F3DE931736008D839318D80127
:10843000B3E81701F68993573800E5B5130715FE21
:108440009306000233D7E700630AD60093060004C0
:108450003386C6403396C7003369C90033392001DB
:108460003369E9000146814491B53309FF01B3073F
:1084700007013336E9013E96931786008544E3D71A
:1084800007E28944B70780FFFD17F18F13571900E2
:1084900013791900336927019398F70133E928010B
:1084A00013D6170015B113090EFE93070002B35639
:1084B0002801630AFE00130900043309C941331976
:1084C0002801B3EF2F013339F0013369D90059B6D0
:1084D0003369E7013339200133892F41B3B72F01C5
:1084E0003306F8409A84F689A5BEB367E701638234
:1084F00007189307F5FF6384071C9306F07F630456
:10850000D5123E85D1BD93070002B387C741B3168C
:10851000F8003399FF0033D6CF01D18E33392001D3
:10852000B357C80133E926013E975DBB9317360068
:108530008D839318D801B3E81701AE8493573800A0
:10854000F68949B3EDC33369F801E31F09DC0E0571
:108550009317D7010D81B368F50093573700D1B356
:108560006381080E931636009317D8018D82B3E805
:10857000D700F6899357380091BB3309FF41B30701
:108580000741333F2F013386E7418544D1BC0E05B7
:108590009317D7010D81B368F500F2849357370024
:1085A00015B30E059317D7010D81B3E8A7009357B4
:1085B000370029BB9307F07FE382F6D43309FF012C
:1085C0003336E901B3070701B2979398F7011359BE
:1085D000190033E9280113D61700B684C1B93389CD
:1085E000EF413307E84033B62F013304C740F68923
:1085F00049B43369E7013339200101BD938705FE92
:1086000093060002B357F700638AD500930600046F
:10861000B385B6403317B700336FEF003339E0014D
:108620003369F90055BD931736008D839318D8012F
:10863000B3E8170193573800EDB1B368C900E39769
:1086400008C68147814959B13389EF41B307E840F2
:1086500033B62F013386C740F689854411B493168B
:1086600036009317D8018D82B3E8D70093573800AE
:10867000B1B9931636009317D8018D82B3E8D700AD
:10868000AA84935738003DB9930705FE930600026C
:10869000B357F700630AD500930600043385A6405C
:1086A0003317A700336FEF003339E0013369F90066
:1086B000A9BB81451305F07FB7070800A9BC3309A2
:1086C000FF01B30707013336F9013E9675B39316E0
:1086D00036009317D8018D82B3E8D700935738003E
:1086E00089B1397193D7450122DC4AD856D22A89FB
:1086F0001394C50006DE26DA4ED652D45AD05ECE8A
:1087000013F5F77F318093DAF501630B05109307BA
:10871000F07F630BF514135AD9010E0433648A00F9
:10872000370A8000336A4401131B3900930415C0D3
:108730000144814B13D846011399C6001378F87F82
:10874000B2881359C90093D9F601630E080893073C
:10875000F07F6300F8041357D6010E09336927012F
:10876000130818C0B70780003367F9009318360064
:10877000B38404418145BD4733C83A0163E4871A95
:10878000979700009387C7140A043E9410403E96C2
:1087900002863367C9009384148063120710136440
:1087A000240081488945C1BF1306F07F81470147F6
:1087B000B207F25062545206B1837E08D18FB3E7FC
:1087C0000701D2544259B259225A925A025BF24BD3
:1087D0003A85BE852161828001481306F07FB70784
:1087E00008000147F1B73367C9004DC76308093076
:1087F0004A8532C4EF1080702246130755FFF547B3
:10880000930685FF998F3319D900B357F60033E7E4
:108810002701B318D60026959304353F8145A1BFA3
:10882000336A240163030A0636C632C46306042A87
:108830002285EF10A06C2246B246AA84130755FF8A
:10884000754A138B84FF330AEA4033146401335AA8
:108850004901336A8A00331B69011305D0C0B30490
:1088600095400144814BF9B5336A240163180A002D
:108870002144014B9304F07F894B6DBD228A4A8BC2
:1088800031449304F07F8D4B75B51144014B814405
:10889000854B4DB51364140081488545E9BD1364CB
:1088A00034004A878D45C1BD630A052E8547898FEF
:1088B0009306800363DDF632014681470147CDBD53
:1088C000CE868947638DF53A8D47E387F5F0854776
:1088D0003688E383F5FE1385F43FE357A0FC93F756
:1088E00078006396072893D638009317770063D8EB
:1088F0000700B70700FFFD177D8F1385044093071E
:10890000E07FE3C3A7EA1316D70193179700B1835B
:108910003367D6001376F57F61BDD6865287DA8835
:10892000DE8545B763614723630DEA20DA86FD14CF
:108930005284014B9317870013D388013363F300EC
:10894000935E0301B357D403131F0301135F0F0199
:1089500093D50601139E88003374D4033307FF02B6
:108960004204C18D63FBE5009A951386F7FF63EE21
:10897000652663FCE526F9179A95998D33D7D503BB
:10898000C206C182B3F5D5033306EF02C205D58D09
:1089900063FBC5009A959306F7FF63E6652463F4CD
:1089A000C52479179A95C20741645D8F9307F4FF38
:1089B0003375F70093580701935F0E01B377FE00FC
:1089C000B302F502B386C540B383F80293D5020122
:1089D0003386AF021E962E963385F80363737600B6
:1089E0002295C168FD18935506013376160142069B
:1089F000B3F81201AA95469663E6B6126382B612E0
:108A00003306CB408D8E333BCB00338B66411385D1
:108A1000F43F630C6317B358DB0393550601337BB4
:108A2000DB03B3061F03420B33EB6501637BDB0003
:108A30001A9B9385F8FF636D6B20637BDB20F9182D
:108A40001A9B330BDB40B356DB0342064182337B78
:108A5000DB03330FDF02420B33666601637BE60103
:108A60001A969385F6FF6367661E6375E61FF9160F
:108A70001A96C208B3E8D8009395080193D208016A
:108A8000C181B38EF5023306E641B385BF0293D6AA
:108A90000E01B387F202BE95AE96B38F5F0263F408
:108AA000F600C167BE9FC165FD1593D70601ED8E27
:108AB000C206B3FEBE00BE9FF696637FF6091A9605
:108AC0009387F8FF6369661A6368F619630FF61BEC
:108AD000BE8893E8180011B54A85EF1020421307AD
:108AE0005501F145930405022246B246E3DAE5D486
:108AF000130485FF331A8900014B85B3328532C4D4
:108B0000EF10C03F13075501F146AA87224613050F
:108B10000502E3D6E6CEE1173317F6008148E5B942
:108B2000E370CBEE729B3335CB011A95AA961305F1
:108B3000F7FF6378D30263E6B6106382D5102A8705
:108B4000C1B5E3651BDF93551B009316FA0113545F
:108B50001A00CD8E7E0BF9BBE31DF6F7E38F06D628
:108B6000B9BFE31ED3FCE378CBFD2A8751BD93F751
:108B7000F8009146E389D7D693B7C8FF938648009B
:108B800093C717008D823E978DB381468547E34C8E
:108B9000A0FEFD58E31C05D0930410C08547138543
:108BA000E441B316A70033D6F8003395A800D18E60
:108BB0003335A000C98E13F676003357F70001CE87
:108BC00093F7F60011466388C70093874600B3B653
:108BD000D7003697BE869317870063D807040546EB
:108BE00081470147F1B636877DBBB28779B3FD4631
:108BF000E3D7F6FA0556098E930600023356C700EE
:108C00006388D7009387E443B317F700B3E8F8000D
:108C1000B3361001D18E13F67600814701CE93F75B
:108C2000F60011460147E392C7FA9317970013160F
:108C3000D701B18313D73600518F014695BEE3703B
:108C4000CBF0729B3335CB011A957917AA964DBBA1
:108C5000AE88C5BBAE8631BD93171E0033BEC701BB
:108C600072931A96F9183E8EE315F6E7E307DEC60F
:108C700093E818009DB1BE88E30AF6FF99BD3688D7
:108C80001306F07F8147014725B6E367DEFCBE8807
:108C9000E310DEFE99B113D74501B7071000FD17A9
:108CA00013D846011377F77F9308F07F33F3B700AB
:108CB0002A8EF58FFD81B28E1378F87FFD826308CE
:108CC0001703630018030DEBB368A30063140800D7
:108CD0005D8E29CA638508046388D502054595ED34
:108CE0008280B3E8C700E38008FE7955828033654F
:108CF000A30065FD630CE802631408005D8E79DE55
:108D0000E39ED5FCE34CE8FC63480701E3E867FC1D
:108D10006303F302637FF30081E57D558280F5DE16
:108D2000054582800145E39B08FA82805D8E69DA01
:108D30006DBF01458280E3E3CEFB0145E372DEFBBC
:108D4000E5F1E1BF13D74501B7071000FD1713D8B0
:108D500046011377F77F9308F07F33FEB700AA8EA2
:108D6000F58FFD81328F1378F87FFD82630E170334
:108D7000630D180129E3B368AE00631F08005D8E20
:108D800001EE0143638C080421A8B3E8C70009433E
:108D9000639608046DD305A0638408046385D50237
:108DA00005438DCD7D531DA8B368AE00094363977D
:108DB0000802630AE802631408005D8E75D2E3912D
:108DC000D5FEE34FE8FC63490701E3EBC7FD630F02
:108DD000FE0001436374FE00F1D505431A858280CD
:108DE000EDFE7D53E5BF5D8E79DACDBFE36ADFFB33
:108DF0000143E3F5EEFFF5F175B739714AD813D9A0
:108E000045014ED652D456D29399C50006DE22DCD7
:108E100026DA5AD05ECE1379F97F2A8A93D9C9000F
:108E200093DAF501630D090E9307F07F6306F918D5
:108E30001354D5018E09B36934013704800033E43B
:108E4000890093143500130919C08149814B13D748
:108E50004601139AC6001377F77FB285135ACA00EA
:108E600013DBF601630B07109307F07F6303F7042E
:108E70009357D6010E0A33EA4701130717C0B70705
:108E80008000B367FA00931536003A99814833C7DA
:108E90006A01BD463A851308190063E8361717962C
:108EA00000001306E6A68A09B29983A60900B296C5
:108EB0008286B367CA001309F97F6399071293E9A1
:108EC000290081458948E1B701479307F07F3704BE
:108ED000080081443204D20731807E075D8C598CB2
:108EE000A285F250625426854259D254B259225A70
:108EF000925A025BF24B216182805A853E84AE8495
:108F0000C68B8947638DFB0E8D47E38FFBFA854740
:108F10002A87639EFB3881470144814465BF33E45F
:108F2000A90061C036C632C4638C092A4E85EF00A1
:108F3000F07C2246B246AA87130755FF75449384F6
:108F400087FF198CB399990033548A003364340134
:108F5000B3149A0013D746011309D0C0139AC60060
:108F60001377F77F3309F9408149814BB285135A52
:108F7000CA0013DBF601E31907EEB367CA00B1C7F5
:108F8000630F0A22528532C4EF00507722462A87A7
:108F9000930655FFF547930587FF958F331ABA005F
:108FA000B357F600B3E74701B315B6003309E940FC
:108FB0001309D9C08148E1BD33E4A90001ECA149FE
:108FC00081441309F07F894B59B593E91900814514
:108FD000854875BD4E84AA84B1491309F07F8D4B35
:108FE000BDB5914981440149854B95B593E9390057
:108FF000D2878D4869BD89475685E397FBF02A875C
:109000009307F07F01448144F1B5C16E1386FEFFE2
:1090100093D6040113DE0501F18CF18D33869502A0
:109020003383B6029358060133059E021A95AA9817
:10903000B382C60363F36800F692C16F1383FFFF28
:1090400033F5670093D30701B3F76800C2073373A2
:1090500066003E933306950293D80801B387A602B3
:10906000135F0601B3849302BE94FA94B38E760222
:1090700063F3F400FE9E416A9307FAFF935F0401D5
:10908000B376F400B3F9F4007D8EC1803384D50249
:10909000C209338FD401B299CE98B307DE02935E32
:1090A0000401B385BF02AE97BE9E330EFE0363F389
:1090B000BE00529EC1679385F7FF33F6BE006D8CEC
:1090C0004206229693DE0E01B305D502769E3385C5
:1090D000AF0213D40501B386D302AA96A296B38F2A
:1090E000F30363F3A600BE9F41657D15B3F7A600A9
:1090F000C2076D8DAA97B3855800B3B93501FA97A9
:10910000B2953384370133B6C500B30EC40133853D
:10911000CE0033343401B3B7E701C18F33BECE0183
:1091200013D406013336C5003E943366CE009394C3
:10913000950032947E94B3E464002604935675013E
:10914000B3349000DD8193179500CD8C558CDD8C68
:109150009317740063DB070093D714008588931678
:10916000F401DD8CD58C058042899307F93F635962
:10917000F00893F6740081CE93F6F40011466388EC
:10918000C60093864400B3B496002694B684931622
:10919000740063D80600B70700FFFD177D8C9307A6
:1091A00009409306E07F63CFF60E93D63400931404
:1091B000D4012604D58C318093F7F77F21BB32850B
:1091C00032C4EF00B05393065501F147130705026F
:1091D0002246E3D1D7DC6115B317A6008145F9B368
:1091E000EF00D05113075501F145930705022246C0
:1091F000B246E3D5E5D461153314AA00814499BB86
:1092000085469D8EB1E71309E941B3972401B3D494
:10921000D40033192401B337F000B3649900DD8C16
:1092200093F77400B356D40081CF93F7F40011463E
:109230006388C70093874400B3B49700A696BE84A2
:109240009397860063D8070485470144814459B148
:1092500013068003E341D6CC7D46E356D6FA055685
:10926000B307F640930500023356F4006387B60057
:109270001309E943B3172401DD8CB3349000D18C7A
:1092800093F67400014499CA93F7F400114681469D
:10929000E392C7FA139496003180F6068D80D58C40
:1092A00081470DB99307F07F0144814425B142897C
:1092B0006DBD370710007D1701113373B70093D8C8
:1092C0004601758F935ED60122CC26CA0E0393D435
:1092D00045019357D5010E0706CE4AC84EC693F8EE
:1092E000F87F130EF07F33E7EE0093F4F47F13D48E
:1092F000F50133E36700131F3500FD82931E36002E
:109300006380C81993C61600B38514416305D4124F
:109310006351B018638B081AB70780005D8F6381B3
:10932000C4599307800363C4B734FD4763C5B74886
:10933000930700028D8FB3D9BE003318F700B39E98
:10934000FE00336838013357B700B339D0013368B2
:1093500038013303E340B3090F41B3373F0133060C
:10936000F3409317860063D30724370980007D19E3
:1093700033792601630F092C4A85EF003038130733
:1093800085FF93070002998FB3D7F9003316E900E0
:10939000D18FB399E9006344972A058F130617000C
:1093A000FD4663C5C63A13070002118FB3D6C90044
:1093B0003398E9003397E700558F33380001B369DC
:1093C000070133D6C700814493F7790081CF93F624
:1093D000F90091476388F6009386490033B8360157
:1093E0004296B6899317860063D6071C138714002C
:1093F0009307F07F05886306F720B70780FFFD1706
:10940000F18F1398D70193D93900A6073368380133
:10941000B1831377F77F9396C7005207B1827E041A
:10942000D98EC18EF2406244D2444249B24942854B
:10943000B685056182806356B00A638A0812B70751
:1094400080005D8F6387C42D9307800363C7B718BF
:10945000FD4763D2B73C138805FE93070002B3595A
:109460000701638AF50093070004B385B7403317FB
:10947000B700B3EEEE003338D0013368380195A25F
:10948000B367D7019385148099E393C61600630AE6
:10949000D404D1E19387140093F7E77F6399071E03
:1094A000B367E3013368D701639204166382073C14
:1094B00063160842131835009316D3011358380069
:1094C00033E806019357330019A2B367D7016385C8
:1094D000071A9387F5FF638B073A638CC523BE8514
:1094E00089B56399051C9386140093F7E67FC1EF55
:1094F000B367E30163900436638D0744B367D70114
:10950000639407460E051318D3010D813368A80034
:10951000935733006DA8B385984063970420B367D1
:10952000E301638D07309387F5FF638907401305D7
:10953000F07F6383A520BE859307800363C2B72AAB
:10954000FD4763C8B73C930700028D8F3318F300C3
:109550003356BF00B317FF003368C800B339F000BB
:109560003353B3003368380133076740B5ACB36792
:10957000D701638307109387F5FF638F071E63800E
:10958000C52FBE85D1B59307F07F638BF606FA9E93
:1095900033B6EE01B307E300B2971398F70193DEF9
:1095A0001E00B369D80113D61700B68493F779006B
:1095B000E39F07E09317D60113D839003368F8000A
:1095C000A685935736001307F07F6380E506B20740
:1095D000B18313F7F57F05883DBD3367D701333875
:1095E000E000B309E801B3B7E901338667009317D8
:1095F0008600E3DD07FA85049307F07F639CF41887
:1096000005881307F07F8147014831B56391071042
:109610006301083C131836009317D701135838001C
:109620003368F800368493573700B367F800E9DBF6
:1096300001441307F07FB70708000148E9BB37066C
:1096400080FF7D167D8E93F77900998CE39107D882
:1096500095B74E85EF00900A13078501FD47E3D2C9
:10966000E7D2130685FFB397C90081492DB333684C
:10967000D70133380001C5B1131835009317D30152
:10968000135838003368F800935733002DBFB309DF
:10969000DF413309E34033363F013309C9409317B3
:1096A000890063CA072033E82901E31508CC814704
:1096B000014431BFB385984063810414B70680002C
:1096C0009307F07F3363D3006381F820930780030F
:1096D00063CCB722FD4763C9B72C930700028D8F77
:1096E0003318F300B356BF00B317FF003368D80038
:1096F000B339F0003353B300336838011A97B30914
:10970000D801B3B7D9013386E700C684CDB5E311DC
:1097100008F2131835009317D30113583800336833
:10972000F8009357330011B7370580009307F07F97
:109730003363A300E392F8E00E061318D7010D82FD
:109740003368C800935737003684C5B505179306AC
:10975000000233D7E700630AD6009306000433867D
:10976000C6403396C700B3E9C90033383001B36946
:10977000E800014681441DBDB309DF01B307E300E2
:1097800033BFE9013386E701931786008544E3DFA1
:1097900007E08944B70780FFFD17F18F13D7190041
:1097A00013F81900336807019399F701B3E9090128
:1097B00013D6170011B9138805FE93070002B35999
:1097C0000701638AF50093070004B385B740331798
:1097D000B700B3EEEE003338D00133683801A5BED0
:1097E0003363E30133386000B3890E41B3B73E0100
:1097F0003306F740C6843684ADB6B367E3016387AA
:1098000007189387F5FF638C071C9306F07F638E20
:10981000D50ABE8565BD930700028D8FB3D9BE0002
:109820003318F700B39EFE00336838013357B70092
:10983000B339D001336838013A9365B31318360051
:109840009317D7011358380033E80701368493572C
:10985000370095BBBDCB3367D701E31B07DC0E0593
:109860001318D3010D813368A8009357330075BBDB
:10987000E30F08E2131836009317D7011358380086
:109880003368F80036849357370091B3B309DF414A
:10989000B307E340333F3F013386E7418544D1B40A
:1098A000131835009316D3011358380033E8060116
:1098B000935733009DBBB389EE413306674033B9FC
:1098C0003E0133092641368475B40E061318D701BC
:1098D0000D823368C8009357370081BBB309DF415D
:1098E000B307E34033363F013386C7409317860002
:1098F00063D7070AB389EE41B3076740B3BE3E01A1
:109900003386D7413684C9B43363E301333860000A
:10991000FDB3138805FE93070002B3590301638A60
:10992000F50093070004B385B7403313B300336FDA
:109930006F003338E001336838017DB5B389EE41FB
:10994000B3076740B3BE3E013386D74136848544B2
:1099500009BC131836009317D70113583800336821
:10996000F80093573700A5B1B309DF01B307E3004F
:1099700033BFE9013386E70193178600E3D807C2B6
:10998000B70780FFFD177D8E85440DB10E061318B5
:10999000D7010D823368C800935737002DB133E8E3
:1099A000C900E30608D019B1138805FE9307000229
:1099B000B3590301638AF50093070004B385B740E8
:1099C0003313B300336F6F003338E001336838016D
:1099D0003DB301441307F07FB70708002DBCB3095E
:1099E000DF01B307E300B3BED9013386D70169BBFA
:1099F00013D74501B7071000FD171347F7FF13D81A
:109A00004601FD8DF58F931657011378F87F99CA9B
:109A10001307F07F01456303E8008280D18F33355F
:109A2000F0008280C98D0545E5D5828093D7450138
:109A3000B70610001387F6FF93F7F77F1306E03F92
:109A40002A886D8F0145FD816354F60099C182809B
:109A500082801306E0417D55E34BF6FE130530434B
:109A60001D8D7D46558F634AA6009387D7BE331759
:109A7000F7003355A800598D828013053041B30794
:109A8000F5403355F7008280411106C622C426C234
:109A900005CD9357F541B3C4A7009D8C2A84268534
:109AA000B1299306E041898EA9477D8093F6F67F20
:109AB00063CDA7022D47098FB3D7E4005505B20740
:109AC000B394A400B18329A0014481468147814415
:109AD000B207D206B1837E04D58FC18FB240224433
:109AE0002685BE859244410182805515B397A40016
:109AF000B207B1838144E9BF15CD411122C406C626
:109B00002A84ED2E9306E041898EA94793F6F67FCD
:109B100063DCA7025515B317A400B207B183014750
:109B2000B2402244B207D206B183D58F3A85BE85B2
:109B30004101828081478146B207D206B183014745
:109B4000D58F3A85BE8582802D47098FB357E400B3
:109B5000B207130755013317E400B183D1B7B367D8
:109B6000B5009DCF411122C426C24AC006C6AA84B0
:109B70002E892E84A1C12E8551269306E043898E1D
:109B80009307304363C4D7069317C9002D46268731
:109B900093F6F67FB183635CA60C130655FF0DA800
:109BA00081478146B207D206B1830147D58F3A85F6
:109BB000BE858280A1262A869306E043130505020E
:109BC000898E1307A00293F6F67F634CA70C550607
:109BD0001307B002098FB317C90033D7E4005D8FB4
:109BE0009317C700B1833397C40051A09307604314
:109BF00063D9D70213078501930785036347070CD1
:109C00003396E40001472144098C518F930704FEE9
:109C10003337E00063CF0708B354F9008147D98C8C
:109C20003E84A14763C1A706370780FF7D1713F65F
:109C30007400B377E40005C613F6F40091456300A1
:109C4000B60213864400B3349600A6979395870016
:109C500063D905089306F043F98F898EB284139770
:109C6000D7018D80A607458FB18393F6F67FB2406A
:109C70002244B207D206B183D58F924402493A8575
:109C8000BE854101828013078002130685FF098F7C
:109C900033D7E400B317C4003364F700B394C400AF
:109CA00061B7930756FFB397F400B207B18301473A
:109CB0007DBF7D4693171900018EB397C700B3D4BB
:109CC0008400DD8CB357890099BF7D461D8E13D764
:109CD00014003357C7003316F900598E3397F40038
:109CE0001DB7B284ADBF135775011377F70F41113C
:109CF0009307170022C426C21314950006C693F7D3
:109D0000E70F25809354F50185C793573400130757
:109D100007387604B2075207B1831395F401D98F3F
:109D2000C98FB240228522449244BE85410182807F
:109D300005EB39C42285D922A94763C6A7042D475C
:109D4000098F930755013357E4003314F400931738
:109D5000C70013079038098FB1831377F77F5DBF72
:109D600001CC13573400B7070800D98FB207760427
:109D7000B1831307F07F79BF1307F07F814759BF85
:109D80000147814741BF130755FF3317E4000144E2
:109D90007DBF93D645019397C50093F6F67FB183B7
:109DA000138616008E071357D5011376E67FFD81C3
:109DB0005D8F9318350035CE138806C89307E00FE2
:109DC00063DD07018147139597009306F00FDE06C8
:109DD0002581FE05558D4D8D82806355000B9317AF
:109DE00065000E07B337F000D98F93D8D801B3E7D9
:109DF000170113F777006301071013F7F700914677
:109E00006303D7009107370700047D8F75C71307D9
:109E100018001306F00F9376F70FE305C7FA9A07B9
:109E2000A58313959700DE062581FE05558D4D8D82
:109E30008280B367170199EE85CF95479A07A5836E
:109E40001395970093F6F60FDE062581FE05558DD6
:109E50004D8D8280A5DBB7074000139597009306D0
:109E6000F00FDE0681452581FE05558D4D8D8280E2
:109E70008147139597008146DE062581FE05558DA5
:109E80004D8D8280A5576348F804F9473706800056
:109E9000B38707417D45598E6351F50479573307E0
:109EA0000741130500023357E6006388A700938635
:109EB00026CAB316D600B3E8D800B3371001D98F3D
:109EC00013F77700014815FB139757008546E348C1
:109ED00007F48146A5B781468DB7938626C8339788
:109EE000D8003337E000B316D600B3D8F800B36714
:109EF000D700B3E7F800E9B7C28689B7C167637EC8
:109F0000F5029307F00F1307000263ECA700978791
:109F100000009387E7A3AA9703C507003305A7406E
:109F20008280218197870000938787A2AA9703C523
:109F3000070061473305A7408280B7070001636EC1
:109F4000F500618197870000938787A0AA9703C5D2
:109F5000070021473305A740828041819787000091
:109F60009387079FAA9703C5070041473305A7407A
:109F70008280938781869C434111328806C6AA88D5
:109F80002E87C847368697870000938767AC63178C
:109F90000800976700009387271B3E88C686978531
:109FA00000009385E5AB3920EF10C01793878186B9
:109FB00088438280397132D436D63EDA3AD842DCD0
:109FC00046DE938781862E86AA858843341006CE86
:109FD00036C6892AF2402161828001476314E60077
:109FE00001458280B307E5000507B386E50083C716
:109FF000070083C6F6FFE383D7FE3385D740828010
:10A00000B3C7A5008D8B3307C50081E78D4763EE8D
:10A01000C700AA876370E50A83C605008507850522
:10A02000A38FD7FEE3EAE7FE828093763500AA8706
:10A0300091CA83C6050085078505A38FD7FE93F6D1
:10A040003700FDB79376C7FF138606FE63F0C70699
:10A0500083A3050083A2450083AF850003AFC5003D
:10A0600083AE050103AE450103A3850183A8C501A5
:10A070009385450223A0770003A8C5FF23A25700BC
:10A0800023A4F70123A6E70123A8D70123AAC70128
:10A0900023AC670023AE17019387470223AE07FF67
:10A0A00075B790419107910523AEC7FEE3EBD7FE4C
:10A0B000E3E4E7F682801C46FD171CC663DA07005E
:10A0C000184E63C5E700A9476394F5006F00106858
:10A0D0001C422E851387170018C22380B700828088
:10A0E000011122CC26CA4AC84EC652C406CE2A89BD
:10A0F000AE893284B304D6007D5A631494000145BE
:10A1000011A8834504004E864A85EFF0DFFA050466
:10A11000E31545FFF2406244D2444249B249224A23
:10A1200005618280357122CD26CB4AC94EC706CF44
:10A1300052C556C35AC1DEDEE2DCE6DAAA89AE8435
:10A140003289368409C51C4D99E3EF10507A978700
:10A150000000938727A0639DF40C83A4490083D754
:10A16000C400A18BE5CB9C48F5C793070002A3046C
:10A17000F1029307000302D22305F10222C6930BDA
:10A180005002978A0000938AAA90054C294B4A8472
:10A190008347040099C36392770FB30C2441638E05
:10A1A0000C00E6864A86A6854E85EFF07FF3FD57C4
:10A1B0006306F51E9256E69636D283470400638FF7
:10A1C000071CFD571309140002C802CE3ECA02CC78
:10A1D000A309010482D48345090015465685EF2062
:10A1E000801A13041900C24759E913F7070109C778
:10A1F00013070002A309E10413F7870009C7130737
:10A20000B002A309E104834609001307A00263809A
:10A21000E608F2474A848146254603470400930531
:10A220001400130707FD6379E60AB5CA3ECE85A878
:10A2300097870000938707946395F40083A48900AF
:10A2400039BF978700009387E78EE39AF4F083A4E1
:10A25000C90031B7A6854E85EF00B05B19D57D5595
:10A26000FA406A44DA444A49BA492A4A9A4A0A4BA5
:10A27000F65B665CD65C0D618280050411BF330518
:10A2800055413315AC00C98F3EC82289A9B7324762
:10A2900093064700184336C6634907023ACE034780
:10A2A00004009307E002631FF704034714009307B9
:10A2B000A002631BF702B2470904138747009C43BF
:10A2C0003AC663C107023ECA35A83307E04093E7A8
:10A2D00027003ACE3EC8E1B7B387670385462E8490
:10A2E000BA9725BFFD57C5B7050402CA8146814705
:10A2F00025460347040093051400130707FD637800
:10A30000E606F1F2834504000D46177500001305BB
:10A31000A578EF20400711CD977700009387C77786
:10A320001D8D93070004B397A700424505045D8D7A
:10A330002AC88345040019461775000013050576E1
:10A34000130914002304B102EF20E00325C197078D
:10A3500000009387C71E95E74247B247137707105F
:10A3600009CF91073EC69257D2973ED20DB5B3871B
:10A37000670385462E84BA97ADBF9D07E19BA10771
:10A38000D5B77800970600009386C6D526860C08B8
:10A390004E856522FD572A8AE317F5FC83D7C40052
:10A3A00093F70704E39D07EA12555DBD7800970611
:10A3B0000000938626D326860C084E85B927D9BF80
:10A3C000797122D44AD052CC56CA5AC806D626D25F
:10A3D0004ECE3A8AAE8A32843689428B0147635820
:10A3E0000600370700803344C7001307D0022380DC
:10A3F000E70093F4F8FD930760048D466388F4004A
:10A400009307500489466393F4000509DA8793089B
:10A41000C100130881004A87D6852286EF00306587
:10A4200093077004AA896396F400137A1A00630AEA
:10A430000A0493076004338A29016397F40203C76F
:10A44000090093070003631EF70001468146568505
:10A45000A285EF20307211C585473389274123201B
:10A460002B0183270B003E9A014681465685A28523
:10A47000EF20507011E152C613070003B24763E2A8
:10A480004703B2474257B2502254B38737411CC3E7
:10A490004E8592540259F249624AD24A424B456172
:10A4A00082809386170036C62380E700C1BF230051
:10A4B000C500130725009307B00263D60500B30556
:10A4C000B0409307D002A300F500A54763DAB704B4
:10A4D00041119307F100BE88294813033006B3E603
:10A4E00005031386F7FF93860603A38FD7FEB3C633
:10A4F0000503634DB30093860603F917A30FD6FE39
:10A5000063E917013305A74041018280B287B68510
:10A51000F9B7850783C6F7FF0507A30FD7FECDB7A9
:10A520009307000313074500938505032301F500F6
:10A53000A301B5003305A740828019713ACE86DEAB
:10A54000A2DCA6DA2E84CAD8CED6D2D4B689DAD086
:10A55000DECEE2CC3289D6D2E6CAEAC8EEC6AA84FA
:10A56000EF107050832B05005E85EF00101D032B4C
:10A570000400724702DC93760B102A8C034A840194
:10A580001C43F1CA9386470014C39C4308109843A8
:10A590003AD0D8433AD298473AD4DC473ED6EF2057
:10A5A000906A28C46CC4832CC40417770000130776
:10A5B000674F832A8404032D0700832D4700939758
:10A5C0001C0085836A86EE865685BE853ECEEFF0FA
:10A5D0002FC241EDF2476A86EE865685BE85EFE0D2
:10A5E0006FF66354A008014681465685E685EFE084
:10A5F0006FF5635605009307D002A301F404930797
:10A600007004977A0000938A6A4A63F64701977A42
:10A610000000938AEA49137BBBFF8D472320640126
:10A620001CC8014B4E87CA867018A2852685C12E8C
:10A63000FD5C631E95157D55F6506654D6544659FB
:10A64000B659265A965A065BF64B664CD64C464D82
:10A65000B64D096182809D07E19B9386870014C3F4
:10A660009843DC4338C47CC43DBF5686E686568595
:10A67000E685EFF0EFB711CD93077004977A0000ED
:10A68000938A4A43E3F947F9977A0000938ACA42CA
:10A6900059B75C407D57137DFA0D6395E7089947DC
:10A6A0005CC0544013670B403C18D6853EC018C0B0
:10A6B0009307310302C2D2881308410366862685B8
:10A6C000EFF01FD093077004AA8AD255631BFD00D8
:10A6D000F55763C5F5005C4063D8B708791A137A5B
:10A6E000FA0F9307500663E64705FD1552861305DA
:10A6F00004052EDAEFF0BFDB625785462A8BB307DD
:10A70000A7001CC863C5E6001840058B19C3850760
:10A710001CC883473103E38707F09307D002A301E6
:10A72000F40409B713077004E31DEDF6BDFB85477C
:10A7300085BF93076006631BFA025C40635BB00051
:10A740000CC881E71840058B09CF8507AE971CC858
:10A7500009A889E718408546058B19C39386270009
:10A7600014C82CCC014B75B7130A7006E25763C9A5
:10A77000F5001C400CC8858BEDD793871500C1BF31
:10A7800005476344B00009470D8FBA97C9B71C400D
:10A7900013F7074015E314485686CA852685829923
:10A7A000E30B95E91C40898B63960724F2574844D4
:10A7B000E354F5E83E8549B513075006637B471916
:10A7C00028446C4401468146EF20D03A39E9854659
:10A7D000174600001306066ECA8526858299E30C8B
:10A7E00095E55257E2576345F7001C40858BDDDB4A
:10A7F000E2865E86CA8526858299FD57E30DF5E2DD
:10A80000014A930AA4017D5BE257FD17E35CFAF865
:10A8100085465686CA8526858299E30E65E1050A36
:10A82000E5B7D2576346F006854617460000130683
:10A830006668CA8526858299E30F95DFD2576257ED
:10A84000D98F81E71C40858BB1DFE2865E86CA85A1
:10A8500026858299FD57E300F5DE014A130BA4011A
:10A86000FD5BD257B307F040634BFA00E2565686C1
:10A87000CA8526858299FD57E316F5F26DBB85469C
:10A880005A86CA8526858299E30775DB050AD1BFFA
:10A890003C4C625A63D347013E8A635A4001D286D8
:10A8A0005686CA8526858299FD57E306F5D8814CE0
:10A8B000130DA401FD5D09A885466A86CA85268513
:10A8C0008299E30AB5D7850C032B8405D28763539D
:10A8D0000A008147B307FB40E3C0FCFE5257E25732
:10A8E000634DF7021C40858B8DEBE2575257338A3C
:10A8F000E7406344EB00338A6741635B4001D286E3
:10A9000033866A01CA8526858299FD57E305F5D20B
:10A91000814A130BA401FD5B15A0E2865E86CA8501
:10A9200026858299FD57E312F5FC31B385465A8698
:10A93000CA8526858299E30075D1850A5257E25768
:10A94000998F528763530A000147998FE3C0FAFE3B
:10A9500091BDE25605476344D700858BB5C7854650
:10A960005686CA85268582997D5AE30645CDE286BC
:10A970005E86CA8526858299E30F45CB28446C44C0
:10A9800001468146EF20101F1DC9E25613861A00AA
:10A99000CA85FD1626858299E30F45C9DA86130616
:10A9A0000405F9B585465686CA8526858299E3044D
:10A9B00075C9050AE257FD17E346FAFEC5B7014A15
:10A9C000930AA401FD5BFDB785465686CA85268598
:10A9D0008299E31595FD85B185465686CA852685FB
:10A9E0008299E30A65C5050A5C447257998FE3456D
:10A9F000FAFE6DBB014A930A94017D5BF5B779714C
:10AA000056CA9C49BA8A984522D426D24ECE52CCF8
:10AA100006D64AD05AC85EC6AA892E84B284368A1F
:10AA200063D3E700BA879CC00347340419C3850782
:10AA30009CC01C4093F7070281C79C4089079CC0BB
:10AA40000329040013796900631A0900130B9401A8
:10AA5000FD5B5C449840998F634CF9041C4083462D
:10AA6000340493F70702B336D000A5EB1306340481
:10AA7000D2854E85829AFD576303F5041C4011462A
:10AA80009840998B544481446397C700B384E6404F
:10AA900063D3040081441C4418486354F700998F21
:10AAA000BE94014969047D5B63982405014509A8AA
:10AAB00085465A86D2854E85829A631E75017D55DC
:10AAC000B250225492540259F249624AD24A424B3D
:10AAD000B24B456182800509ADBF3307D400130630
:10AAE0000003A301C7040347540493871600A297E9
:10AAF0008906A381E7049DBF85462286D2854E85BF
:10AB0000829AE30E65FB050945B7797122D426D2F6
:10AB10004AD04ECE06D652CC56CA5AC8B68983C63B
:10AB20008501930790063289AA842E841386350402
:10AB3000638DF60263E2D706930780056389F618F2
:10AB400063EDD7006382062293073004638FF60A11
:10AB5000930A24042301D404D1A09307300663860A
:10AB6000F60A93074006E395F6FE1C40084393F669
:10AB7000070893054500CDC61C410CC363D80700E8
:10AB80001307D002B307F040A301E4049776000056
:10AB90009386C6F2294775A8930700076385F616C2
:10ABA00063E5D7029307E006638CF6189307F00677
:10ABB000E390F6FA0C401C4313F805081385470090
:10ABC0006308080608C39C4395A893075007E383CE
:10ABD000F6FE93078007638CF61293073007E3991C
:10ABE000F6F61C43D04181459386470014C383AADF
:10ABF00007005685EF10207901C53305554148C03F
:10AC00005C401CC8A301040471A81C43930A2404DB
:10AC1000938647009C4314C32301F4048547D5B7AA
:10AC200093F607041C410CC3B1DAC207C187B9B758
:10AC300093F5050408C3C1D983D707001307F006AD
:10AC40006388E60E97760000938646E72947A301BE
:10AC500004044C400CC463C5050008406D9908C04D
:10AC600099E3B28A91CDB28AB3F5E702FD1AB6959F
:10AC700083C505002380BA00B3D5E70263F0E70C73
:10AC8000A147631EF7001C40858B91CB58401C48A0
:10AC900063C7E70093070003A38FFAFEFD1A33068C
:10ACA000564110C84E87CA867000A2852685EFF0EF
:10ACB0001FD57D5A631E450B7D55B25022549254C8
:10ACC0000259F249624AD24A424B45618280A382CC
:10ACD000D50497760000938666DE0C40084313F88F
:10ACE00005081C411105630D080208C313F7150080
:10ACF00001C793E505020CC04147B1FB0C4093F539
:10AD0000F5FD0CC0A9B79C4193E707029CC19307CE
:10AD10008007A302F40497760000938666DB75BF74
:10AD200013F8050408C3E30308FCC207C1837DBF11
:10AD300097760000938686D8214711BFAE872DB73E
:10AD400094411C43CC4913F8060813854700630659
:10AD5000080008C39C438CC301A808C393F60604EB
:10AD60009C43F5DA2390B70023280400B28A1DBF64
:10AD700014485686CA8526858299E30F45F31C4000
:10AD8000898B8DE7B2474844E359F5F23E8535B7E4
:10AD900085465686CA8526858299E30F65F1050AA0
:10ADA0005C443247998FE345FAFEE9BF014A930AB2
:10ADB00094017D5BF5B739713EDA2ED232D436D6A6
:10ADC0003AD842DC46DE9387818622CC804326CA6D
:10ADD00006CEAA8411C41C4C81E72285EF102031D5
:10ADE0000C4454102686228536C6EFF0AFB3F240ED
:10ADF0006244D24421618280011126CA4AC806CE2B
:10AE000022CC4EC652C4AA842E8909C51C4D99E392
:10AE1000EF10E02D9C4C804481E72685EF10202D1B
:10AE200097770000938707D3631CF402C0408357D1
:10AE3000C400A18BB1C71C48A1C7FD59294A1C44B5
:10AE400083450900FD17B1E91CC463DE07062286AD
:10AE5000A9452685E528FD576308F502294535A053
:10AE600097770000938707D16314F4008044C1B73B
:10AE700097770000938707CCE31BF4FAC04445BFE3
:10AE8000A2852685792255D97D55F2406244D24467
:10AE90004249B249224A056182801CC4050963D730
:10AEA0000700184C63CBE700638945011C401387FA
:10AEB000170018C02380B70059B72286268579204D
:10AEC000E31F35F7D1B71C401387170018C0294777
:10AED0002380E70061B793878186AA8588436FF056
:10AEE000BFF135713ECBB707008093C7F7FF3ECE69
:10AEF0003EC8C1779387872032C536C73AC942CD4D
:10AF000046CF3ECA938781862AC42ACC884334011F
:10AF10002E862C0086DE36C2EF10F06AA247238010
:10AF20000700F6500D618280AA8703C705008507D8
:10AF30008505A38FE7FE75FB8280AA87850703C777
:10AF4000F7FF6DFF3385A7407D158280011122CC6C
:10AF500026CA4AC806CE4EC6AA842E89328409C59E
:10AF60001C4D99E3EF10A01897770000938787BED8
:10AF7000631BF406C0401C4C1CC48357C400A18B47
:10AF8000D9C31C48C9C31C4808409379F90F1379E9
:10AF9000F90F1D8D5C486347F500A2852685EF10EB
:10AFA000E00235E51C440505FD171CC41C40138751
:10AFB000170018C0238037015C486389A7008357B6
:10AFC000C400858B89CBA9476317F900A285268524
:10AFD000EF00D07F0DEDF24062444A85D2444249F1
:10AFE000B24905618280977700009387A7B8631400
:10AFF000F400804449B7977700009387A7B3E31C18
:10B00000F4F6C0448DBFA285268521202DDD7D5913
:10B01000D9B741119387818626C2844322C44AC08E
:10B0200006C62A892E8491C49C4C81E72685EF10A0
:10B03000000C977700009387E7B1631CF402C040CF
:10B040000317C40093170701C18393F68700BDEE71
:10B0500093F607019DEEA5472320F9001367070427
:10B060002316E4007D55B240224492440249410136
:10B070008280977700009387E7AF6314F4008044E1
:10B08000C1B7977700009387E7AAE31BF4FAC0449F
:10B0900045BF918B95C74C5891C99307440463856C
:10B0A000F5004A85EF105026232A04028357C40076
:10B0B0002322040093F7B7FD2316F4001C481CC09C
:10B0C0008357C40093E787002316F4001C4889EFD8
:10B0D0008357C4001307002093F707286386E7000F
:10B0E000A2854A85EF10401F8357C40013F717004D
:10B0F00005C75C4823240400B307F0401CCC1C485F
:10B100000145B5F38317C40013F7070829DF93E758
:10B1100007042316F400B9B7898B014791E3584817
:10B1200018C4F1BF4111194506C6EF10F07A054564
:10B13000EF20405A011122CC1C49804906CE26CA74
:10B140004AC84EC652C456C263C187127D14131832
:10B15000240093894501338A0901130945014A985E
:10B1600083270A00032708008507B354F7026366A4
:10B17000F706C1684E834A8E814E014FFD181103B8
:10B180000326C3FF110E337716014182330797025E
:10B1900033069602769793560701B3771701B307E4
:10B1A000FF4036968326CEFF935E06013376160166
:10B1B00033F71601BA97C18213D70741918EBA9619
:10B1C00013DF0641B3F71701C206D58F232EFEFE0B
:10B1D000E3776AFA83270800BDCBAA8AEF10E070F4
:10B1E0006349050441668504CA8501457D169109B8
:10B1F00003A8C9FF98419105B376C800158DB376B1
:10B20000C700AA96935707011358080113D70641A0
:10B21000B3870741BA9713D50741F18EC207D58F7F
:10B2200023AEF5FEE3753AFD93172400CA979843C1
:10B230001DC72685F2406244D2444249B249224A9F
:10B24000924A056182808327080089E77D1471187E
:10B25000E36B09FF00C951B7984309E77D14F11763
:10B26000E36CF9FE23A88A00E9B70145E1B77571DF
:10B270003ED85C5122C526C34AC1CEDED2DCE2D420
:10B2800006C7D6DADAD8DED6E6D2EAD0EECE36C2B5
:10B290003AC646CAAA842E843289C2892E8A328C42
:10B2A00089EF4145EF10600DC8D02322050023240B
:10B2B00005002320050023260500DC508C4389CDA2
:10B2C000D84385472685B397E7009CC5D8C1EF10C2
:10B2D000401ADC5023A00700635309048547131C60
:10B2E000190023A0F900135C1C00B707F07F337727
:10B2F000FC006314F70642578967320C9387F77096
:10B30000135CCC001CC3336C8C00E3050C32D247B9
:10B3100091EB977700009387A7813EC039A823A0BF
:10B320000900E1B797770000938787803EC0977741
:10B3300000009387178052471CC3BA402A44024535
:10B340009A440A49F659665AD65A465BB65B265C59
:10B35000965C065DF64D49618280014681462285F4
:10B36000E28522CE62D4EF20E00005E14257854716
:10B370001CC3974700009387E7B33EC0D247D5DF91
:10B3800097470000938717B37DB7B800F400628633
:10B39000A285268513594C01EF1060671379F97F58
:10B3A000AA89A64A630D0910A2577245130919C04C
:10B3B0009395C700B181B707F03FDD8D02DC976739
:10B3C0000000938727729043D443EFD09FEE976796
:10B3D00000009387A7719043D443EFD01FA29767D3
:10B3E0000000938727719043D443EFC09FBC2A8B02
:10B3F0004A85AE8BEFE04FE99767000093870770AF
:10B400009043D443EFD07F9F2A86AE865A85DE854F
:10B41000EFC03FBA2A8BAE8BEF10707C2A840146B6
:10B4200081465A85DE85EFD0FF91635B050022855A
:10B43000EFE08FE55A86DE86EF10D07311C17D14E0
:10B440000547D9473AD663E3870213173400976755
:10B4500000009387A776BA979043D4437245A255CC
:10B46000EFD05F8E635305007D1402D633892A41E5
:10B47000930BF9FF014B63D60B00054B330B2B41AC
:10B48000814B634E0406A29B22CC814A1247A547FA
:10B4900063E5E7149547854C63D6E7009307C7FF3C
:10B4A0003EC2814C12478D47630EF71063CFE7040D
:10B4B000894702C8630DF70685473EC88DA0364907
:10B4C0009307000256991307294363D5E702130532
:10B4D0000004198D930729413315AC003354F4004F
:10B4E000418DEFE06FE1B70710FEBE9585477D19EE
:10B4F0003EDCF1B53385E7403315A400DDB7330BEF
:10B500008B40B30A804002CC51B712479147630E7B
:10B51000F70005473AC8124795476306F70AFD57F3
:10B520003EC4FD5DC94702C619A885473EC8B2475B
:10B530006348F00A854705473EC4854D3AC603A9CE
:10B54000440211472322090093064701832549003D
:10B5500063FCD7082685EF005069DC502320A90042
:10B560009C433EC0B94763E6B71D63840C1C635E11
:10B57000800A9377F40013973700935C44409767F1
:10B5800000009387A763BA9793F60C019843094983
:10B59000DC4385C6976600009386C65F905272456D
:10B5A000D452A2553AD03ED2EFD0AF930257925721
:10B5B00093FCFC002A8A2E8C0D49176D0000130D98
:10B5C0006D5D89A802C8B247A2973EC4938D17004B
:10B5D000EE87E346B0F785479DB7854C02C2E9BDCB
:10B5E000B2473EC4BE8DA1BF85052322B900060720
:10B5F000A1BF93F61C0081CE03260D0083264D00CB
:10B600003A85BE85EFD06FFF05092A87AE8793DCA8
:10B610001C40210DE39F0CFC3A86BE865285E285D4
:10B62000EFD02F8C2A8A2E8C81A0094915CCB30C1F
:10B63000804093F7FC0013973700976700009387CB
:10B64000E757BA979043D4437245A25593DC4C40D8
:10B65000176D0000130D0D54EFD02FFA2A8A2E8C8F
:10B660008147639C0C12DDFFB2576387071417678D
:10B67000000013072749104354435285E28552D0F6
:10B68000EFD04FEC635A0512638B0D12A247635043
:10B69000F00A172700001307674D825710435443E1
:10B6A0003E85E285EFD06FF5A247130DF4FF2A8A9D
:10B6B0002E8C050962874A853EDE52DABA8C3AD072
:10B6C000EFE08FBC525802573709C0FC4286BA8659
:10B6D000EFD0AFF297660000938646439042D44283
:10B6E000528CEFC01F8DF2572A8A2E99E1EF97678F
:10B6F000000093872742525802579043D443428513
:10B70000BA85EFD01FBB5286CA862A8CAE8CEFD08A
:10B710008FD8634AA054B7070080B3C72701528669
:10B72000BE866285E685EFD0EFE1634B0552724A33
:10B73000225CB64763C70730394763448730131725
:10B7400034009767000093876747BA9703AB0700F9
:10B7500083AB4700B24763D207206340B0216391B7
:10B760000D50976700009387E73A9043D4435A857A
:10B77000DE85EFD08FE85286E286EFD0CFD1814AC6
:10B7800001496357054A824702470504138A170097
:10B79000930710032300F70045A113F71C0009CB02
:10B7A00003260D0083264D000509EFD00FE58547E0
:10B7B00093DC1C40210D75B5228DEE87E5BD228DF1
:10B7C0008147CDBD9386F7FF13963600976600003C
:10B7D0009386C63EB2968842CC428246B6973EDAFF
:10B7E000C247E9C397670000938747332A86AE862E
:10B7F0008843CC434ADE52D0EFC0BFEE02587257A6
:10B8000017290000130989364286BA86EFD07FAA2D
:10B81000024A2AD02ED2E6856285EF10503C2ADEFD
:10B82000EFE08FA62A86AE866285E685EFD07FA8F8
:10B83000F2572A8CAE8C2A86AE8602559255050A9E
:10B8400093870703A30FFAFEEFD0EFC46348A00E5F
:10B85000976700009387072B8843CC436286E68670
:10B86000EFD03FA52A86AE8602559255EFD0AFC2E3
:10B870006342A018D257E30CFAEA03260900832694
:10B88000490002559255EFD04FD703260900832671
:10B8900049002AD02ED26285E685EFD00FD62A8CB9
:10B8A000AE8C95BF5286CA86EFD02FD5525A024928
:10B8B0002AD02ED2E6856285EF1070322ADEEFE0C4
:10B8C000AF9C2A86AE866285E685EFD09F9E725732
:10B8D000D257050913070703A30FE9FE2A8CAE8C84
:10B8E0006312F906176900001309492303260900AA
:10B8F0008326490002559255EFC0AFEB2A86AE86EB
:10B900006285E685EFD02FB96346A00E02569256A7
:10B910000325090083254900EFD0BF992A86AE860A
:10B920006285E685EFD00FC293070003E35105E07F
:10B930000347FAFF9306FAFF6304F7006A8459A8E5
:10B94000368AFDB797270000938747229043D44358
:10B95000EFD0AFCA2A8CAE8CB1BFE287BE8C8247D3
:10B96000528C972A0000938A6A2013891700BE9D83
:10B970005A86DE866285E685EFC0BFD6EF10302698
:10B980002A8DEFE06F905A86DE86EFD00FC72A86A9
:10B99000AE866285E685EFD0DF9193070D03A30F96
:10B9A000F9FE2A86AE864A8A639E2D07EFC06FE0B5
:10B9B0005A86DE862A8CAE8CEFD0EFAD634BA002A8
:10B9C0005A86DE866285E685EF10D01A01E5937708
:10B9D0001D0085E3CE852685EF00B029C2572300E0
:10B9E0000A00050480C3D247E389079423A04701D6
:10B9F000A9B2228D130790038346FAFF9307FAFF3B
:10BA0000639AE6008246639DF60013070003050D66
:10BA10002380E60003C7070005072380E70039BF3E
:10BA20003E8AD9BF03A60A0083A64A000509EFD0C3
:10BA3000CFBC014681462A8CAE8CEF10B0130DF9B5
:10BA400051BF424763000710924605476345D70C34
:10BA500062579387374309E7264793076003998F17
:10BA6000568DDA8C854526853E9BBE9BEF0030398E
:10BA70002A89635E9001635C7001E68763D39B0152
:10BA8000DE87330BFB40B38CFC40B38BFB40638001
:10BA90000A04C247C5CF6354A003CA856A862685B7
:10BAA000EF00F04B4E86AA852A892685EF00F036F6
:10BAB0002ACECE852685EF00D01BF247BE8933867D
:10BAC000AA4111C6CE852685EF007049AA89854511
:10BAD0002685EF00D032E247AA8A635BF0063E86F5
:10BAE000AA852685EF00B04712478547AA8A014DEF
:10BAF00063C8E706014D63120A069317CC00528D06
:10BB0000A9EFB705F07F337CBC0063080C04050B7C
:10BB1000850B054D99A0138DFDFF63CAAA01338DD6
:10BB2000AA4163DE0D00B30CBB41814725BFE2474C
:10BB3000B30A5D41D6973ECCEA8A014DDDB7DA8C77
:10BB4000EE870DB7568DDA8C014925B756869DBF15
:10BB500012478547014DE3DFE7F8E247054589CF06
:10BB600083A70A018D078A07D697C843EF00301EC6
:10BB7000930700023385A7405E957D8951C19307E5
:10BB80000002898F1147635AF706F1473385A740B2
:10BB90002A9BAA9CAA9B63586001CE855A8626855B
:10BBA000EF00D047AA8963587001D6855E86268546
:10BBB000EF00D046AA8AB257B1C7D6854E85EF00AE
:10BBC000D05263510504CE85814629462685EF0073
:10BBD000900EC2477D14AA89638C0726CA858146C8
:10BBE00029462685EF00300DA2472A896345F008D3
:10BBF0001247894763D1E70829A8E38EE7F83E8515
:10BC0000710579B76345B0071247894763D1E706E5
:10BC10006EC4A24791EFD685814615462685EF0072
:10BC20009009AA8AAA854E85EF00304CE34DA0B456
:10BC3000B247024A13C4F7FF014BD6852685EF00B1
:10BC40005003E30909D863080B0063062B01DA856A
:10BC50002685EF001002CA852685EF0090019DBB66
:10BC6000814A0149F1B76A84814A014929BEC24724
:10BC70006EC46386071E63589001CA856686268552
:10BC8000EF00D0392A894A8563060D0283254900D1
:10BC90002685EF008075032609012A8B9305C900CC
:10BCA00009060A063105EFE0AFB50546DA852685B7
:10BCB000EF00D036824722474A8B138C1700BA9781
:10BCC0003EC693771A002A893EC4D6854E85EFF08A
:10BCD0006FC6DA852A8D930D05034E85EF00F0407F
:10BCE0004A86AA8BD6852685EF0050435045930C93
:10BCF000FCFF2A8A054711E6AA854E85EF00F03E33
:10BD00002A87D28526853AC8EF00A0769247424717
:10BD1000628AB3E6E700A247DD8E81EE1307900347
:10BD20006388ED0463547001930D1D032380BC01EF
:10BD300029B763CA0B009247B3EB7701A247B3EB75
:10BD4000FB0063950B04E353E0FECE850546268594
:10BD5000EF00D02CD685AA89EF0030396346A000C9
:10BD600071F513F71D0079D313079003E39EEDFAE5
:10BD7000930790032380FC00930690038347FAFF08
:10BD80001307FAFF638CD708850745A0635BE000C3
:10BD900013079003E38EEDFC93871D002380FC00C6
:10BDA00069BDB247A30FBCFF63818705CE8581467D
:10BDB00029462685EF002070AA8981462946DA8522
:10BDC000268563182B01EF00006F2A8B2A89050C4A
:10BDD000EDBDEF00406ECA852A8B81462946268537
:10BDE000EF00606D2A89E5B7014BCE8505462685B3
:10BDF000EF00D022D685AA89EF00302FE34EA0F6BF
:10BE000001E593F71D00ADFB930700030347FAFF1D
:10BE10009306FAFFE313F7E2368ACDBF82476399B0
:10BE2000E70002470504930710032300F70031B52C
:10BE30003A8AA9B75247976700009387A7CE3EC0BA
:10BE400097670000938787CE631707CE6FF0EFCE1A
:10BE5000A2476346F00012478947E3CCE7DA024A7B
:10BE6000D6854E85EFF00FAD8247050A930D050389
:10BE70003307FA40A247A30FBAFFE357F7F6CE8580
:10BE8000814629462685EF000063AA89D1BF83D762
:10BE9000C500011122CC26CA06CE4AC84EC613F7E9
:10BEA0008700AA842E8479EFD841634DE000B84121
:10BEB000634AE0000145F2406244D2444249B2493B
:10BEC0000561828058547DD703A9040093963701F9
:10BED00023A0040063DE060670488357C400918BDC
:10BEE00099C75C401D8E5C5899C33C401D8E5C54C4
:10BEF0000C50814626858297FD570357C400631D69
:10BF0000F5009440F54763E9D706B7074020850759
:10BF1000B3D7D700858BADC31C48232204001CC0B7
:10BF20009317370163D80700FD576314F5009C4051
:10BF300091E368C84C5823A02401ADDD9307440465
:10BF40006385F5002685EF00303C232A04029DB767
:10BF50000C500146854626850297FD572A86E31E2A
:10BF6000F5F69C40BDDB75476385E7005947639450
:10BF7000E70423A024013DBF136707042316E40050
:10BF80007D5515BF83A90501E38609F203A90500C4
:10BF90008D8B23A0350133093941014791E3D849FD
:10BFA00018C4E35920F11C540C50CA864E862685CD
:10BFB00082976349A0008357C40093E707042316C0
:10BFC000F4007DBFAA993309A940E1BF9C49A5C3EC
:10BFD000011122CC06CE2A8411C51C4D81E72EC644
:10BFE0003922B245976700009387C7B6639CF50076
:10BFF0004C408397C5009DC722856244F24005618D
:10C000006FF0FFE8976700009387C7B66394F50069
:10C010000C44C5B7976700009387C7B1E39BF5FC55
:10C020004C44C1BFF2406244014505618280014534
:10C030008280411122C406C62A842316B500231724
:10C04000C500232005002322050023240500232208
:10C05000050623280500232A0500232C0500214678
:10C0600081451305C505EF400ECE97170000938755
:10C07000E70A5CD0971700009387470D1CD49717E9
:10C080000000938787115CD49717000093874714AB
:10C0900000D01CD8B24022444101828097050000A4
:10C0A000938505F399AA411126C21306800693844D
:10C0B000F5FFB384C4024AC02E8922C406C6938504
:10C0C0004407EF00F02E2A8401CD2320050023220F
:10C0D0002501310508C4138684068145EF40AEC6AC
:10C0E0002285B240224492440249410182801C4D83
:10C0F000A5E7411106C622C497070000938747FAB7
:10C100001CD59387C1969C4323240504232605044C
:10C11000232805046314F50085471CCD2A8435289F
:10C1200048C022851D2808C42285052848C44840E7
:10C1300001469145EFF0FFEF08440546A545EFF0B5
:10C140005FEF48440946C945EFF0BFEE85471CCC78
:10C15000B240224441018280828041119387C1967E
:10C1600026C284434AC006C69C4C22C42A8981E761
:10C170002685EFF0DFF7938484048044DC40FD17CC
:10C1800063D607009C40B9CF8440C5BF0317C400E5
:10C1900039E7C177850723220406232004002322E0
:10C1A0000400232404005CC423280400232A040080
:10C1B000232C0400214681451305C405EF40AEB889
:10C1C000232A0402232C0402232404042326040427
:10C1D0002285B240224492440249410182801304E4
:10C1E000840671BF91454A85EFF0FFEB88C049FD99
:10C1F000B1472320F9000144E1BF797122D44AD02C
:10C2000052CC56CA5AC85EC606D626D24ECE2A8A06
:10C21000AE8A130485040149054BFD5B09ECB2505D
:10C2200022544A8592540259F249624AD24A424BF8
:10C23000B24B45618280044483294400FD1963D4D4
:10C2400009000040E1BF83D7C400637BFB008397F4
:10C25000E40063877701A6855285829A3369A90035
:10C2600093848406E1BF938781869C43885309E5C4
:10C270001745FE1F1305C5631305050F828019714D
:10C28000A6DAAE848395E500A2DC86DE328463DC28
:10C29000050083D7C40023A0060093F7070885E7AD
:10C2A000930700401DA0300836C6EF00F078B24674
:10C2B000E34105FE7247BD67F98F7977BA9793B767
:10C2C00017009CC2F1BF930700041CC0F6506654CF
:10C2D000D65401450961828083D7C500011122CC63
:10C2E00006CE26CA4AC8898B2E8489CF9307740448
:10C2F0001CC01CC885475CC8F2406244D244424915
:10C300000561828074003000AA84EFF05FF7A245D7
:10C310002A892685EF00D00901ED8317C40013F7A1
:10C32000072079FBF19B93E727002316F4007DBFDC
:10C33000970700009387C7D69CD48357C40008C0D2
:10C3400008C893E707082316F400A2475CC8B24761
:10C3500091CF8315E4002685EF00307101C9835722
:10C36000C400F19B93E717002316F4008357C40021
:10C370003369F9002316240141B793878186AA8582
:10C3800088436F00F00293F5F50F2A966314C500F9
:10C390000145828083470500E38DB7FE0505FDB7A3
:10C3A00063F3A504B386C500637FD5029345F6FF0A
:10C3B0008147FD176393F50082803387F6000348B9
:10C3C00007003387C7002A9723000701DDB73387AB
:10C3D000F500834607003307F50085072300D700E3
:10C3E000E317F6FE82808147E5BF5C51411122C40C
:10C3F0004AC006C626C22A842E8989EF4145EFF03D
:10C40000DFF748D023220500232405002320050060
:10C41000232605004450DC4495C758509317290043
:10C420005847BA9788431DED8544B3942401138679
:10C4300054000A06854522856D2511CD232225014C
:10C4400004C51DA01306100291452285592D5C508C
:10C45000C8C4DC47F9F30145B24022449244024982
:10C4600041018280184198C3232805002326050036
:10C47000E5B75C51011122CC06CE2A8499EF4145E3
:10C480002EC6EFF09FEFB24548D0232205002324AB
:10C490000500232005002326050091C95450DC41E6
:10C4A00013972700DC46BA97984398C18CC3F24093
:10C4B00062440561828079714ECEAA89416522D499
:10C4C00026D22E84844906D64AD0D10501487D154E
:10C4D0009C419105050833F7A7003307C702C183C4
:10C4E000B387C702369793560701698FB69793D6DD
:10C4F0000701C207BA9723AEF5FEE34B98FCA1C231
:10C500001C4463C7F4024C404E8536C68505EFF0E7
:10C51000DFED10489305C4002A8909060A06310593
:10C52000EFD01FAEA2854E85EFF0BFF4B2464A842D
:10C53000938744008A07A297D4C3850404C8228540
:10C54000B250225492540259F24945618280417797
:10C55000698FAA87014519E3C2074145370700FFE4
:10C560007D8F19E32105A207370700F07D8F19E3BE
:10C5700011059207370700C07D8F19E309058A0767
:10C5800063C90700139717000505634407001305E7
:10C59000000282801C4113F777000DC393F6170049
:10C5A000014799E613F7270011C785831CC105478A
:10C5B0003A85828089831CC10947DDBF93960701B4
:10C5C000C182014799E2C183414793F6F70F99E28F
:10C5D0002107A18393F6F70099E21107918393F65F
:10C5E000370099E20907898393F6170081E685836E
:10C5F000050799C31CC16DBF1307000255BF411148
:10C6000022C42E84854506C6EFF03FDE40C9B24005
:10C610002244054718C94101828098491C4A797112
:10C6200026D206D622D44AD04ECEAE846354F7002A
:10C63000B2842E8683A90401032906019C44CC40C0
:10C640003384290163D38700850532C6EFF0FFD913
:10C65000324613084501131324004293C28763ED49
:10C66000670293854401939829005106131E2900FF
:10C67000C166AE98329EFD166364C60363568000A1
:10C68000711383270300F1CB00C9B2502254925496
:10C690000259F2494561828023A007009107C1B782
:10C6A000832F0600B3FFDF00638A0F04428FAE8240
:10C6B000814403A7020083230F00110FB37ED7002C
:10C6C000B38EFE03B3F7D30093D303019102BE9E52
:10C6D00093570701B387F703A69E13D70E01B3FE46
:10C6E000DE009E97BA9793D40701C207B3E7D7013C
:10C6F000232EFFFEE3EF12FB23209F008352260030
:10C70000638A020483270800C28E2E8F814F03277D
:10C710000F0083D32E00F58F758F33075702910ECC
:10C72000110F1E977E97931F0701B3E7FF0023AEFB
:10C73000FEFE8357EFFF83AF0E004183B38757029E
:10C74000B3FFDF00FE97BA9793DF0701E3611FFD98
:10C7500023A0FE001106110805B77D1405B70111CD
:10C7600026CA4AC84EC606CE22CC52C4937736009B
:10C770002A89B284AE8989CFFD17175700001307A5
:10C7800067508A07BA9790438146EFF0DFD2AA89B3
:10C790008984A5CC8327490291EF4145EFF0FFBD85
:10C7A0002322A902232205002324050023200500BB
:10C7B00023260500032A490203248A0019E8930569
:10C7C00010274A85EFF0BFE32324AA002A84232000
:10C7D000050093F7140081CFCE8522864A85EFF0BD
:10C7E000DFE32A8ACE854A85EFF0BFC8D2898584E7
:10C7F00089CC084009E92286A2854A85EFF0FFE14D
:10C8000008C0232005002A84E9B7F24062444E851F
:10C81000D2444249B249224A05618280797126D2C6
:10C82000AE844ECE83A9040122D4CC411354564089
:10C830009C44A2994AD056CA06D652CCAA8A1389D9
:10C84000190063C42709568532C6EFF01FBA324675
:10C85000930745012A8ABE8601479106634A8706E7
:10C8600063530400014494480A04338787008A060E
:10C87000938744017D8ABE9625C2130800023308BF
:10C88000C84081458843110791073315C500C98DFC
:10C89000232EB7FE83A5C7FFB3D50501E3E4D7FE7A
:10C8A0000CC399C1138929007D1923282A015685B3
:10C8B000A685EFF01FBCB250225452859254025903
:10C8C000F249624AD24A456182808505860795BF52
:10C8D00023AE06FE050751B7910703A6C7FF110750
:10C8E000232EC7FEE3EAD7FEC1B71C499849998FAA
:10C8F0008DE30A075105D105B306E500BA95F11697
:10C90000F115904298416308E600FD576363E60025
:10C9100085473E858280E364D5FEE5BF011126CAC6
:10C92000AE844EC6B285AA89268522CC06CE4AC8D8
:10C930003284EFF09FFB05E181454E85EFF0FFAAC1
:10C9400085471CC9232A0500F2406244D24442496B
:10C95000B24905618280054963460500A287014905
:10C960002684BE844C404E85EFF03FA8032304018B
:10C9700083A8040113064401131E230013884401F5
:10C980008A08C16E23262501329EC298930645016E
:10C99000014FFD1E1842832F08009106B375D70181
:10C9A000B3F7DF01FA959D8D93DF0F0193570701D0
:10C9B000B387F74113D70541BA9713DF0741B3F5A2
:10C9C000D501C207CD8F110823AEF6FE1106E36331
:10C9D00018FDC165FD156368C601F1169C4295C737
:10C9E0002328650095B71C429106110633F7B7005E
:10C9F0007A9713580741C183C29713DF07416D8FA0
:10CA0000C207D98F23AEF6FEF9B77D13F9B7797156
:10CA100022D42E84854526D24AD0B2844ECE52CC22
:10CA20003A8906D6368AEFF05F9C370710009307E5
:10CA3000F7FFE58FD18093F4F47FAA89B5E03EC675
:10CA40002DC4280022C4EFF0FFB4A24621CD324706
:10CA500093070002898FB317F700D58F3357A700CC
:10CA600023AAF9003AC6324423AC8900333480004B
:10CA7000050423A88900B9C49384D4BCAA9493075D
:10CA8000500323209A003385A7402320A900B250E9
:10CA900022544E8592540259F249624A456182807D
:10CAA000D98F71BF23AAD9007DBF6800EFF09FAE78
:10CAB000B24713050502054423AAF900854723A8B8
:10CAC000F90055BF931724001305E5BCCE9723202A
:10CAD000AA00884B1604EFF09FA7098C2320890039
:10CAE0007DB73386C502011122CC06CEB28532C68F
:10CAF000C1202A8409C532468145EF30DEA4228553
:10CB0000F240624405618280DDC183A7C5FF411107
:10CB100022C406C626C21384C5FF63D307003E9411
:10CB2000AA84EF00607E938741C79C4381EF232254
:10CB3000040023AA81C62244B240268592444101C2
:10CB40006F00A07C637EF40014403307D40063962A
:10CB5000E7009843DC43369718C05CC0D9BFBA875A
:10CB6000D84319C3E37DE4FE94433386D700631FA3
:10CB700086001040B29694C33386D700E31DC7FAEF
:10CB800010435843B29694C3D8C375B76375C400B5
:10CB9000B1479CC04DB71040B306C4006316D70020
:10CBA00014435843B29614C058C0C0C369B78280BA
:10CBB000011126CA93843500F19806CE22CC4AC8CA
:10CBC0004EC6A104B14763F2F404B14463E1B40476
:10CBD0002A89EF006073938741C798433A8431E014
:10CBE000938781C79C4391E781454A85A12923AC5E
:10CBF000A1C6A6854A85B921FD5963173507B147F6
:10CC00002320F9004A85112729A0E3D104FCB1476C
:10CC10001CC10145F2406244D2444249B249056117
:10CC200082801C40858F63CE0702AD4663F6F60016
:10CC30001CC03E9404C031A05C406312870223AA4A
:10CC4000F1C64A85D9251305B400930744006199BC
:10CC50003307F54061D33A94898F1CC065BF5CC32C
:10CC6000CDB722874040A5BF130435007198E30378
:10CC700085FCB305A4404A85F126E31D35FB41B789
:10CC800081E5B2856FF0DFF2011122CC06CE26CA13
:10CC90004AC84EC6328401EEEFF01FE70149F24068
:10CCA00062444A85D2444249B24905618280AE84D9
:10CCB000AA89A92D2689E37485FEA2854E85EFF009
:10CCC0003FEF2A8969DDA6852286EFD06FB3A6855E
:10CCD0004E85EFF07FE3E1B701114AC803A9850053
:10CCE00022CC52C45AC006CE26CA4EC656C22E8484
:10CCF000328B368A63EE260983D7C50013F70748BF
:10CD000051C704408C495848AA8AB389B4408D441D
:10CD1000B384E4020947B3C4E402138716004E97B4
:10CD200063F3E400BA8493F70740D9C3A685568518
:10CD3000EFF01FE82A890DE5B14723A0FA008357D9
:10CD4000C4007D5593E707042316F400F2406244C3
:10CD5000D2444249B249224A924A024B056182803A
:10CD60000C484E86EFD0CFA98357C40093F7F7B78E
:10CD700093E707082316F4002328240144C84E999A
:10CD8000B38434412320240104C4528963732A01EB
:10CD9000528908404A86DA85EFF08FE01C4401454D
:10CDA000B38727411CC41C403E992320240179BF2E
:10CDB00026865685EFF0DFEC2A895DFD0C48568506
:10CDC000EFF09FD495BF83D7C500717126D34AD1A8
:10CDD0004ECF06D722D552CD56CB5AC95EC762C5B3
:10CDE00066C393F70708AA892E89B284B9C39C4900
:10CDF000A9E39305000436C6EFF09FDB2320A900CA
:10CE00002328A900B24615E1B14723A0F9007D55BA
:10CE1000BA502A549A540A59FA496A4ADA4A4A4B89
:10CE2000BA4B2A4C9A4C4D61828093070004232A06
:10CE3000F90093070002A30CF1029307000302DA42
:10CE4000230DF10236CE930B5002975A0000938ABD
:10CE50002AC4054C294B26848347040099C3639D4B
:10CE60007709B30C9440638E0C00E6862686CA854B
:10CE70004E85EFF07FE6FD576302F51AD256E6962F
:10CE800036DA83470400638B0718FD5793041400B8
:10CE900002D002D63ED202D4A301010682DC83C5B1
:10CEA000040015465685EFF00FCE13841400825708
:10CEB00031E513F7070109C713070002A301E106D3
:10CEC00013F7870009C71307B002A301E10683C661
:10CED00004001307A002638BE602B2572684814642
:10CEE00025460347040093051400130707FD6374E8
:10CEF000E6068DC63ED61DA00504B9BF33055541D3
:10CF00003315AC00C98F3ED0A28451BF724793063F
:10CF10004700184336CE634907023AD60347040058
:10CF20009307E002631FF704034714009307A0026E
:10CF3000631BF702F2470904138747009C433ACE6C
:10CF400063C107023ED235A83307E04093E72700CC
:10CF50003AD63ED0E1B7B387670385462E84BA97A9
:10CF600049B7FD57C5B7050402D28146814725461A
:10CF70000347040093051400130707FD6378E606D2
:10CF8000F1F2834504000D46175500001305C5B0A6
:10CF9000EFF06FBF11CD975700009387E7AF1D8D5E
:10CFA00093070004B397A700025505045D8D2AD0AE
:10CFB00083450400194617550000130525AE930458
:10CFC0001400230CB102EFF00FBC35C197D7FFFF5F
:10CFD0009387E75695E70257F2471377071009CF73
:10CFE00091073ECED257D2973EDAB5B5B3876703E5
:10CFF00085462E84BA97ADBF9D07E19BA107D5B7A3
:10D00000780897060000938666CD4A860C104E85F8
:10D01000EFD0AFD2FD572A8AE316F5FC8357C9003B
:10D020007D5593F70704E39507DE5255D5B378088D
:10D0300097060000938686CA4A860C104E85EFD06C
:10D04000DFACC9BF411122C42A842E859757FF1F28
:10D0500023A407B806C6EF300EEDFD576319F5009F
:10D060009757FF1F938747B79C4391C31CC0B2409B
:10D07000224441018280FD4763F6B700D9471CC1B5
:10D080007D5582807C41011122CC06CE2E862A84D9
:10D0900091C713972500BA97984319EB228532C69A
:10D0A0009D28AA85228562443246F24005611DA86A
:10D0B000854601456308D700FD566319D700D94757
:10D0C0001CC00545F2406244056182802E8523A084
:10D0D000070002970145FDB793878186AA8588439B
:10D0E0006FF07FF9411122C42A842E85B2859757AB
:10D0F000FF1F23A307AE06C67523FD576319F5006E
:10D100009757FF1F938747AD9C4391C31CC0B24004
:10D11000224441018280BDA3411122C42E84839503
:10D12000E50006C6F52A634905007C48AA977CC835
:10D13000B2402244410182808357C4007D777D172D
:10D14000F98F2316F400EDB783D7C500011122CC67
:10D1500026CA4AC84EC606CE93F70710AA842E8464
:10D160003289B68991C78395E50089460146352203
:10D170008357C4007D777D17F98F2316F40083153C
:10D18000E4006244F240CE864A86B249424926858E
:10D19000D24405613DA8411122C42E848395E50047
:10D1A00006C6E528FD570357C400631BF500FD774D
:10D1B000FD17F98F2316F400B2402244410182800A
:10D1C0008567D98F2316F40068C8FDB78395E500FD
:10D1D00025A8411122C42A842E85B2853686975708
:10D1E000FF1F23AB079E06C6EF302ED0FD576319F5
:10D1F000F5009757FF1F9387279E9C4391C31CC040
:10D20000B240224441018280411122C42A842E85E9
:10D210009757FF1F23A2079C06C6A921FD57631934
:10D22000F5009757FF1F9387279B9C4391C31CC012
:10D23000B240224441018280411122C42A842E85B9
:10D24000B2859757FF1F23A9079806C62521FD57CA
:10D250006319F5009757FF1F938707989C4391C365
:10D260001CC0B240224441018280411122C42A8460
:10D270002E859757FF1F23A1079606C62129FD5724
:10D280006319F5009757FF1F938707959C4391C338
:10D290001CC0B240224441018280411122C42A8430
:10D2A0002E85B28536869757FF1F23A7079206C69D
:10D2B0001121FD576319F5009757FF1F9387C791F9
:10D2C0009C4391C31CC0B24022444101828085E14D
:10D2D00041116C00014511CA795581CA8347060086
:10D2E0009CC1034506003335A00041018280014501
:10D2F00019CA795589CA834706009CC103450600AF
:10D300003335A000828082808280828083A7C5FF1F
:10D310001385C7FF63D50700AA959C413E9582807F
:10D32000411122C42A842E85B28536869757FF1F65
:10D3300023A4078A06C67926FD576319F500975777
:10D34000FF1F938767899C4391C31CC0B24022444E
:10D350004101828091CD9307F00F63F7C7009307D7
:10D36000A0081CC17D5582802380C50005458280B0
:10D370000145828013D74501B7071000FD1713D868
:10D3800046011377F77F9308F07F33FEB700AA8E2C
:10D39000F58FFD81328F1378F87FFD82630B1701C3
:10D3A00005436306180163140701630DFE001A8527
:10D3B0008280B368AE000543E39B08FEE319E8FEF4
:10D3C000D18FF5F70543E394EEFF0143E381D5FEEA
:10D3D000054371FF3365AE003333A000C9BF93D757
:10D3E0004501B70610001387F6FF93F7F77F130682
:10D3F000E03F6D8FFD81635CF6001306D041635AF8
:10D40000F600370500801345F5FF2E958280014513
:10D410008280130630431D8E7D48558F635DC800A2
:10D4200093063041B387F640B357F7003305F04019
:10D43000E5F13E8582809387D7BEB317F700335559
:10D44000C500C98FE5B70328C500184154410C45F4
:10D4500021659307F5FF13560801139E35007D8E55
:10D460009358D70193D7D601131308018E064111A3
:10D47000B3E7C701B3E6160113530301131E3700C8
:10D48000930816007915F5810E033EC436C272C0AA
:10D4900033F5A8001358F801B3E5650005C97177A5
:10D4A000130707403A961307E07F635DC70413062E
:10D4B000F07F014781473207520631837E08518F42
:10D4C000336707013E85BA8541018280D58FCD8FB4
:10D4D000B3E7C70105E2F1CB8147954693D5360006
:10D4E000139797009396D701B3E7B600318313766D
:10D4F000F67FD1B7CDDF01481306F07F370708006C
:10D50000814755BF6346C00A9307C0FC634FF60EC0
:10D510009307D0033386C740935756403707080018
:10D52000D98D139527000A8781462EC6B308A1001E
:10D5300011077D8AB3E6C60163091701032E0700B0
:10D540001107B3E6C601E31B17FF0D471D8F79CA0C
:10D5500093080101AA9883A808FF130E0002330E56
:10D56000CE40B398C801B3E6160175CB0A070A95F9
:10D57000B30EE1008A880C41032345009108B3D51E
:10D58000C5003313C301B3E5650023AEB8FE110532
:10D59000E3931EFF9145B387F540B24508082A97EB
:10D5A000B3D5C5002328B7FE61A80146014721B7BE
:10D5B00013974600139547003367C701F182F18343
:10D5C00092053337E000C98ECD8FD98E13F77600E0
:10D5D00011C713F7F6009145631CB70237078000A7
:10D5E0007D8FE30D07EE05061307F07FE301E6EC00
:10D5F000370780FF7D177D8F9317D7018D82260710
:10D600001376F67FD58F31837DB5854681470146F8
:10D6100013B7C6FF13471700BA9737078000910664
:10D620007D8FC1B78A85B388A50083A808009105BE
:10D63000050623AE15FFE358C7FE1147B307F740B1
:10D640008A078A97180823A007009107E39DE7FE41
:10D650000247B336D0009247D98E014685BF854731
:10D6600001472DBF930780051747FF1F2326F75655
:10D670007D558280930780051747FF1F232EF7549F
:10D680007D558280930780051747FF1F2326F75497
:10D690007D558280930780051747FF1F232EF75281
:10D6A00001458280930780051747FF1F2326F75205
:10D6B0007D558280930780051747FF1F232EF75063
:10D6C0007D558280930780051747FF1F2326F7505B
:10D6D0007D55828001A00000433A2F557365727317
:10D6E0002F692E64796D6F762F446F63756D656E4B
:10D6F00074732F467265654D6F6462757350726FF7
:10D700006A6574632F4672656552544F532F657670
:10D71000656E745F67726F7570732E630000000032
:10D72000657272206174206C696E65202564206FBB
:10D73000662066696C6520222573222E200D0A2042
:10D7400000000000433A2F55736572732F692E64F1
:10D75000796D6F762F446F63756D656E74732F46A8
:10D760007265654D6F6462757350726F6A6574633C
:10D770002F4672656552544F532F706F72746162F9
:10D780006C652F4743432F524953432D562F706FDB
:10D7900072742E6300000000433A2F557365727354
:10D7A0002F692E64796D6F762F446F63756D656E8A
:10D7B00074732F467265654D6F6462757350726F36
:10D7C0006A6574632F4672656552544F532F706FAC
:10D7D000727461626C652F4D656D4D616E672F6867
:10D7E0006561705F342E6300433A2F557365727321
:10D7F0002F692E64796D6F762F446F63756D656E3A
:10D8000074732F467265654D6F6462757350726FE5
:10D810006A6574632F4672656552544F532F717554
:10D820006575652E63000000AE260000A42600008A
:10D83000C4260000D6260000D0260000582800008C
:10D840004E2800006C2800007E2800007828000088
:10D85000433A2F55736572732F692E64796D6F7615
:10D860002F446F63756D656E74732F467265654DD9
:10D870006F6462757350726F6A6574632F46726568
:10D880006552544F532F7461736B732E6300000005
:10D8900049444C4500000000D62C0000D62C000066
:10D8A0001A2D0000262D00006A2D0000D62C000045
:10D8B000D62C00001A2D0000262D0000546D725148
:10D8C00000000000433A2F55736572732F692E6470
:10D8D000796D6F762F446F63756D656E74732F4627
:10D8E0007265654D6F6462757350726F6A657463BB
:10D8F0002F4672656552544F532F74696D6572736C
:10D900002E630000546D7220537663000001020301
:10D910000405060708090A0B0C0D0E0F1011000074
:10D9200052544320494E49540D0000001F1C1F1E35
:10D930001F1E1F1F1E1F1E1F0008000000001000DA
:10D940000000100000001000000010000000100097
:10D95000000010000020000000000800002C014022
:10D96000000000400004004000080040000C00409F
:10D97000001000400014004000340140004C014001
:10D98000D6480000E04800000C490000464900006D
:10D990004A4900005649000006490000FA480000C4
:10D9A00024490000EE4800000000000001000100D2
:10D9B00002000000040004001C002000B400240049
:10D9C00014002000100000067374617274207769DF
:10D9D000636831320D0000002675000032750000CA
:10D9E0003C750000447500004C7500005475000043
:10D9F0005C750000647500006C75000074750000B3
:10DA00007C750000247D0000247D0000347D000032
:10DA10006A7D0000727D0000767D00007A7D000046
:10DA20007A7D0000E47D0000027E00001C7E000084
:10DA3000167E00000C7E0000227E0000F67C0000B6
:10DA400040800000588000006E8000008880000048
:10DA500048800000488000004880000048800000A6
:10DA60009E800000DA800000F28000000881000043
:10DA7000E280000022810000E28000004C81000072
:10DA80005E810000E2800000E2800000368100003C
:10DA9000B0810000CC810000EE8100001A820000FD
:10DAA0003E820000AA820000CA820000C6810000F7
:10DAB00081E4141B7EAED43F3200080D2D00061009
:10DAC0002800D2132300B6181E00061F19001027C5
:10DAD00014008B310F004C3F0A007C510500EF69A8
:10DAE0000000EB8A000000000000000000009643E8
:10DAF000C520903F00001644D578114000006144D5
:10DB000048E15A4000009644DD2492400080BB4426
:10DB100017D9B6400000E1443333DB4000400345F1
:10DB20000000004100001645713D124100C028452B
:10DB3000D7A3244100005CC20000803B000000002D
:10DB4000ABAAAAAAAAAA1E4000000040000080407A
:10DB5000B4D934E70C684A3F6666666666661A4062
:10DB60009A9999999999B93F0000000000002440C2
:10DB7000333333333333C33F486172644661756C6A
:10DB8000745F48616E646C65720D00006D65706352
:10DB900020203A253038780D0A0000006D63617549
:10DBA00073653A253038780D0A00000020202020C7
:10DBB000203A253038780D0A0000000084880000E3
:10DBC000B8880000D6880000E6880000F6880000CB
:10DBD0000000104200000C42000020410000A04064
:10DBE00000007041000016430000964300001644F8
:10DBF000000020420000A0410000FA4400007A44E6
:10DC00000000C84200004842499D003D4545505231
:10DC10004F4D77746979650D000000000000000029
:10DC2000000000000020AC407A93000094930000B4
:10DC3000989300009C930000A0930000C093000004
:10DC4000D4930000DA930000DE930000E29300001A
:10DC5000E693000053797374656D20737461727478
:10DC60002025690D0A000000F09B0000109D0000B7
:10DC7000109D00001A9D00003A9D00003A9D000092
:10DC8000409D0000649D00006E9D0000E89C000027
:10DC9000F49C0000089D0000FE9C0000EE9C00002B
:10DCA000109D0000EE9C0000109D0000109D0000E3
:10DCB000109D0000109D0000109D0000109D0000B0
:10DCC000109D0000109D0000109D0000109D0000A0
:10DCD000109D0000109D0000749D0000EE9C00004F
:10DCE000BE9B0000D49B0000BE9C0000D49B0000A3
:10DCF000BE9C0000D49B0000BE9C0000EE9C000077
:10DD0000EE9C0000EE9C0000D49B0000D49B000021
:10DD1000D49B0000D49B0000D49B0000D49B000047
:10DD2000D49B0000D49B0000D49B0000D49B000037
:10DD3000D49B0000D49B0000D49B0000D49B000027
:10DD4000D49B0000D49B0000D49B0000D49B000017
:10DD5000D49B0000E09C0000D29D0000D49B0000FA
:10DD6000D29D0000D49B0000D29D00000EA00000B8
:10DD70000EA000000EA000000EA00000BC9D000040
:10DD8000F09F0000C89D0000BC9D0000BE9F0000E9
:10DD9000D49B0000309E0000D49B0000309E000009
:10DDA000D49B0000309E0000D49B0000309E0000F9
:10DDB000D49B0000309E0000D49B00001A9E0000FF
:10DDC000D49B0000349E0000D89F0000D49B00002C
:10DDD000509F0000D49B0000509F0000D49B000087
:10DDE000509F0000D49B0000509F0000D49B000077
:10DDF000509F0000D49B0000309E0000D49B000088
:10DE0000DE9E000008A0000008A000000CA000009A
:10DE100008A000009C9F000008A00000D49B000008
:10DE2000489E0000D49B00009C9E0000D49B0000F4
:10DE30009C9E0000D49B00009C9E0000D49B000090
:10DE40009C9E0000D49B00009C9E0000D49B000080
:10DE5000489E0000D49B0000489E0000D49B000018
:10DE6000489E0000D49B00009C9E0000D49B0000B4
:10DE70009C9E0000D49B00009C9E0000D49B000050
:10DE8000A29F0000D49B0000309E0000D49B0000A5
:10DE9000309E000008A0000042A2000070A1000017
:10DEA0008AA1000084A1000042A200000800000036
:10DEB00009000000000000000C0000000B00000042
:10DEC0000100000003000000040000000500000045
:10DED0000600000007000000020000000A00000029
:10DEE000D700C800E900EB00EA00E7000501E60002
:10DEF00004010A0169005B005B00330033002F005E
:10DF00002F003B003B0037003700000000000000FE
:10DF10000000B600AE00AE00B200B200AA00AA0037
:10DF2000C000C000C400C400A000A000B800B80039
:10DF30006C0068006E006D00D90067007000700012
:10DF400074007400800080008400840090009000C1
:10DF50009400940078007800880088009800980069
:10DF60007C007C008C008C009C009C00B7006A0048
:10DF70005F005F00A400A4006B000000000006002A
:10DF80000800000000000000000000000000090080
:10DF90000A000B000C000D0007000F001300140016
:10DFA000150016001700180019001A001B001C00AD
:10DFB0001D001E0020001F000000000000000100E6
:10DFC0000100020002001000110012002B002B00C3
:10DFD0002700270057005700C800CA0063006500EB
:10DFE000D7000E00D500D60000000000636F6E74ED
:10DFF000726F6C2025690D0A000000001D000900E9
:10E000000A000B000C00010002000E000F000D00C2
:10E010002500260027000000EC00EE00F000F200D2
:10E02000F400F600F800FA00FC00FE000001020116
:10E03000E4000000CB00CD00C900CF00D1000601F4
:10E04000D800DA00DC00DE00E00000000000000084
:10E0500000000000000059409A3F1CC69A3F1C4631
:10E060000000C8C200401C4500401CC50000000064
:10E0700033333333F387C3C033333333F387C3408E
:10E0800020AB00001CAB000018AB000014AB00007C
:10E09000D8AA00008EAC0000F8AB00002EAC000047
:10E0A0000CAC000016AC000048AC00005AAC0000FC
:10E0B000C6AD000000AD00001EAD00000EAD0000BA
:10E0C00014AD000046AD000068AD000086AF000052
:10E0D0003CAE000086AE000060AE000064AE000002
:10E0E000BAAE0000E6AE00001CB0000020B1000097
:10E0F0004EB000005EB0000034B0000054B000002C
:10E100008EB00000B6B00000CAB10000E0B100005F
:10E11000E4B10000E8B10000ECB1000026B200005C
:10E1200030B200003CB2000048B2000060B2000013
:10E1300054B2000074B200007EB200008EB2000043
:10E140009EB20000AEB2000060B3000060B30000F9
:10E15000C2B30000DEB30000ECB3000016B4000050
:10E1600020B400003CB400005EB4000074B40000B1
:10E170004EB6000046B600008CB50000A8B4000002
:10E1800090B400006AB5000058B600009EB50000CB
:10E19000BCB40000FEB40000F8B4000092B500006A
:10E1A000FCB90000FCB90000FCB90000FCB900009B
:10E1B000FCB90000D2BA0000FEB7000066BB000048
:10E1C000A0BB00004ABB0000A0BB0000FEB70000DF
:10E1D000A0BB0000A0BB00004ABB0000A0BB000029
:10E1E000FEB70000A0BB0000A0BB00004ABB0000BF
:10E1F000A0BB000090B80000BCB800003CB9000013
:10E200000EB9000078B8000046B800006EB90000F2
:10E2100082B700008EB9000012BB000012BB0000E4
:10E2200012BB000012BB00000AB7000046B8000095
:10E23000DEB600003AB70000DAB70000FEB7000013
:10E24000D2BA000012BB000012BB000072BD000079
:10E2500058BC000066BD00002CBD00008EBC000054
:10E26000AABC0000C4BC0000DABC000010BC000066
:10E270006EBC0000D0BD0000A0BD00008EBD00003F
:10E2800088BE00000EBE00000EBE000040BE0000B2
:10E2900040BE00004CBF00007CBF000068C1000011
:10E2A00056C200004CC2000030C2000096C10000FF
:10E2B000D8BF00009EBF0000E2C4000096C100006D
:10E2C000D8C30000D8C30000D8BF0000D8BF0000EA
:10E2D00000C50000ACC00000B0BF00003AC10000A3
:10E2E00022C1000022C10000F2C00000F2C0000004
:10E2F000FEC1000096C10000D8C3000020C000008D
:10E3000044C0000070C40000ACC40000D8C30000CA
:10E3100064C200006CC3000098C20000ACC20000E0
:10E32000E4BE00009EC20000DCC2000000C300008A
:10E330007CEB010090EB0100A8EB01002CEA01004E
:10E3400030EA01003CEA010050EA010060EA010005
:10E3500078EA010088EA0100A4EA0100B8E80100B7
:10E36000C0E80100D0E80100040000000700000040
:10E370000800000002000000B8EB0100C0EB010043
:10E38000C8EB0100E0E80100F0E901002CE9010020
:10E3900050E90100CCE90100B4EA0100B8EA01004B
:10E3A000D0EA0100ECEA0100B0FE01006CEB0100D4
:10E3B00074EB0100AE00B200AA00C000C400A000CF
:10E3C00010007000740078007C0011008000840050
:10E3D00088008C0012009000940098009C00670058
:10E3E0006900680068006C006E006D006A00B8008B
:10E3F0003B00370033002F00A800A9006B00B600D7
:10E40000B7001000A4005F005B0000000E00C80011
:10E41000CA00630065000000050001000000000064
:10E4200000000A0013000700060000001B000A009D
:10E4300009000D000F001F00570008000000000039
:10E4400001002B002700200017000B000000000037
:10E45000000000000C00000018FA0100F4F90100AF
:10E46000ACF90100D0EB0100D4EB0100D8EB0100C6
:10E47000DCEB0100E0EB0100E4EB0100E8EB010064
:10E4800018FA010068EB0100E4EE010018FA01003F
:10E49000F4F90100ACF901000CEB010014EB0100F0
:10E4A0001CEB0100E0E8010004E901002CE9010097
:10E4B00050E90100CCE901004401020044010200DE
:10E4C00044010200E0E8010004E901002CE9010038
:10E4D00050E9010074E901007CE9010094E90100C0
:10E4E000B0E90100010000000A0000006400000023
:10E4F000E803000017B7D1386F12833A0AD7233CDC
:10E50000CDCCCC3D0000803F000020410000C8423F
:10E5100000007A4400401C4600000000000000009B
:10E52000FF1F000000000000000000000080FFF955
:10E5300007780000000000000000000000FCFF7FE2
:10E5400000C000000000000000000000801F001C50
:10E55000008001000000000000000000E00C001836
:10E560000000030000000000000003807100002094
:10E57000000006000000000000E003E01C000000B6
:10E58000000006000000000000E007300600000068
:10E590000000060C0000000000E0071C0600000060
:10E5A00000000C780000000000E0070EFC010000F5
:10E5B00000000CE00100000000E08703C01F000025
:10E5C00000000E800300000000E0C70100700000A2
:10E5D000000006000F00000000E0E70000C000009F
:10E5E000000006003C00000000E07F000080010009
:10E5F000000006007800000000C03F00008001001D
:10E6000000000600E000000000C01F0000800100C4
:10E6100000000600C003000000C00F0000800100E1
:10E62000000006008007000000C00F00008001000D
:10E6300000000C00000F000000C00F00008001006F
:10E6400000000C00001E000000E00F000080010030
:10E6500000001800003C000000E00F0000800100F6
:10E66000000038000078000000F01F00008001006A
:10E6700000003C0000F0000000F81F0000C0000097
:10E6800000001E0000E0010000BC1F0000E00000D0
:10E6900000000F0000C0030000BC1F0000E00700E6
:10E6A0000000000000800700001E3F000000000086
:10E6B0000000000000000F00000F3F0000000000FD
:10E6C0000000000000001E00000F3F0000000000DE
:10E6D0000000000000003E0080073E0000E0070050
:10E6E0000000F001000C3C00C0037EC0FFE087E3A7
:10E6F000FF0FFE0F000F7800C0037EC0FFE3C7E7E7
:10E70000FF0FFF1FC00FF800E003FEC0FFE7E3EFBD
:10E71000FF8FFF3FF01FF000E007FCC0EFE7F3E7DB
:10E72000FFCFFF7FF80FE001F00FFCC0CFE7FB0346
:10E730007CE00F7FFC03E003F01FFCC1CFE7FF018B
:10E74000FCE0077EFE00C003F83FF8C1CFE7FF0002
:10E75000FCE0077E7E00C00778FFF8C1EFE7FF000E
:10E76000FCE0077E3E0080077CFEF9C3FFE3FF016B
:10E77000FCE0077E3F00000F3CFCF3C3FFE1FB031E
:10E78000FCE0077E7F00000F3CF8FFC77FE0F30747
:10E79000FCE00F3FFE01001F3EE0FFC70FE0F30764
:10E7A000FCC0FF3FFE1F001E1EC0FFCF0FE0E307AF
:10E7B000FCC0FF1FFC1F003E1E80FFCF0FE0C707FD
:10E7C000FC00FF0FF81F003C1F00FEDF0FE0870179
:10E7D000FC00FE03E01F007C0F00FC1F0000000097
:10E7E00000000000000000780F00F03F0000000073
:10E7F00000000000000000F80F00E07F00000000B3
:10E8000000000000000000F8070080FF0100000089
:10E8100000000000000000F0000000FE0700000003
:10E8200000000000000000F0000000F83F000000C1
:10E8300000000000000000F0000000E0FF00000009
:10E8400000000000000000E000000080FF07000062
:10E8500000000000000000E000000000FC3F00009D
:10E86000000000000000000000000000F0FF0100B8
:10E8700000000000000000000000000080FF3F00DA
:10E8800000000000000000000000000000F8FF0F82
:10E890000000000000000000000000000080FFFFFA
:10E8A000FF7F000000000000000000000000FCFFEF
:10E8B000FFFF000000000000D092D0A00000000088
:10E8C0003120D0BAD0B0D0BDD0B0D0BB0000000055
:10E8D0003220D0BAD0B0D0BDD0B0D0BBD0B00000C4
:10E8E0004845504120D0A4D0B8D0BBD18CD182D1E2
:10E8F0008020D0B7D0B0D181D0BED180D0B5D0BD2E
:10E9000000000000D09DD0B5D0B2D0BED0B72E2030
:10E91000D0BFD0BED0B4D0B4D0B5D1802E20D1835A
:10E92000D181D182D0B0D0B221000000D09DD0B82A
:10E93000D0B7D0BAD0BED0B520D0BDD0B0D0BFD126
:10E9400080D18FD0B6D0B5D0BDD0B8D0B500000042
:10E95000D092D18BD181D0BED0BAD0BED0B520D08C
:10E96000BDD0B0D0BFD180D18FD0B6D0B5D0BDD0C2
:10E97000B8D0B50044696E7075740000D09DD0B5F4
:10E98000D181D0BFD18020D0BAD0B0D0BDD0B0D04E
:10E99000BB203100D09DD0B5D0B8D181D0BFD180BF
:10E9A00020D0BAD0B0D0BDD0B0D0BB203200000053
:10E9B000D09DD0B5D0B8D181D0BF2E20D0B4D0B0AA
:10E9C000D182D187D0B8D0BAD0B00000D097D0B023
:10E9D000D181D0BED180D0B5D0BD20D0BFD180D024
:10E9E000B5D0B4D184D0B8D0BBD18CD182D1800085
:10E9F000D09DD0B5D0B2D0BED0B7D0BCD0BED0B6EE
:10EA0000D0BDD0BE00000000312028D09ED181D0E2
:10EA1000BDD0BED0B2D0BDD0BED0B929000000005C
:10EA2000322028D094D0BED0BF2E290056415600A7
:10EA3000436F6E7374204C302C32000056415620C8
:10EA40002B20436F6E7374204C302C32000000007A
:10EA5000D097D0B0D0BAD180D18BD182D0BE0000B7
:10EA6000D09CD0B8D0BDD0B8D0BCD0B0D0BBD18CA9
:10EA7000D0BDD0B0D18F0000D0A1D180D0B5D0B45E
:10EA8000D0BDD18FD18F0000D09CD0B0D0BAD18171
:10EA9000D0B8D0BCD0B0D0BBD18CD0BDD0B0D18F8D
:10EAA00000000000D09ED182D0BAD180D18BD1821B
:10EAB000D0BE00004341560056415620D09FD0B0F2
:10EAC000D181D181D0B8D0B22E20D0A200000000D8
:10EAD00056415620D09AD0BED0BCD0BD2E20D0BA40
:10EAE000D0BED0BDD182D1802E000000564156202C
:10EAF000D09FD180D0B5D0BED0B1D1802E20D0A2B1
:10EB00002CD0A1D09E322CD09D000000302D313071
:10EB100020D09200322D313020D09200342D32306E
:10EB200020D0BC4100000000D092D18BD0BAD0BB25
:10EB300000000000D092D0BAD0BB0000D0A0D0B569
:10EB4000D0B6D0B8D0BC20D0A4D09CD0A7000000B4
:10EB5000D0A0D0B5D0B6D0B8D0BC204341562F56A7
:10EB600041562D425000000070706D00D0BC2F63E4
:10EB700020000000D09FD0B020000000D09ED182A5
:10EB8000D0BED0BFD0BBD0B5D0BDD0B8D0B50000BE
:10EB9000D09ED185D0BBD0B0D0B6D0B4D0B5D0BD8A
:10EBA000D0B8D0B500000000D090D0B2D182D0BE95
:10EBB000D0BCD0B0D1820000444970757400000010
:10EBC00052532D3438350000544350204950000032
:10EBD000302E3100302E3500312E3000322E3000F4
:10EBE000332E3000352E300031302E300000000042
:10EBF0005CFF79C4252B30382E326600256920D081
:10EC00009FD0B00025782578257825782578257837
:10EC100000000000D09ED181D182D0B0D0BDD0BE46
:10EC2000D0B2D0BBD0B5D0BD00000000D09AD0B0DB
:10EC3000D0BBD0B8D0B1D180D0BED0B2D0BAD0B0D5
:10EC400000000000D0A0D0B0D0B1D0BED182D0B0F2
:10EC500000000000253033692E253033692E253021
:10EC600033692E2530336900256920D092000000D9
:10EC7000D0A1D182D0B0D180D1823F00D097D0B086
:10EC8000D0B1D0BBD0BED0BA0000000020202020E0
:10EC9000D09FD0B5D180D0B5D0B7D0B0D0B3D180CF
:10ECA000D183D0B7D0B8D182D18C3F202020200092
:10ECB000253030303030306920D187D0B0D181D08C
:10ECC000BED0B2202530306920D0BCD0B8D0BDD164
:10ECD00083D18200206B657920646F776E0D000010
:10ECE000F0FF79445CFF7944E7FB1F412530372E64
:10ECF0003366000025322E31662043002530322E47
:10ED00003166204300000000253034692070706DAA
:10ED1000000000002530336920252500D0A4D0B0A4
:10ED2000D0BAD18200000000D09ED182D0BAD1806A
:10ED30002E000000D097D0B0D0BAD1802E000000B5
:10ED40002530362E316620257300000025362E3101
:10ED50006620257300000000D09ED182D0BCD0B5C3
:10ED6000D0BDD0B8D182D18C20D0BAD0B0D0BBD059
:10ED7000B8D0B1D0BED180D0B2D0BAD1833F0000DC
:10ED8000D09AD0B0D0BBD0B8D0B1D180D0BED0B2A4
:10ED9000D0BAD0B02E2E2E00D09ED182D0BAD0B014
:10EDA000D0BBD0B8D0B1D180D0BED0B2D0B0D1829B
:10EDB000D18C20303F000000253033690000000076
:10EDC000253169002530372E32660000252B30367C
:10EDD0002E316600252B30372E3166002530362E39
:10EDE0003166000025362E34660000002530352EB1
:10EDF000316600002020202020D0A1D0B1D180D0C9
:10EE0000BED181D0B8D182D18C20D0B6D183D1806F
:10EE1000D0BDD0B0D0BB3F202020000025303469C9
:10EE200020D0BC5E332FD187000000002D2D2D2D6A
:10EE300020D0BC5E332FD18700000000253032691E
:10EE40002E253032692E253032690000D0B1D0BE77
:10EE5000D0BBD0B5D0B5203930250000D181D0B598
:10EE6000D182D0B8203C20256920D092000000003B
:10EE7000D181D0B5D182D0B8203E20256920D09252
:10EE800000000000D0BFD0BED0B4D0B4D0B5D18087
:10EE9000D0B6D0B8D0B2D0B0D182D18C20D183D16D
:10EEA00081D182D0B0D0B2D0BAD1830030302F30EF
:10EEB00030000000253032692F2530326900000013
:10EEC00025692043000000002530336920D09FD001
:10EED000B00000002D2D2D20D09FD0B000000000EC
:10EEE0002569202525000000253034690000000038
:10EEF00025692F2569000000D09FD180D0B8D0BEF1
:10EF0000D180D0B8D182D0B5D18220D180D0B5D037
:10EF1000B32E3A00D09FD180D0B8D0BED1802E2061
:10EF2000D180D0B5D0B3D183D0BB2E00D0A2D0B881
:10EF3000D0BF20D0B4D0B0D182D187D0B8D0BAD091
:10EF4000B02E3A00253032693A253032693A253000
:10EF500032690000000F0C0001000000C0F8010041
:10EF60007A0000000002190000000000F8F901001A
:10EF7000000000000002254602000000B0F9010078
:10EF8000380000000046250002000000B8F901002A
:10EF9000390000000002320002000000E4F8010025
:10EFA0003700000001023E0002000000C0F901002D
:10EFB0003A000000000F0C0001000000C0F8010042
:10EFC0007B0000000002190000000000D4F90100DD
:10EFD000000000000002254602000000B0F9010018
:10EFE0003D0000000046250002000000B8F90100C5
:10EFF0003E0000000002320002000000E4F80100C0
:10F000003C00000001023E0002000000C0F90100C7
:10F010003F000000000F0C0001000000C0F80100DC
:10F020007C00000000021900000000008CF90100C3
:10F03000000000000002254602000000B0F90100B7
:10F04000420000000046250002000000B8F901005F
:10F05000430000000002320002000000E4F801005A
:10F060004100000001023E0002000000C0F9010062
:10F0700044000000000F0C0001000000C0F8010077
:10F080007D000000000219000000000030F90100BE
:10F0900000000000000225000200000050F90100FD
:10F0A0003B000000000232000200000064F9010091
:10F0B0004000000001023E000200000078F901005B
:10F0C00045000000000F0C000100000094F7010053
:10F0D000770000000002190002000000F0F70100B4
:10F0E00054000000010225000200000008F80100A1
:10F0F00053000000000F0C000100000094F7010015
:10F100007800000000021900000000001CF8010057
:10F1100000000000000225000100000034F801009A
:10F120005F000000000232000200000044F801000D
:10F130005C00000001023E000200000054F80100E3
:10F140005D000000000F0C000100000094F70100BA
:10F150007700000000021900000000001CF8010008
:10F1600000000000000225000000000064F801001B
:10F1700000000000000232000200000044F801001C
:10F180004F00000001023E000200000054F80100A0
:10F1900050000000000F0C000100000094F7010077
:10F1A0007E0000000002190000000000A8F7010026
:10F1B000000000000002250001000000D0F701005F
:10F1C000130000000002320001000000E0F701001F
:10F1D0001400000001023E00020000004401020091
:10F1E0006C00000000000C0001000000D8FF0100CE
:10F1F000020000000000190001000000C0F301003F
:10F20000250000000000250001000000ECFF0100C7
:10F210002D000000000032000100000030FD010060
:10F220002E0000000000322801000000440102000E
:10F230002F00000001003E000100000030F7010037
:10F240003000000000020C000100000010F7010077
:10F250001A00000000021900010000004401020031
:10F260001B0000000002320000000000BCFF010093
:10F270000000000001023E0001000000A8FC0100A7
:10F280002600000000020C000100000010F7010041
:10F290001A000000000219000100000044010200F1
:10F2A0001B000000000225000100000030F70100F3
:10F2B0004700000001023200010000003CF701009D
:10F2C0000500000000020C0001000000B0FF01007A
:10F2D0000300000000021900010000000CFD010005
:10F2E0000400000000022500010000000CFF0100E6
:10F2F00008000000000232000100000048FF010089
:10F300000700000001023E0001000000440102006D
:10F310000600000000020C00010000007CFF01005C
:10F3200024000000000219000100000098FF010005
:10F33000120000000002250001000000C0F60100DC
:10F340000500000000023200000000009CFF0100E8
:10F350000000000001023E0501000000440102001F
:10F360000900000000020C0001000000C8FB0100C1
:10F37000270000000002190001000000E8FB010066
:10F38000290000000002250001000000F4FB01003C
:10F3900028000000000232000100000044010200C9
:10F3A0002A00000001023E000100000044010200AA
:10F3B0002B000000D09A2ED09F2ED0A1000000007C
:10F3C000D0A3D181D182D0B0D0B2D0BAD0B0000019
:10F3D00000020C0001000000D8F6010060000000EF
:10F3E0000002190001000000E8F6010061000000C1
:10F3F0000002250001000000F8F601006200000094
:10F40000000232000100000000F70100630000006C
:10F4100001023E000100000008F701006400000046
:10F42000000F0C00010000001CFA01006E0000003B
:10F430000002190002000000CCEB010006000000F1
:10F440000002250002000000E8FE01001700000095
:10F450000002320002000000F4FE0100180000006B
:10F4600001023E000200000000FF01000A0000004F
:10F47000000F0C000000000078FE010000000000FA
:10F48000000219000000000098FE010000000000CA
:10F490000002250002000000B8FE0100220000006A
:10F4A0000002320002000000D0FE01002300000034
:10F4B00001023E0002000000B4F301001000000051
:10F4C000000F0C00000000000CFE01000000000016
:10F4D00000021900000000002CFE010000000000E6
:10F4E0000002251402000000440102002000000078
:10F4F0000073250000000000D8EE010000000000AD
:10F50000000232000000000050FE01000000000078
:10F5100000733E0000000000D8EE01000000000073
:10F5200001023E140200000044010200210000001C
:10F53000000F0C00010000001CFA01007300000025
:10F5400000021900020000009CFD01000C000000F8
:10F550000002250002000000B8FD01000B000000C1
:10F560000002320002000000D4FD0100190000007A
:10F5700001023E0002000000F0FD01001E0000003C
:10F58000000F0C000000000060FD01000000000002
:10F5900000021900000000001CF80100000000003B
:10F5A000000225000200000044F8010015000000E0
:10F5B000000232000200000054F8010016000000B2
:10F5C00001023E000200000080FD01000F0000006B
:10F5D000000F0C000100000094F701007E00000005
:10F5E0000002190000000000A8F701000000000060
:10F5F000000225000100000018FD010013000000BA
:10F60000000232000100000030FD01001400000083
:10F6100001023E000200000040FD01001C0000004D
:10F62000000F0C0000000000B8FC0100000000000A
:10F630000002190002000000D8FC01000D000000CB
:10F640000002250002000000F4FC01001F00000081
:10F650000002320002000000E8FB0100030000008D
:10F6600001023E00020000000CFD01000400000049
:10F67000000F0C000000000040FC01000000000032
:10F68000000219000000000060FC01000000000002
:10F69000000225000000000088FC010000000000BE
:10F6A0000002320001000000A8FC0100260000005A
:10F6B00001023E0002000000440102002C00000094
:10F6C000D09DD0B0D0BFD180D18FD0B6D0B5D0BD75
:10F6D000D0B8D0B500000000D0A220D0BFD0B0D1AB
:10F6E00081D1812E20310000D0A220D0BFD0B0D156
:10F6F00081D1812E20320000542C4149310000007C
:10F70000434F322C41493200482C4149330000001C
:10F71000D0A2D0B5D0BAD183D189D0B8D18520D0EC
:10F72000B0D0B2D0B0D180D0B8D0B93A000000008B
:10F73000D0A0D0B5D0B6D0B8D0BC0000D09DD0B04D
:10F74000D0BFD180D18FD0B6D0B5D0BDD0B8D0B5D4
:10F7500000000000D0A2D0B8D0BF20D183D181D189
:10F7600082D180D0BED0B9D181D182D0B2D0B03ACE
:10F7700000000000D0A2D0B5D181D182D0BED0B2DD
:10F78000D18BD0B920D180D0B5D0B6D0B8D0BC3ACA
:10F7900000000000D09DD0B0D181D182D180D0BEF8
:10F7A000D0B9D0BAD0B80000D0A2D0B5D0BAD183E9
:10F7B000D189D0B8D0B920D0BFD0B5D180D0B5D004
:10F7C000BFD0B0D0B420D0B4D0B0D0B2D0BB2E0017
:10F7D000D09AD0B0D0BDD0B0D0BB20310000000056
:10F7E000D09AD0B0D0BDD0B0D0BB20320000000045
:10F7F000D0A2D0B8D0BFD0BED180D0B0D0B7D0BC0E
:10F80000D0B5D18000000000D0A2D0B8D0BF20D1A8
:10F8100080D0B5D0B3D183D0BB2E0000D09FD0987C
:10F8200020D180D0B5D0B3D183D0BBD18FD182D0FD
:10F83000BED18000D09AD0B0D0BDD0B0D0BBD0B0B7
:10F8400020000000D09AD0BED18DD1842E20D09F30
:10F8500000000000D09AD0BED18DD1842E20D09847
:10F8600000000000D092D0B5D0B4D0BED0BCD18BB7
:10F87000D0B920D0BAD0B0D0BDD0B0D0BB20322EBD
:10F8800000000000D09FD09820D180D0B5D0B3D157
:10F8900083D0BBD18FD182D0BED1802000000000A8
:10F8A000D092D0B5D0B4D183D189D0B8D0B920D03E
:10F8B000BAD0B0D0BDD0B0D0BB20312E00000000F7
:10F8C000D09DD0B0D181D182D180D0BED0B9D0BAB4
:10F8D000D0B8202020202000D09AD0B0D0BDD0B009
:10F8E000D0BB0000D0A2D0B8D0BF0000D09FD0BE07
:10F8F000D181D0B5D0B7D0BED0BDD0BDD0BED0B5EF
:10F9000020D180D0B5D0B3D183D0BBD0B8D1802E98
:10F9100000000000D0A3D181D182D0B0D0B2D0BA43
:10F92000D0B020D0B4D0B0D1822E2054200000001E
:10F93000D0A3D181D182D0B0D0B2D0BAD0B820D0AB
:10F94000B4D0B0D182D187D0B8D0BAD0BED0B200B6
:10F95000D0A3D181D182D0B0D0B2D0BAD0B020540F
:10F9600000000000D0A3D181D182D0B0D0B2D0BAF3
:10F97000D0B020434F320000D0A3D181D182D0B08B
:10F98000D0B2D0BAD0B0204800000000D094D0B897
:10F99000D0B0D0BFD0B0D0B7D0BED0BD20D0B4D0C2
:10F9A000B0D182D187D0B8D0BAD0B0204800000002
:10F9B000D0BED18200000000D0B4D0BE0000000054
:10F9C000D0A1D0BCD0B5D189D0B5D0BDD0B8D0B53C
:10F9D00000000000D094D0B8D0B0D0BFD0B0D0B725
:10F9E000D0BED0BD20D0B4D0B0D182D187D0B8D0D5
:10F9F000BAD0B020434F3200D094D0B8D0B0D0BFEE
:10FA0000D0B0D0B7D0BED0BD20D0B4D0B0D182D18C
:10FA100087D0B8D0BAD0B02054000000D09DD0B06C
:10FA2000D181D182D180D0BED0B9D0BAD0B8202077
:10FA30002020202000000000D090D0B2D182D0BE83
:10FA400020D0BAD0BED180D1802E3020D1872E00D8
:10FA5000D0A3D0B1D0BED180D0BAD0B020284449F4
:10FA6000342920D0BCD0B8D0BD000000D09AD0B08E
:10FA7000D0BBD0B8D0B1D1802E20302C20D1812E57
:10FA80003A000000D092D180D0B5D0BCD18F20D127
:10FA900083D181D180D0B5D0B42E20D1812E000069
:10FAA000D09A2ED09F2ED0A120D0BAD0B0D0BDD029
:10FAB000B0D0BB20310000004620D0BAD0B0D0BDBD
:10FAC0002E20312C20D0BC5E32000000D09A2ED0E7
:10FAD0009F2ED0A120D0BAD0B0D0BDD0B0D0BB2006
:10FAE000320000004620D0BAD0B0D0BD2E20322C3B
:10FAF00020D0BC5E32000000D090D0B2D0B0D18017
:10FB0000D0B8D0B9D0BDD0B0D18F20D183D181D1E0
:10FB100082D0B0D0B2D0BAD0B0000000D0A1D0BC5A
:10FB2000D0B5D18920320000D0A3D181D182D0B00C
:10FB3000D0B2D0BAD0B80000D09CD0B8D0BD2E0082
:10FB4000D09CD0B0D0BAD1812E000000D0A1D180FD
:10FB5000D0B5D0B42E000000D095D0B4D0B8D0BD70
:10FB6000D0B8D186D18B20D0B8D0B7D0BCD0B5D149
:10FB700080D0B5D0BDD0B8D18F000000D0A3D18146
:10FB8000D182D0B0D0B2D0BAD0B00000D0A2D0B81C
:10FB9000D0BFD0BED180D0B0D0B7D0BCD0B5D1808E
:10FBA00020D092D0A0000000D0A3D181D1822E20FD
:10FBB000D0BA203100000000D0A3D181D1822E2004
:10FBC000D0BA203200000000D097D0B0D0BFD0B85B
:10FBD000D181D18C20D0B6D183D180D0BDD0B0D04E
:10FBE000BBD0B03A00000000D094D0B0D182D0B0E9
:10FBF0003A000000D092D180D0B5D0BCD18F3A006D
:10FC00002020D094D0BBD18F20D0BFD0B5D180D010
:10FC1000B5D0B7D0B0D0B3D180D183D0B7D0BAD01F
:10FC2000B820000020202020D0BDD0B0D0B6D0BC5D
:10FC3000D0B8D182D0B520D092D092D09ED09400AE
:10FC4000D09DD0B0D181D182D180D0BED0B9D0BA30
:10FC5000D0B8202020202020392F31300000000093
:10FC60002020D094D0BBD18F20D181D0B1D180D0F1
:10FC7000BED181D0B020D0B6D183D180D0BDD0B09C
:10FC8000D0BBD0B000000000202020202020D0BD1C
:10FC9000D0B0D0B6D0BCD0B8D182D0B520D092D020
:10FCA00092D09ED094000000D097D0B0D0BFD0B8F2
:10FCB000D181D0B5D0B93A00D09DD0B0D181D18218
:10FCC000D180D0BED0B9D0BAD0B8202020202020FA
:10FCD000382F313000000000D09AD0BED0BDD18284
:10FCE000D180D0B0D181D182D0BDD0BED181D182DE
:10FCF000D18C0000D09ED181D1822E20D0B2D0B53F
:10FD0000D0BDD18220D1812E00000000D092D180C0
:10FD1000D0B5D0BCD18F0000D092D0B5D0BDD182AB
:10FD2000D0B8D0BBD18FD182D0BED180000000002E
:10FD3000D0A4D0B8D0BBD18CD182D180000000003B
:10FD4000D09ED182D0BAD0B0D0BBD0B8D0B1D18003
:10FD5000D0BED0B2D0B0D182D18C20300000000013
:10FD6000D09DD0B0D181D182D180D0BED0B9D0BA0F
:10FD7000D0B8202020202020362F31300000000075
:10FD8000D092D180D0B5D0BCD18F20D183D181D1B8
:10FD900080D0B5D0B42E20D181000000D09DD0B04D
:10FDA000D0BFD180D18FD0B6D0B5D0BDD0B8D0B56E
:10FDB000206D696E00000000D0A1D0B1D180D0BE0E
:10FDC000D18120D0B0D0B2D0B0D180D0B8D0B820BE
:10FDD0006D696E00D09DD0B0D0BFD180D18FD0B62C
:10FDE000D0B5D0BDD0B8D0B5206D6178000000008E
:10FDF00043D0B1D180D0BED18120D0B0D0B2D0B06C
:10FE0000D180D0B8D0B8206D61780000D09DD0B03E
:10FE1000D181D182D180D0BED0B9D0BAD0B8202083
:10FE200020202020342F313000000000D09DD0B0A1
:10FE3000D1872E20D181D0BED0BFD1802E20D184B9
:10FE4000D0B8D0BBD18CD182D180D0B0000000001E
:10FE5000D09AD0BED0BDD0B5D1872E20D181D0BE12
:10FE6000D0BFD1802E20D184D0B8D0BBD18CD1824C
:10FE7000D180D0B000000000D09DD0B0D181D1821F
:10FE8000D180D0BED0B9D0BAD0B820202020202038
:10FE9000332F313000000000D0A3D181D182D0B007
:10FEA000D0B2D0BAD0B820D180D0B5D0B62E2020D4
:10FEB000D0BC5E332FD18700D0A0D0B5D0B6D0B89B
:10FEC000D0BC20312028D09ED181D0BD2E29000069
:10FED000D0A0D0B5D0B6D0B8D0BC20322028D09495
:10FEE000D0BED0BF2E290000495020D09FD0BED117
:10FEF00080D18200D0A8D0BBD18ED0B70000000046
:10FF0000D09CD0B0D181D0BAD0B00000D0A0D0B5B4
:10FF1000D0B6D0B8D0BC20D183D0BFD180D0B0D0A3
:10FF2000B2D0BB2E00000000D09FD180D0BED182C5
:10FF3000D0BED0BAD0BED0BB20D181D0B2D18FD06C
:10FF4000B7D0B82E00000000D090D0B4D180D0B58A
:10FF5000D181204D6F64427573000000D0A2D0B0F3
:10FF6000D0B9D0BCD0B0D183D18220D181D0B2D190
:10FF70008FD0B7D0B8000000632E0000D0A2D0B55B
:10FF8000D0BCD0BF2E20D0B2D0BED0B7D0B4D18399
:10FF9000D185D0B0000000004D414300D09CD0BEC0
:10FFA000D182D0BED187D0B0D181D18B00000000EA
:10FFB000D094D0B0D182D0B000000000D096D183D0
:10FFC000D180D0BD61D0BB20D0B0D0B2D0B0D18074
:10FFD000D0B8D0B900000000D0A1D0BED181D1826C
:10FFE000D0BED18FD0BDD0B8D0B50000D0A4D0B095
:10FFF000D0BAD1822E20D180D0B0D181D1852E002F
:020000022000DC
:1000000000007F43000090400000000000FEAF4071
:10001000D0A0D0B5D0B6D0B8D0BC20D0BED0BDD046
:10002000B1D0BED0BDD0B2D0BBD0B5D0BDD0B8D18C
:100030008F20D0BAD0BED0BDD184D0B8D0B3D183B8
:10004000D180D0B0D186D0B8D0B80000D092D0B591
:10005000D180D181D0B8D18F20D09FD09E202530A3
:1000600032692E253032692E2530326900000000B9
:10007000436F6E66696700004932430053657269D9
:10008000616C00004C434400414443004D505443D4
:100090005000000075736572000000004B45594226
:1000A0004F415244000000004465665461736B0088
:1000B00056DC00008CDC000000DD00008CDC000061
:1000C000ECDD000092DC0000BADC000022DF000062
:1000D0002EDF00003EDF000032DF00003EDF0000C8
:1000E0003EDF00003EDF000036DF00003EDF0000A4
:1000F0003EDF00003EDF00003EDF00003EDF00008C
:100100003EDF00003EDF00003ADF0000A0E100001B
:10011000B0E10000B4E10000B0E100003EE3000007
:10012000B0E10000ECE20000B0E1000060E300009C
:1001300000401C466463686572720D0025692020CA
:1001400025690D0A000000000000184100000000B1
:100150007B14AE47E17A943F0000000000000040AD
:10016000000000000000C03F000000000000104040
:100170000000000000003240784D425574696C5315
:10018000657442697473000075634E42697473202C
:100190003C3D203800000000433A2F5573657273D0
:1001A0002F692E64796D6F762F446F63756D656E60
:1001B00074732F467265654D6F6462757350726F0C
:1001C0006A6574632F6D6F646275732F66756E63F5
:1001D00074696F6E732F6D627574696C732E630032
:1001E000504F525420737461727420696E69740D9B
:1001F00000000000504F52542044495341424C45A6
:100200000D000000504F5254206E6F7420697469C5
:10021000740D000000C1814001C0804101C08041D7
:1002200000C1814001C0804100C1814000C18140C6
:1002300001C0804101C0804100C1814000C18140B6
:1002400001C0804100C1814001C0804101C08041A6
:1002500000C1814001C0804100C1814000C1814096
:1002600001C0804100C1814001C0804101C0804186
:1002700000C1814000C1814001C0804101C0804176
:1002800000C1814001C0804100C1814000C1814066
:1002900001C0804101C0804100C1814000C1814056
:1002A00001C0804100C1814001C0804101C0804146
:1002B00000C1814000C1814001C0804101C0804136
:1002C00000C1814001C0804100C1814000C1814026
:1002D00001C0804100C1814001C0804101C0804116
:1002E00000C1814001C0804100C1814000C1814006
:1002F00001C0804101C0804100C1814000C18140F6
:1003000001C0804100C1814001C0804101C08041E5
:1003100000C1814000C0C101C30302C2C60607C7B5
:1003200005C5C404CC0C0DCD0FCFCE0E0ACACB0B25
:10033000C90908C8D81819D91BDBDA1A1EDEDF1F55
:10034000DD1D1CDC14D4D515D71716D6D21213D345
:1003500011D1D010F03031F133F3F23236F6F737F5
:10036000F53534F43CFCFD3DFF3F3EFEFA3A3BFBE5
:1003700039F9F83828E8E929EB2B2AEAEE2E2FEF95
:100380002DEDEC2CE42425E527E7E62622E2E32305
:10039000E12120E0A06061A163A3A26266A6A76735
:1003A000A56564A46CACAD6DAF6F6EAEAA6A6BABA5
:1003B00069A9A86878B8B979BB7B7ABABE7E7FBFD5
:1003C0007DBDBC7CB47475B577B7B67672B2B373C5
:1003D000B17170B050909151935352929656579775
:1003E000559594549C5C5D9D5F9F9E5E5A9A9B5B65
:1003F00099595898884849894B8B8A4A4E8E8F4F15
:100400008D4D4C8C44848545874746868242438384
:1004100041818040654D425254555265636569760D
:1004200065000000784D4252545552656365697607
:100430006546534D00000000784D425254555472A9
:10044000616E736D697446534D000000784D4252E1
:10045000545554696D6572543335457870697265C9
:10046000640000007573526376427566666572506B
:100470006F73203C204D425F5345525F5044555F9F
:1004800053495A455F4D415800000000433A2F55EB
:10049000736572732F692E64796D6F762F446F6365
:1004A000756D656E74732F467265654D6F64627508
:1004B0007350726F6A6574632F6D6F646275732F0A
:1004C0007274752F6D627274752E630065536E645D
:1004D0005374617465203D3D2053544154455F542D
:1004E000585F49444C450000282065526376537498
:1004F000617465203D3D2053544154455F52585F1F
:10050000494E49542029207C7C202820655263765E
:100510005374617465203D3D2053544154455F52EE
:10052000585F5243562029207C7C20282065526346
:10053000765374617465203D3D2053544154455FAA
:1005400052585F4552524F5220290000655263763F
:100550005374617465203D3D2053544154455F52AE
:10056000585F49444C45000047494E545F5354413D
:10057000545F554E52454143480D000047494E5483
:100580005F535441545F49505F434F4E464C490DB1
:1005900000000000504859204C696E6B2053756371
:1005A000636573730D000000650003020304030517
:1005B00004060D00FE09FE0AFF015F02C4040320C9
:1005C00005006E0721074943C7210922079B5A47A7
:1005D0006209230E3D464F294906A53228A524016C
:1005E000240F4D4257362851926D49940C5A0425D8
:1005F0000D4D424FA474CC8A498B9400260E45427F
:100600004F9644495689A22952022706195BC70012
:10061000280BDB3E57122551B7280B290CDB3E4730
:10062000166551972889002A0A2D5257A5B23445DC
:10063000002B0A2D4A57180D5218012C079B3E8F8C
:1006400052022D060D52C7202E089B3E4FB22400A9
:100650002F0B4D42672DCC8A591802300B4D425753
:1006600096D4BC25B508310B4D42572625614F83E2
:1006700000320B4D42CF926961D67110330C4D425E
:10068000C72066B535D49205340F4D425F9849496D
:10069000949492410B1300350C4D42C7B1620A434A
:1006A0002D5900360D4D42CF9289E19064B6640118
:1006B000370C4D42C72066611666610D380D4D42FC
:1006C000CF92D99225B3250B00390D4D42CF92D947
:1006D00092210CB564013A0BC33E4FB2E448B224F8
:1006E000003B0AC33E4FB2E48852023C084D4267C9
:1006F000D6B5033D09254AC7A06383003E094D4294
:1007000047DAAD23003F0C4D42CF92696156CCA130
:1007100008400D4D42CF92999644492CE910410C66
:100720004D425796D46CC390D90242104D42C71027
:1007300055A2244AA64A94448302430B4D42CF92C9
:1007400089BD250B0044124D42C71055A2244AA270
:10075000244AA2241A1400450B4D42C7B138246123
:100760007110460B4D42C7B13824612300470C4D30
:1007700042CF92894D9B962C00480B4D4247E6365E
:100780000C995B004908CB42C712F5654A0B4D42F4
:10079000D716F6124512004B0D4D4247664A4A5A8B
:1007A0001255322D4C094D4247D88F83004D0D4DC7
:1007B0004247A62D4BA2249A5B004E0D4D42473670
:1007C0004D4AA224D24D0B4F0A4D42CF92F92D59DA
:1007D00000500C4D42C79064B641091B01510A55A7
:1007E0003ECF92F9A5B206520D4D42C79064B64174
:1007F0002955322D530C4D42CF9289E91A6AC9020C
:1008000054094D42C72085FD0455094D4247E66F06
:10081000C902560D4D4247E696949228C9C2085720
:100820000D4D4247E62551122551BA00580E4D4252
:1008300047A625A524AB44494D0B590C4D4247A66C
:1008400025A5240B3B015A0C4D42C720666156CCAE
:10085000C2415B09DB3EC710F5A7015C0B4D424767
:10086000988669310D035D09DB3EC7D49F86005E23
:10087000081D5A5796D4025F060D3EC72060061227
:10088000634714610B3542CF9A0C9AA42801620C7D
:100890004D4247581C92CC6D5000630A3542CF92AE
:1008A00089B56401640B4D4267CBA0B9254300654F
:1008B0000C3542CF920D4398250B00660C4D4297A4
:1008C0005409B3210ADB00670C453ACF92D9922133
:1008D000D49205680A4D4247D862D2DC026908C347
:1008E000424F2875196A0B543A5FACB54952A200C1
:1008F0006B0D4D4247D89494B424AA64016C08CB84
:100900004287D42F036D0D354287D2A2244AA224F8
:100910005A006E0935424762D2DC026F0A3542CF77
:1009200092B9250B00700C453AC79064B641098B0B
:1009300000710A453ACFA0D992216C72093542471D
:1009400062121B01730C3542CF92256A92250B006F
:10095000740C45424F980D51D81429007509354241
:1009600047E6495102760B354247664B4A49160124
:10097000770B35424766499444E902780B35424784
:1009800096D4C22CA905790C453A47E6A428A1962D
:100990002C007A093542C7A0751C047B0B5D3E9F75
:1009A0001436A961AB007C064943C7037D0B5D3E4D
:1009B000871AB64A6193067E091D5A4FA424520233
:1009C000000000080464055BFFFF04000E55424F61
:1009D0009A0F63382461380804010F55424F298962
:1009E00087311C92301C040402135D3AC72085A194
:1009F0009644499444499484590204030C5542573F
:100A00009623C326760404040D4D42D79285E190C7
:100A100084693A04050D4D42CF9289E91A6AC902E8
:100A2000040609CB42C712F56504070D55424F294C
:100A3000890729EC340804080C4D42D716F61245F4
:100A400012000409124D428F944449944489525132
:100A50001225B100040A134D42471225511225D127
:100A600090549444492C00040B114D42C72085A199
:100A70009644499444499404040C0F5D425F293321
:100A800025252D892A9916040D0D55424F9A67D2B6
:100A90002599262D040E0E55424796CC992D19C244
:100AA000CA02040F0C5D3A47E66FC31446000410F7
:100AB0000D4D425796D46CC390D90204110E4D428D
:100AC000C79084C521C96C830204120E4D42C790A1
:100AD00064B641C96C830204130A4D42C74DEC232E
:100AE00000041413553E979444499444499444494E
:100AF0009424C31604150C4D42C7B13824617110FB
:100B00000416114D424792288952D9B2A5A2244A0F
:100B10000104170D4D42CF92852535D49205041856
:100B20000E4D424766BA244A324D5A0004190E55FA
:100B3000424796CC997449A6490B041A0E4D424778
:100B4000664A4A5A1255322D041B114D42D71225BE
:100B500051122551122591A605041C0E4D4247B68F
:100B60000CC9922889E616041D0C4D4247E6360C46
:100B7000995B00041E0B4D42CF92F92D5900041FC2
:100B8000094D42C7CDDF0204200D4D42C790646E6F
:100B90008312160104210C4D42CF9289BD250B0012
:100BA00004220A4D42C72085FD0404230D4D42470F
:100BB000E62D19422D59000424104D4257B6549485
:100BC000444994CA16460004250F4D4247A625A560
:100BD00024AB44494D0B0426145D3A479444499490
:100BE00044499444499444C9201604270B4D424774
:100BF000E6960C61070428134D42479228899228F3
:100C0000899228899228C9300429145D3A4792288C
:100C1000899228899228899228C93016042A0E4D73
:100C20004287D83855A2244A1600042B0C4D42475F
:100C3000661B12E98312042C0D4D4247D8382499C3
:100C40006D5000042D0D4D42C75A4C86B0964C0095
:100C5000042E134D42479454944449864449944485
:100C600049A404042F0E4D42CFA0D992214A4A9A9A
:100C70001604300C3542CF9A0C9AA4280104310E88
:100C80004D4267B2844392B9250B0004320D3542C0
:100C9000C7906483926983020433093542C74D6C5F
:100CA0000404340F3D3E97944449944449326C0106
:100CB00004350D3542CF920D4398250B0004360DB7
:100CC00035424792289569A9280504370C3542CF4B
:100CD0009245AA962C0004380B354247665A924931
:100CE0000B04390D4D424796CC996949262D043A9B
:100CF0000C35424726255325D302043B0D3542D7F8
:100D000012255112259116043C0D354247B62C8907
:100D100092685A00043D0B354247A60D43660B040A
:100D20003E0B3542CF92B9250B00043F093542C72F
:100D3000CD5B0004400D453AC79064B641098B0075
:100D400004410B3542CF9289B5640104420A354211
:100D5000C7A514360104430D453A47E6A428A196D9
:100D60002C00044411553A57982D15255112A5B25F
:100D700085110004450B35424796D42A352D04468B
:100D800010453A47944449944449940C62010447FD
:100D90000B354247664B86B00004480F35424792F8
:100DA0002889922889920C03044910453A479228D1
:100DB00089922889920C6301044A0C354287184EA7
:100DC00095285900044B0C354247A60D89745002F2
:100DD000044C0D354247180E49A60D0A00044D0C6F
:100DE0003542C7904663382800044E0F3542479479
:100DF0005494644894444A00044F0D3542CFA0698E
:100E0000C990445A0004500F4D424F9A234B360C60
:100E100061962C0004510F4D424F29C9976C18C29E
:100E20002C59000452135D3A4FB68549A494922878
:100E3000899228CC120004530C4D42579623C326A6
:100E4000360204540B3542CF204E613A0404550D4E
:100E50003542CF92256A92250B00045609C3424FB2
:100E600028751904570C4D424F29C9C54E830004FB
:100E7000580C543A5FACB54952A20004590E3542A1
:100E80008F9444895251120B00045A0E3542471276
:100E900025D1905494C402045B104D424FB685494D
:100EA000A4949228899228045C0E4D425796239967
:100EB000944C954C0B045D0D4D424F9A67A62599B5
:100EC000B400045E0F5D3A4796CC9993A2845AB25F
:100ED00000045F0B453A47E66D98C20804600E4D6A
:100EE000424F9B4BA2244AA2740104610C35424F2D
:100EF0009B922889D2050462104D424F36446138D6
:100F000055A2244A160004630D45424F986DE154E2
:100F10008992050464124D4247B444499444C31273
:100F2000255112450204650D354247B444C31225CC
:100F300051240466114D42579825511225352551EB
:100F400012A50004670D3542579644494D49940255
:100F50000468124D42479444499424C3654886640A
:100F6000480604690E3542479444C9B00CC9900C38
:100F7000046A104D42C72D2925D152511225510A1C
:100F8000046B0D3542C7A0949268A92805046C1122
:100F90004E4247B2F42F43942C4AB2244B01046DC5
:100FA0000E354247322489940CCB900C046E1065A8
:100FB0003A4F14E94B16466A982CE902046F105D0B
:100FC0003A4F14E94B16A961B2A40B000470114DFD
:100FD000424792288992288952D9C212000471107E
:100FE000453A4792288992288952D9C20804720E3C
:100FF0004D42CF92D98621B3250B0004730CB44225
:101000008F120D939428000474114D4247342551DA
:101010001255A2244AB2300204750D3542473425D8
:1010200051254AB208047611564247944579344412
:101030006D499684690604770F4D4247D41A4D498D
:101040005489922C020478155D3A4F964449940CC9
:10105000C9900CC9902C89982500047910453A4F05
:1010600072488664489644CC1200047A0D5D3E575F
:10107000B654345F2A5B04047B0D453E57B65434A6
:101080004B658B00047C125D428F14293AD2A62452
:101090004AA2244A1700047D1055428F14293AD2DF
:1010A000A6244AA27401047E105542C7A59CD4947C
:1010B00044499444E902047F0F4D42C7A59CD4944F
:1010C0004449942E0004800C5D3ACF9219BB8E15D2
:1010D0000004810B3D3ECF9289E9580104820D3511
:1010E0004A5792258954C992080483091E62EF3039
:1010F000A8000484081662CF94090485081562CFFD
:1011000022050486081562CF12090488106E3A4F32
:1011100098E46192730B933C4C0204890E6E3A4F33
:10112000184EA9CE2D0CA754048A10653A4796CCC8
:10113000997449A6492B2600048B0F5D3A4796CC3B
:1011400099694926AD9800048C0F4D424F986DE186
:10115000548992285900048D0D3D424FB685532580
:101160004A1600048E0E4D42C790642EC9A06462D8
:1011700008048F0E453AC7906496645032310404D7
:10118000900A5542E73084FD0804910A3D42E73059
:10119000841D0104920E4D42CF904449986D611B0D
:1011A0000004930C3542CF90444316D60004940CAF
:1011B000553EC7B13824995B0504950B3D3EC77178
:1011C00048325B0504960E5E3A47D29FC6704AFAD3
:1011D000452D04970D463A47D2D336255DD40204F7
:1011E000980E5D3ACF92852535D492AD0604990DBF
:1011F000453ACF9245AA966C3500049A125D3A475B
:101200009444492989B424AA44492416049B0E45D0
:101210003A479494B424AA446201049C104D424776
:10122000A62496D294448952D102049D0D3542479A
:101230009258A644A96801049E0F4D424F34244D94
:101240009A2D892A5100049F0F4D424F986D51529B
:10125000D292A8120504A00F4D428794444949B385
:101260002551250A04A10D3542879494B424AA443B
:101270000104A2145D3A479444499444C9904449F6
:10128000944449241604A310453A479444C9904411
:10129000499444620104A4134D424732245112255B
:1012A000D19444499444490404A50F35424732245B
:1012B000D194444994440004A6145D3AC794444927
:1012C00094448952511225518A590204A710453A73
:1012D000C7944489525112A598250004A810553E80
:1012E000CF928951525112A5B2A50204A90C3D3EDC
:1012F000CF124649CB960A04AA0D5D3ACF9289BD1A
:10130000255B9A0004AB0D453ACF9289B5644B1327
:101310000004AC0C5D3AC720857D142B0004AD0C95
:10132000453AC7A51416C50A0004AE0D4D4247A69E
:1013300025A5240B3B0104AF0D453A47A625A5245E
:101340000B9B0004B00F4D4247A625A5248B062910
:101350002C0104B10F453A47A625A5248B06298CFC
:101360000004B2135E3A47966451922561254BA260
:101370002CC9D40204B30E463A4716256125CA92F9
:101380004C2D04B4145D3AC7524AA2244AA2244AFE
:10139000A2244A86B00004B50F453AC7524AA22497
:1013A0004AA264080B04B6115D3A47944449944438
:1013B00049148D45B10004B70D453A47944449148A
:1013C0008DA15804B80F4D4247E6922895214AA2B4
:1013D000240C04B90C35424766A90C51120604BA14
:1013E0000C4D4247581C92CC5B0004BB0B4C42474F
:1013F000D6B6444E0104BC0F4D42975489926858AA
:10140000C252A40004BD0D354297140D4B18450A75
:101410000004BE115D3A975489926858C252A4A53F
:10142000090004BF0E453A97140D4B18455A9A000F
:1014300004C009CB42C712F56504C1125D4247964C
:10144000CC49A2244A655A2A4AA21404C20F4D422A
:101450004796CC49A254A6A5A21404C3115D3A47ED
:10146000664A4A5A1255322D8C140004C40E453A6D
:101470004726255325D3C2480104C5135D3AD71228
:101480002551122551122591A615130004C60F45AA
:101490003AD7122551122591564C0004C70E5D3AD9
:1014A00047E6360C995B18290004C80D453A47A653
:1014B0000D43660B230504C90D5D3A47E6360C99CA
:1014C0005B310104CA0D453A47A60D43662B260041
:1014D00004CB0E5D3A47E62D19C29A16260004CCBD
:1014E0000D453A47664B8630D3C20404CD105D3AB1
:1014F00047B60CC9922889E6564C0004CE0E453AF0
:1015000047B62C8992685A310104D010554247964B
:10151000EC4896D4B461C8B40004D10E4D4247964D
:10152000EC6B326892A20404D21055424F29C99143
:101530002CA969C390690104D30E4D424F29C9D724
:1015400064D024450904D4124D424FB24449944416
:101550008932255112250304D50C3542CF96244BF0
:1015600029E90204D60F55424796CCC3180E4918F4
:101570000E0204D70F4D424796EC4B360C61962C69
:101580000004D80E4D42CF9285E13064B664010468
:10159000D90D3542CF9285C390250B0004DA105542
:1015A000424F29C9972C1C864C4B160004DB0F4D6B
:1015B000424F29C9972C1C862C590004DC10554237
:1015C0004F29899344A96CD952510A04DD0F4D4229
:1015D0004F29899344A94C4B452904DE0F55424FAE
:1015E00029C9972C8C542D590004DF0E4D424F29E8
:1015F000C9972C52B5640104E00D4D42C72066B571
:1016000035D4920504E10D453AC7A0D5D6504B1606
:101610000004E20D4D42C7A066D22599262D04E3B1
:101620000D4542C7A066A62599B40004E40E5542B4
:101630004F298933E9924C931604E50E4D424F2908
:101640008933D3924C5A0004E60D55424F29C9976D
:10165000CC5BB20004E70D4D424F29C997CC2D5900
:101660000004E80F4D42CF926943A20C992D590016
:1016700004E90D3542CF920D893264C90204EA10A3
:1016800055424F29C9976C489421D3920504EB1019
:101690004D424F29C9976C4894214B160004EC0E1B
:1016A00055424F2989D7CA1066C90404ED0E4D4230
:1016B0004F298987341AC3410104EE0E4D42C7A059
:1016C00066264509B5640104EF0E553AC7A0664E7B
:1016D0008A126AC90204F00F55424F29893393A236
:1016E000845AB20004F10F5D3A4F29893327450926
:1016F000B5640104F20F55424F24C5994951422D5A
:10170000590004F30F5D3A4F24C59993A2845AB24D
:101710000004F40D55424F2989335B32840D04F5E2
:101720000D4D424F2989335B32840504F80E554232
:101730004F2989336D48A4072504F90E4D424F29DE
:1017400089336D48A4831205000C4D4267CBA0B9C4
:1017500025430005010BCC425FCB10392503050260
:10176000104D425758939228499444A92C000503E0
:101770000E4D4257D82625519228950505040E4D49
:10178000424F96846D51254AB20405050C354287B7
:101790001A6651254B0005060C5D3A8F546C52C3F6
:1017A0006A1805070C453AC71A466A988601050863
:1017B000134D428F94444994444994244AA224529C
:1017C0000205090F35428F94444994244A2225008A
:1017D000050A134D42471225511225D194244AA2DD
:1017E000245202050B0F3542471225D194244A2278
:1017F0002500050C0D4D42CF92894D9B962C00057E
:101800000D0C3542CF9289D1962C00050E0E4D421B
:10181000C720855DA2244AB204050F0D3542C720BA
:10182000859528C91200000022090100A6090100BF
:101830002E090100D40B0100B40B0100B40B010010
:10184000CA0B0100D40B0100D40B01000001641489
:1018500001060C4B00093D000004C8FA1008000006
:1018600080004000737172740000000000111213B8
:101870001415161718191A1B1C1D1E1F904D010058
:10188000D64D0100F04D0100004E0100004E010058
:10189000EC4D0100EC4D01000E4E0100010203046D
:1018A0000506070707070707070000000E6201008B
:1018B0001C6301000864010010640100B6640100AB
:1018C00008640100FC640100386501005870FFFFE6
:1018D000DC6EFFFFEC6FFFFFF46FFFFFEC6FFFFFAD
:1018E0000C6FFFFFEC6FFFFFF46FFFFFDC6EFFFF7D
:1018F000DC6EFFFF0C6FFFFFF46FFFFF4E70FFFF0A
:101900004E70FFFF4E70FFFF0C6FFFFFFE76FFFF74
:10191000F075FFFFF075FFFFEE75FFFFF675FFFF37
:10192000F675FFFFBC75FFFFEE75FFFFF675FFFF55
:10193000BC75FFFFF675FFFFEE75FFFFEA76FFFF50
:10194000EA76FFFFEA76FFFFBC75FFFF00010202A7
:101950000303030304040404040404040505050547
:101960000505050505050505050505050606060623
:101970000606060606060606060606060606060607
:1019800006060606060606060606060607070707F3
:1019900007070707070707070707070707070707D7
:1019A00007070707070707070707070707070707C7
:1019B00007070707070707070707070707070707B7
:1019C00007070707070707070707070708080808A3
:1019D0000808080808080808080808080808080887
:1019E0000808080808080808080808080808080877
:1019F0000808080808080808080808080808080867
:101A00000808080808080808080808080808080856
:101A10000808080808080808080808080808080846
:101A20000808080808080808080808080808080836
:101A30000808080808080808080808080808080826
:101A40000808080808080808080808082C2066750F
:101A50006E6374696F6E3A200000000061737365F5
:101A60007274696F6E2022257322206661696C652D
:101A7000643A2066696C6520222573222C206C69EB
:101A80006E65202564257325730A0000232D302BF5
:101A900020000000686C4C00656667454647000002
:101AA000FFFFFFFFFFFFEF7F494E4600696E6600B4
:101AB0004E414E006E616E00303132333435363770
:101AC000383941424344454600000000303132334A
:101AD000343536373839616263646566000000006A
:101AE000000000000000F83F61436F63A787D23F0A
:101AF000B3C8608B288AC63FFB799F501344D33FFD
:101B0000000000000000F03F0000000000001C404A
:101B10000000000000001440000000000000E03F52
:101B2000496E66696E697479000000004E614E006E
:101B300000000000000000000000000000000000A5
:101B40000000000000000000000000000000000095
:101B50000000000000000000000000000000000085
:101B60000000000000000000000000000000000075
:101B70000000000000000000000000000000000065
:101B80000000000000000000000000000000000055
:101B90000080E03779C34143176E05B5B5B8934669
:101BA000F5F93FE9034F384D321D30F94877825A35
:101BB0003CBF737FDD4F1575000000000000F03F53
:101BC0000000000000002440000000000000594018
:101BD0000000000000408F40000000000088C3406B
:101BE00000000000006AF8400000000080842E41E0
:101BF00000000000D01263410000000084D797412C
:101C00000000000065CDCD41000000205FA0024231
:101C1000000000E876483742000000A2941A6D42A6
:101C2000000040E59C30A2420000901EC4BCD64299
:101C300000003426F56B0C430080E03779C3414344
:101C400000A0D8855734764300C84E676DC1AB43BA
:101C5000003D9160E458E143408CB5781DAF1544D8
:101C600050EFE2D6E41A4B4492D54D06CFF08044B3
:101C7000F64AE1C7022DB544B49DD9794378EA44C8
:101C800005000000190000007D0000004300000076
:101C9000504F5349580000000020202020202020D1
:101CA000202028282828282020202020202020200C
:101CB000202020202020202020881010101010101C
:101CC0001010101010101010100404040404040468
:101CD0000404041010101010101041414141414102
:101CE00001010101010101010101010101010101E4
:101CF00001010101101010101010424242424242F4
:101D000002020202020202020202020202020202B3
:101D1000020202021010101020000000000000005B
:101D200000000000000000000000000000000000B3
:101D300000000000000000000000000000000000A3
:101D40000000000000000000000000000000000093
:101D50000000000000000000000000000000000083
:101D60000000000000000000000000000000000073
:101D70000000000000000000000000000000000063
:101D80000000000000000000000000000000000053
:0C1D900000000000000000000000000047
:101D9C00080002401C000240300002404400024097
:101DAC00580002406C0002408000024008040240CF
:101DBC001C04024030040240440402405804024017
:101DCC006C040240800402400030014000380040A6
:101DDC00003C0040003801400044004000480040F6
:101DEC00004C004000000000010203040102030447
:101DFC000607080904001400280050007800C800E9
:101E0C009001000000000C0001000000A8FB010084
:101E1C00690000000000190001000000D0F701006B
:101E2C006700000000002569010000004401020069
:101E3C006A000000000025000100000044010200BF
:101E4C00650000000000320001000000B8FB01003A
:101E5C006800000000003E0001000000E0F70100F7
:101E6C006600000001643E00000000004401020016
:101E7C000000000000000C00010000007CFB0100D1
:101E8C006900000000640C00000000004401020026
:101E9C00000000000000190001000000D0F7010054
:101EAC0067000000006419000000000044010200FB
:101EBC000000000000003200010000008CFB01005B
:101ECC005400000001003E000100000008F8010071
:101EDC005300000001003220010000001CED010045
:101EEC0065000000000F0C0001000000C0F80100AC
:101EFC0079000000000219000200000044010200F9
:101F0C004D000000000219280100000044010200ED
:101F1C00800000000002320000000000ECF801001C
:101F2C000000000001023E0002000000440102001B
:101F3C0046000000010225000200000014F9010017
:101F4C003B000000000F0C000100000094F70100A2
:101F5C0076000000000219000000000084F8010067
:101F6C00000000000002250000000000A0F80100A5
:101F7C0000000000000232000200000044F80100E2
:101F8C005100000001023E000200000054F8010064
:101F9C0052000000000F0C0001000000C0F801000E
:101FAC00790000000002190002000000D8F80100BE
:101FBC00570000000102250002000000E4F80100B7
:101FCC0058000000000F0C00010000001CFA01007A
:101FDC006F000000000219000000000058FB010017
:101FEC000000000000022500020000004401020075
:101FFC0048000000000232000100000030F7010030
:10200C004700000001023E000100000044010200F4
:10201C0056000000000F0C00010000001CFA01002B
:10202C0070000000000219000000000028FB0100F5
:10203C00000000000002251E0200000038FB010019
:10204C003100000000642500010000004401020082
:10205C00480000000002321E0200000040FB01009C
:10206C003300000000643200010000004401020053
:10207C004800000000643E00010000004401020022
:10208C004800000001023E1E020000004CFB010053
:10209C0032000000000F0C00010000001CFA0100CF
:1020AC00710000000002190000000000F8FA0100A5
:1020BC000000000000642500010000004401020043
:1020CC00480000000002251E02000000D0F70100AD
:1020DC0034000000006432000100000044010200E2
:1020EC00480000000002321E02000000E0F7010070
:1020FC003500000000023E0E020000001CFB010037
:10210C004E00000001783E00010000004401020076
:10211C006B000000000F0C00010000001CFA010015
:10212C00740000000002190002000000A0FA010077
:10213C005B0000000002250002000000B8FA01005C
:10214C00360000000002320002000000CCFA010050
:10215C005A00000001023E0002000000E4FA0100F7
:10216C0059000000000F0C00010000001CFA0100D7
:10217C0075000000000219000200000038FA01008E
:10218C0055000000000225000200000050FA01007A
:10219C004A00000000023200020000006CFA01004C
:1021AC004B00000001023E000200000084FA010016
:1021BC000F000000000F0C000100000094F701005C
:1021CC0072000000000219000000000000FC010079
:1021DC0000000000000225000000000024FC0100AB
:1021EC000000000001023E00020000004401020059
:1021FC001D000000000F0C000100000094F701000E
:10220C006D00000000021900020000000CFF01002C
:10221C0008000000000225000200000028FF010059
:10222C0011000000000232000200000048FF010013
:10223C000700000000023E0A020000005CFF0100E3
:10224C000E00000001783E000000000078FF010045
:10225C0000000000010000007400002003000200D8
:10226C0016001600000000000200000084F20100BD
:10227C00010003000000000000000100030000004A
:10228C00C4F2010002000100000000000400010083
:10229C00040000006404002000000000150005008C
:1022AC00008003000500000020F401000000000085
:1022BC0004000600008003000600000030F5010059
:1022CC00000000000500070000800300070000006C
:1022DC0094F10100000000000600080000800300DB
:1022EC000800000034020020000000000700090074
:1022FC0000800300090000008402002000000000A0
:10230C0008000A00008003000A00000004030020FB
:10231C000000000009000B00008003000B0000000F
:10232C0084030020000000000A000C000080030061
:10233C000C000000D4030020000000000B000D0076
:10234C00008003000D000000B4010020000000001C
:10235C000C000E00008003000E000000F4F00100E1
:10236C00000000000D000F00008003000F000000B3
:10237C0044F10100000000000E001000008003007A
:10238C001000000054010020000000000F0011009C
:10239C00008003001100000054EF01000000000059
:1023AC00100012000080030012000000B4EF0100C6
:1023BC000000000011001300008003001300000057
:1023CC0014F0010000000000120014000080030053
:1023DC001400000074F00100000000001300150050
:1023EC000080030015000000240400200000000001
:1023FC00140004000080030016000000D0F301005C
:10240C0000000000010001000000030001000000BA
:10241C00E4F10100030002000B000B0000000000BF
:10242C000200000044F20100010003000000000063
:10243C000C81010003000000C4F201000200010045
:10244C0000000000040001000400000064040020EF
:10245C00000000000F0005000080030005000000D4
:10246C0020F40100000000000400060000800300BE
:10247C000600000070F401000000000005000700D9
:10248C000080030007000000C0F401000000000001
:10249C0006000800008003000800000030F5010071
:1024AC000000000007000900008003000900000084
:1024BC0080F501000000000008000A000080030005
:1024CC000A000000D0F501000000000009000D001A
:1024DC00008003000B00000014F30100000000005A
:1024EC0001000100000003000C00000064F3010077
:1024FC000000000000840083000002000D000000BA
:10250C0020F60100000000000A000E00008003000D
:10251C000E00000070F60100000000000D000F001E
:10252C00008003000F0000002404002000000000C5
:10253C000E000400008003000000000000000000FA
:10254C00000000000000000000000000000000007F
:10255C000000000001020304060708091100000036
:10256C004CF2000004000000C2F100000300000067
:10257C0056F0000010000000DCEF00000600000028
:10258C009AEF000017000000D2F0000001000000DC
:10259C0074ED0000050000000EEE00000F000000BE
:1025AC007AEE00000200000002EF000000000000C4
:1025BC00000000000000000000000000000000000F
:1025CC0000000000000000000000000000000000FF
:1025DC0000000000000000000000000000000000EF
:1025EC00501B0200701B0200301B02000000000098
:1025FC0000000000000000000000000000000000CF
:10260C0000000000000000000000000000000000BE
:10261C0000000000000000000000000000000000AE
:10262C00000000000000000000000000000000009E
:10263C00000000000000000000000000430000004B
:10264C00000000000000000000000000000000007E
:10265C00000000000000000000000000430000002B
:10266C00000000000000000000000000000000005E
:10267C00000000000000000000000000430000000B
:10268C00000000000000000000000000000000003E
:10269C0000000000000000000000000043000000EB
:1026AC00000000000000000000000000000000001E
:1026BC0000000000000000000000000043000000CB
:1026CC0000000000000000000000000000000000FE
:1026DC0000000000000000000000000043000000AB
:1026EC0000000000000000000000000000000000DE
:1026FC00000000000000000000000000430000008B
:10270C0000000000000000000000000000000000BD
:10271C0000000000000000000000000054D3010085
:10272C00CED2010000000000981C0200E8EA010073
:10273C004401020044010200440102004401020071
:10274C004401020044010200440102004401020061
:10275C0044010200FFFFFFFFFFFFFFFFFFFFFFFF32
:10276C00FFFF0000010041534349490000000000F5
:10277C00000000000000000000000000000000004D
:10278C0000000000000041534349490000000000D4
:10279C00000000000000000000000000000000002D
:1027AC000000000000000000D81B0120AAAAAAAA61
:1027BC000E000000000000001000000032080000B5
:1027CC0002040608020506070E0F080001000000AF
:1027DC000100000000A24A040100000002000000F9
:1027EC0001000000C0A80101C0A8010AFFFFFF0002
:1027FC00FFFF000001000000F45200200000CDABF0
:10280C00A8D90100B8D901006E1900000010000011
:10281C004C080020008001200024014000280140C9
:10282C000054004000580040010204081000000051
:10283C00010204006C006D006A006B0070006E00F9
:10284C0071006F0064006600680000003F004700E4
:10285C004F00000043004B00530000000C000D0023
:10286C000F00BFFF6400C800040302013CEB010031
:10287C0050EB010008EA010020EA01002D2D2D2D5E
:10288C000000000010001100120000003F00470083
:10289C004F00000043004B005300000028EB0100E8
:1028AC0034EB01002F003F0047004F003300430082
:1028BC004B0053007C008C009C00000074008400D2
:1028CC0094000000700080009000000003040500DC
:1028DC007800880098000000100011001200000021
:1028EC00000204040404040615C0FF00153FFF0099
:1028FC00153EFF00FFFFFFFFFFFF00000000000080
:10290C000000000000000000FFFFFFFF03060C1892
:08291C00306078004C08002037
:00000001FF
